step,time,pf_lat,pf_lon,pf_alt,t1_lat,t1_lon,t1_alt,t1_yaw,t1_vx,t1_vy,t1_vz,t1_spd,t2_lat,t2_lon,t2_alt,t2_yaw,t2_vx,t2_vy,t2_vz,t2_spd
0,0.0000,32.000000000,126.000000000,0.0000,32.125000000,126.030000000,0.0000,-90.0000,24.261274,17.646263,0.000000,30.000000,32.120000000,126.000000000,300.0000,-180.0000,-62.504408,86.029937,-169.387275,200.000000
1,0.1000,32.000000000,126.000000000,0.0000,32.125000000,126.029968208,0.0000,-90.0000,24.261283,17.646250,0.000000,30.000000,32.119819648,126.000000000,300.0000,-180.0000,-62.504094,86.029505,-169.387610,200.000000
2,0.2000,32.000000000,126.000000000,0.0000,32.125000000,126.029936417,0.0000,-90.0000,24.261293,17.646236,0.000000,30.000000,32.119639296,126.000000000,300.0000,-180.0000,-62.503781,86.029074,-169.387945,200.000000
3,0.3000,32.000000000,126.000000000,0.0000,32.125000000,126.029904625,0.0000,-90.0000,24.261303,17.646223,0.000000,30.000000,32.119458943,126.000000000,300.0000,-180.0000,-62.503467,86.028642,-169.388280,200.000000
4,0.4000,32.000000000,126.000000000,0.0000,32.125000000,126.029872834,0.0000,-90.0000,24.261313,17.646209,0.000000,30.000000,32.119278591,126.000000000,300.0000,-180.0000,-62.503154,86.028211,-169.388614,200.000000
5,0.5000,32.000000000,126.000000000,0.0000,32.125000000,126.029841042,0.0000,-90.0000,24.261323,17.646196,0.000000,30.000000,32.119098239,126.000000000,300.0000,-180.0000,-62.502841,86.027780,-169.388949,200.000000
6,0.6000,32.000000000,126.000000000,0.0000,32.125000000,126.029809251,0.0000,-90.0000,24.261332,17.646182,0.000000,30.000000,32.118917887,126.000000000,300.0000,-180.0000,-62.502527,86.027348,-169.389284,200.000000
7,0.7000,32.000000000,126.000000000,0.0000,32.125000000,126.029777459,0.0000,-90.0000,24.261342,17.646169,0.000000,30.000000,32.118737535,126.000000000,300.0000,-180.0000,-62.502214,86.026917,-169.389618,200.000000
8,0.8000,32.000000000,126.000000000,0.0000,32.125000000,126.029745668,0.0000,-90.0000,24.261352,17.646155,0.000000,30.000000,32.118557182,126.000000000,300.0000,-180.0000,-62.501900,86.026486,-169.389953,200.000000
9,0.9000,32.000000000,126.000000000,0.0000,32.125000000,126.029713876,0.0000,-90.0000,24.261362,17.646142,0.000000,30.000000,32.118376830,126.000000000,300.0000,-180.0000,-62.501587,86.026054,-169.390288,200.000000
10,1.0000,32.000000000,126.000000000,0.0000,32.125000000,126.029682085,0.0000,-90.0000,24.261372,17.646129,0.000000,30.000000,32.118196478,126.000000000,300.0000,-180.0000,-62.501274,86.025623,-169.390623,200.000000
11,1.1000,32.000000000,126.000000000,0.0000,32.125000000,126.029650293,0.0000,-90.0000,24.261381,17.646115,0.000000,30.000000,32.118016126,126.000000000,300.0000,-180.0000,-62.500960,86.025192,-169.390957,200.000000
12,1.2000,32.000000000,126.000000000,0.0000,32.125000000,126.029618501,0.0000,-90.0000,24.261391,17.646102,0.000000,30.000000,32.117835774,126.000000000,300.0000,-180.0000,-62.500647,86.024760,-169.391292,200.000000
13,1.3000,32.000000000,126.000000000,0.0000,32.125000000,126.029586710,0.0000,-90.0000,24.261401,17.646088,0.000000,30.000000,32.117655421,126.000000000,300.0000,-180.0000,-62.500333,86.024329,-169.391627,200.000000
14,1.4000,32.000000000,126.000000000,0.0000,32.125000000,126.029554918,0.0000,-90.0000,24.261411,17.646075,0.000000,30.000000,32.117475069,126.000000000,300.0000,-180.0000,-62.500020,86.023897,-169.391961,200.000000
15,1.5000,32.000000000,126.000000000,0.0000,32.125000000,126.029523127,0.0000,-90.0000,24.261420,17.646061,0.000000,30.000000,32.117294717,126.000000000,300.0000,-180.0000,-62.499707,86.023466,-169.392296,200.000000
16,1.6000,32.000000000,126.000000000,0.0000,32.125000000,126.029491335,0.0000,-90.0000,24.261430,17.646048,0.000000,30.000000,32.117114365,126.000000000,300.0000,-180.0000,-62.499393,86.023035,-169.392631,200.000000
17,1.7000,32.000000000,126.000000000,0.0000,32.125000000,126.029459544,0.0000,-90.0000,24.261440,17.646034,0.000000,30.000000,32.116934012,126.000000000,300.0000,-180.0000,-62.499080,86.022603,-169.392965,200.000000
18,1.8000,32.000000000,126.000000000,0.0000,32.125000000,126.029427752,0.0000,-90.0000,24.261450,17.646021,0.000000,30.000000,32.116753660,126.000000000,300.0000,-180.0000,-62.498766,86.022172,-169.393300,200.000000
19,1.9000,32.000000000,126.000000000,0.0000,32.125000000,126.029395961,0.0000,-90.0000,24.261460,17.646007,0.000000,30.000000,32.116573308,126.000000000,300.0000,-180.0000,-62.498453,86.021741,-169.393635,200.000000
20,2.0000,32.000000000,126.000000000,0.0000,32.125000000,126.029364169,0.0000,-90.0000,24.261469,17.645994,0.000000,30.000000,32.116392956,126.000000000,300.0000,-180.0000,-62.498139,86.021309,-169.393970,200.000000
21,2.1000,32.000000000,126.000000000,0.0000,32.125000000,126.029332378,0.0000,-90.0000,24.261479,17.645980,0.000000,30.000000,32.116212603,126.000000000,300.0000,-180.0000,-62.497826,86.020878,-169.394304,200.000000
22,2.2000,32.000000000,126.000000000,0.0000,32.125000000,126.029300586,0.0000,-90.0000,24.261489,17.645967,0.000000,30.000000,32.116032251,126.000000000,300.0000,-180.0000,-62.497513,86.020446,-169.394639,200.000000
23,2.3000,32.000000000,126.000000000,0.0000,32.125000000,126.029268795,0.0000,-90.0000,24.261499,17.645954,0.000000,30.000000,32.115851899,126.000000000,300.0000,-180.0000,-62.497199,86.020015,-169.394974,200.000000
24,2.4000,32.000000000,126.000000000,0.0000,32.125000000,126.029237003,0.0000,-90.0000,24.261509,17.645940,0.000000,30.000000,32.115671546,126.000000000,300.0000,-180.0000,-62.496886,86.019584,-169.395308,200.000000
25,2.5000,32.000000000,126.000000000,0.0000,32.125000000,126.029205211,0.0000,-90.0000,24.261518,17.645927,0.000000,30.000000,32.115491194,126.000000000,300.0000,-180.0000,-62.496572,86.019152,-169.395643,200.000000
26,2.6000,32.000000000,126.000000000,0.0000,32.125000000,126.029173420,0.0000,-90.0000,24.261528,17.645913,0.000000,30.000000,32.115310842,126.000000000,300.0000,-180.0000,-62.496259,86.018721,-169.395978,200.000000
27,2.7000,32.000000000,126.000000000,0.0000,32.125000000,126.029141628,0.0000,-90.0000,24.261538,17.645900,0.000000,30.000000,32.115130490,126.000000000,300.0000,-180.0000,-62.495946,86.018290,-169.396312,200.000000
28,2.8000,32.000000000,126.000000000,0.0000,32.125000000,126.029109837,0.0000,-90.0000,24.261548,17.645886,0.000000,30.000000,32.114950137,126.000000000,300.0000,-180.0000,-62.495632,86.017858,-169.396647,200.000000
29,2.9000,32.000000000,126.000000000,0.0000,32.125000000,126.029078045,0.0000,-90.0000,24.261558,17.645873,0.000000,30.000000,32.114769821,126.000004263,300.0000,177.6949,-68.952684,81.219528,-169.259905,200.000000
30,3.0000,32.000000000,126.000000000,0.0000,32.125000000,126.029046254,0.0000,-90.0000,24.261567,17.645859,0.000000,30.000000,32.114589797,126.000017043,300.0000,175.3897,-75.298155,76.289742,-168.849232,200.000000
31,3.1000,32.000000000,126.000000000,0.0000,32.125000000,126.029014462,0.0000,-90.0000,24.261577,17.645846,0.000000,30.000000,32.114410357,126.000038321,300.0000,173.0846,-81.521775,71.236478,-168.165289,200.000000
32,3.2000,32.000000000,126.000000000,0.0000,32.125000000,126.028982671,0.0000,-90.0000,24.261587,17.645832,0.000000,30.000000,32.114231789,126.000068062,300.0000,170.7795,-87.613470,66.067913,-167.209182,200.000000
33,3.3000,32.000000000,126.000000000,0.0000,32.125000000,126.028950879,0.0000,-90.0000,24.261597,17.645819,0.000000,30.000000,32.114054385,126.000106218,300.0000,168.4744,-93.563381,60.792412,-165.982458,200.000000
34,3.4000,32.000000000,126.000000000,0.0000,32.125000000,126.028919088,0.0000,-90.0000,24.261606,17.645805,0.000000,30.000000,32.113878430,126.000152726,300.0000,166.1692,-99.361878,55.418513,-164.487099,200.000000
35,3.5000,32.000000000,126.000000000,0.0000,32.125000000,126.028887296,0.0000,-90.0000,24.261616,17.645792,0.000000,30.000000,32.113704209,126.000207512,300.0000,163.8641,-104.999574,49.954911,-162.725525,200.000000
36,3.6000,32.000000000,126.000000000,0.0000,32.125000000,126.028855504,0.0000,-90.0000,24.261626,17.645779,0.000000,30.000000,32.113532005,126.000270487,300.0000,161.5590,-110.467344,44.410450,-160.700584,200.000000
37,3.7000,32.000000000,126.000000000,0.0000,32.125000000,126.028823713,0.0000,-90.0000,24.261636,17.645765,0.000000,30.000000,32.113362096,126.000341550,300.0000,159.2538,-115.756339,38.794103,-158.415554,200.000000
38,3.8000,32.000000000,126.000000000,0.0000,32.125000000,126.028791921,0.0000,-90.0000,24.261646,17.645752,0.000000,30.000000,32.113194757,126.000420584,300.0000,156.9487,-120.857996,33.114958,-155.874130,200.000000
39,3.9000,32.000000000,126.000000000,0.0000,32.125000000,126.028760130,0.0000,-90.0000,24.261655,17.645738,0.000000,30.000000,32.113030259,126.000507462,300.0000,154.6436,-125.764058,27.382208,-153.080424,200.000000
40,4.0000,32.000000000,126.000000000,0.0000,32.125000000,126.028728338,0.0000,-90.0000,24.261665,17.645725,0.000000,30.000000,32.112868868,126.000602044,300.0000,152.3385,-130.466584,21.605131,-150.038958,200.000000
41,4.1000,32.000000000,126.000000000,0.0000,32.125000000,126.028696547,0.0000,-90.0000,24.261675,17.645711,0.000000,30.000000,32.112710845,126.000704176,300.0000,150.0333,-134.957960,15.793076,-146.754651,200.000000
42,4.2000,32.000000000,126.000000000,0.0000,32.125000000,126.028664755,0.0000,-90.0000,24.261685,17.645698,0.000000,30.000000,32.112556447,126.000813692,300.0000,147.7282,-139.230918,9.955451,-143.232819,200.000000
43,4.3000,32.000000000,126.000000000,0.0000,32.125000000,126.028632964,0.0000,-90.0000,24.261695,17.645684,0.000000,30.000000,32.112405922,126.000930417,300.0000,145.4231,-143.278539,4.101703,-139.479161,200.000000
44,4.4000,32.000000000,126.000000000,0.0000,32.125000000,126.028601172,0.0000,-90.0000,24.261704,17.645671,0.000000,30.000000,32.112259515,126.001054161,300.0000,143.1179,-147.094271,-1.758692,-135.499750,200.000000
45,4.5000,32.000000000,126.000000000,0.0000,32.125000000,126.028569381,0.0000,-90.0000,24.261714,17.645657,0.000000,30.000000,32.112117463,126.001184723,300.0000,140.8128,-150.671938,-7.616250,-131.301027,200.000000
46,4.6000,32.000000000,126.000000000,0.0000,32.125000000,126.028537589,0.0000,-90.0000,24.261724,17.645644,0.000000,30.000000,32.111979995,126.001321892,300.0000,138.5077,-154.005748,-13.461490,-126.889787,200.000000
47,4.7000,32.000000000,126.000000000,0.0000,32.125000000,126.028505798,0.0000,-90.0000,24.261734,17.645630,0.000000,30.000000,32.111847333,126.001465446,300.0000,136.2026,-157.090302,-19.284951,-122.273168,200.000000
48,4.8000,32.000000000,126.000000000,0.0000,32.125000000,126.028474006,0.0000,-90.0000,24.261744,17.645617,0.000000,30.000000,32.111719694,126.001615154,300.0000,133.8974,-159.920609,-25.077208,-117.458641,200.000000
49,4.9000,32.000000000,126.000000000,0.0000,32.125000000,126.028442214,0.0000,-90.0000,24.261753,17.645604,0.000000,30.000000,32.111597282,126.001770772,300.0000,131.5923,-162.492086,-30.828884,-112.453999,200.000000
50,5.0000,32.000000000,126.000000000,0.0000,32.125000000,126.028410423,0.0000,-90.0000,24.261763,17.645590,0.000000,30.000000,32.111480297,126.001932048,300.0000,129.2872,-164.800569,-36.530670,-107.267342,200.000000
51,5.1000,32.000000000,126.000000000,0.0000,32.125000000,126.028378631,0.0000,-90.0000,24.261773,17.645577,0.000000,30.000000,32.111368927,126.002098722,300.0000,126.9821,-166.842321,-42.173338,-101.907063,200.000000
52,5.2000,32.000000000,126.000000000,0.0000,32.125000000,126.028346840,0.0000,-90.0000,24.261783,17.645563,0.000000,30.000000,32.111263353,126.002270525,300.0000,124.6769,-168.614037,-47.747753,-96.381838,200.000000
53,5.3000,32.000000000,126.000000000,0.0000,32.125000000,126.028315048,0.0000,-90.0000,24.261793,17.645550,0.000000,30.000000,32.111163746,126.002447177,300.0000,122.3718,-170.112848,-53.244893,-90.700609,200.000000
54,5.4000,32.000000000,126.000000000,0.0000,32.125000000,126.028283257,0.0000,-90.0000,24.261802,17.645536,0.000000,30.000000,32.111070267,126.002628393,300.0000,120.0667,-171.336326,-58.655860,-84.872572,200.000000
55,5.5000,32.000000000,126.000000000,0.0000,32.125000000,126.028251465,0.0000,-90.0000,24.261812,17.645523,0.000000,30.000000,32.110983067,126.002813880,300.0000,117.7615,-172.282491,-63.971895,-78.907160,200.000000
56,5.6000,32.000000000,126.000000000,0.0000,32.125000000,126.028219674,0.0000,-90.0000,24.261822,17.645509,0.000000,30.000000,32.110902287,126.003003337,300.0000,115.4564,-172.949810,-69.184394,-72.814028,200.000000
57,5.7000,32.000000000,126.000000000,0.0000,32.125000000,126.028187882,0.0000,-90.0000,24.261832,17.645496,0.000000,30.000000,32.110828059,126.003196459,300.0000,113.1513,-173.337203,-74.284919,-66.603038,200.000000
58,5.8000,32.000000000,126.000000000,0.0000,32.125000000,126.028156091,0.0000,-90.0000,24.261841,17.645482,0.000000,30.000000,32.110760501,126.003392932,300.0000,110.8462,-173.444042,-79.265215,-60.284243,200.000000
59,5.9000,32.000000000,126.000000000,0.0000,32.125000000,126.028124299,0.0000,-90.0000,24.261851,17.645469,0.000000,30.000000,32.110699724,126.003592438,300.0000,108.5410,-173.270154,-84.117219,-53.867870,200.000000
60,6.0000,32.000000000,126.000000000,0.0000,32.125000000,126.028092507,0.0000,-90.0000,24.261861,17.645455,0.000000,30.000000,32.110645826,126.003794655,300.0000,106.2359,-172.815818,-88.833078,-47.364305,200.000000
61,6.1000,32.000000000,126.000000000,0.0000,32.125000000,126.028060716,0.0000,-90.0000,24.261871,17.645442,0.000000,30.000000,32.110598894,126.003999255,300.0000,103.9308,-172.081770,-93.405158,-40.784075,200.000000
62,6.2000,32.000000000,126.000000000,0.0000,32.125000000,126.028028924,0.0000,-90.0000,24.261881,17.645429,0.000000,30.000000,32.110559004,126.004205907,300.0000,101.6256,-171.069199,-97.826059,-34.137830,200.000000
63,6.3000,32.000000000,126.000000000,0.0000,32.125000000,126.027997133,0.0000,-90.0000,24.261890,17.645415,0.000000,30.000000,32.110526221,126.004414277,300.0000,99.3205,-169.779741,-102.088624,-27.436329,200.000000
64,6.4000,32.000000000,126.000000000,0.0000,32.125000000,126.027965341,0.0000,-90.0000,24.261900,17.645402,0.000000,30.000000,32.110500597,126.004624028,300.0000,97.0154,-168.215485,-106.185955,-20.690418,200.000000
65,6.5000,32.000000000,126.000000000,0.0000,32.125000000,126.027933550,0.0000,-90.0000,24.261910,17.645388,0.000000,30.000000,32.110482175,126.004834820,300.0000,94.7103,-166.378962,-110.111418,-13.911017,200.000000
66,6.6000,32.000000000,126.000000000,0.0000,32.125000000,126.027901758,0.0000,-90.0000,24.261920,17.645375,0.000000,30.000000,32.110470983,126.005046311,300.0000,92.4051,-164.273145,-113.858660,-7.109099,200.000000
67,6.7000,32.000000000,126.000000000,0.0000,32.125000000,126.027869967,0.0000,-90.0000,24.261930,17.645361,0.000000,30.000000,32.110467041,126.005258161,300.0000,90.1000,-161.901441,-117.421616,-0.295674,200.000000
68,6.8000,32.000000000,126.000000000,0.0000,32.125000000,126.027838175,0.0000,-90.0000,24.261939,17.645348,0.000000,30.000000,32.110466726,126.005470060,300.0000,90.1000,-161.901007,-117.422215,-0.295674,200.000000
69,6.9000,32.000000000,126.000000000,0.0000,32.125000000,126.027806384,0.0000,-90.0000,24.261949,17.645334,0.000000,30.000000,32.110466411,126.005681960,300.0000,90.1000,-161.900573,-117.422813,-0.295674,200.000000
70,7.0000,32.000000000,126.000000000,0.0000,32.125000000,126.027774592,0.0000,-90.0000,24.261959,17.645321,0.000000,30.000000,32.110466097,126.005893860,300.0000,90.1000,-161.900139,-117.423412,-0.295674,200.000000
71,7.1000,32.000000000,126.000000000,0.0000,32.125000000,126.027742800,0.0000,-90.0000,24.261969,17.645307,0.000000,30.000000,32.110465782,126.006105760,300.0000,90.1000,-161.899704,-117.424011,-0.295674,200.000000
72,7.2000,32.000000000,126.000000000,0.0000,32.125000000,126.027711009,0.0000,-90.0000,24.261979,17.645294,0.000000,30.000000,32.110465467,126.006317660,300.0000,90.1000,-161.899270,-117.424610,-0.295674,200.000000
73,7.3000,32.000000000,126.000000000,0.0000,32.125000000,126.027679217,0.0000,-90.0000,24.261988,17.645280,0.000000,30.000000,32.110465152,126.006529559,300.0000,90.1000,-161.898836,-117.425208,-0.295674,200.000000
74,7.4000,32.000000000,126.000000000,0.0000,32.125000000,126.027647426,0.0000,-90.0000,24.261998,17.645267,0.000000,30.000000,32.110464838,126.006741459,300.0000,90.1000,-161.898401,-117.425807,-0.295674,200.000000
75,7.5000,32.000000000,126.000000000,0.0000,32.125000000,126.027615634,0.0000,-90.0000,24.262008,17.645254,0.000000,30.000000,32.110464523,126.006953359,300.0000,90.1000,-161.897967,-117.426406,-0.295674,200.000000
76,7.6000,32.000000000,126.000000000,0.0000,32.125000000,126.027583843,0.0000,-90.0000,24.262018,17.645240,0.000000,30.000000,32.110464208,126.007165259,300.0000,90.1000,-161.897533,-117.427005,-0.295674,200.000000
77,7.7000,32.000000000,126.000000000,0.0000,32.125000000,126.027552051,0.0000,-90.0000,24.262028,17.645227,0.000000,30.000000,32.110463893,126.007377158,300.0000,90.1000,-161.897099,-117.427603,-0.295674,200.000000
78,7.8000,32.000000000,126.000000000,0.0000,32.125000000,126.027520260,0.0000,-90.0000,24.262037,17.645213,0.000000,30.000000,32.110463578,126.007589058,300.0000,90.1000,-161.896664,-117.428202,-0.295674,200.000000
79,7.9000,32.000000000,126.000000000,0.0000,32.125000000,126.027488468,0.0000,-90.0000,24.262047,17.645200,0.000000,30.000000,32.110463264,126.007800958,300.0000,90.1000,-161.896230,-117.428801,-0.295674,200.000000
80,8.0000,32.000000000,126.000000000,0.0000,32.125000000,126.027456677,0.0000,-90.0000,24.262057,17.645186,0.000000,30.000000,32.110462949,126.008012857,300.0000,90.1000,-161.895796,-117.429400,-0.295674,200.000000
81,8.1000,32.000000000,126.000000000,0.0000,32.124999558,126.027424889,0.0000,-91.8729,23.942436,18.057416,-0.830367,30.000000,32.110462634,126.008224757,300.0000,90.1000,-161.895361,-117.429998,-0.295674,200.000000
82,8.2000,32.000000000,126.000000000,0.0000,32.124998232,126.027393136,0.0000,-93.7459,23.597233,18.450352,-1.659848,30.000000,32.110462319,126.008436657,300.0000,90.1000,-161.894927,-117.430597,-0.295674,200.000000
83,8.3000,32.000000000,126.000000000,0.0000,32.124996023,126.027361451,0.0000,-95.6188,23.226819,18.823575,-2.487555,30.000000,32.110462005,126.008648557,300.0000,90.1000,-161.894493,-117.431196,-0.295674,200.000000
84,8.4000,32.000000000,126.000000000,0.0000,32.124992935,126.027329867,0.0000,-97.4917,22.831588,19.176685,-3.312604,30.000000,32.110461690,126.008860456,300.0000,90.1000,-161.894059,-117.431795,-0.295674,200.000000
85,8.5000,32.000000000,126.000000000,0.0000,32.124988970,126.027298419,0.0000,-99.3647,22.411962,19.509307,-4.134113,30.000000,32.110461375,126.009072356,300.0000,90.1000,-161.893624,-117.432393,-0.295674,200.000000
86,8.6000,32.000000000,126.000000000,0.0000,32.124984132,126.027267140,0.0000,-101.2376,21.968390,19.821084,-4.951206,30.000000,32.110461060,126.009284256,300.0000,90.1000,-161.893190,-117.432992,-0.295674,200.000000
87,8.7000,32.000000000,126.000000000,0.0000,32.124978426,126.027236063,0.0000,-103.1105,21.501347,20.111684,-5.763009,30.000000,32.110460745,126.009496156,300.0000,90.1000,-161.892756,-117.433591,-0.295674,200.000000
88,8.8000,32.000000000,126.000000000,0.0000,32.124971860,126.027205222,0.0000,-104.9835,21.011330,20.380795,-6.568654,30.000000,32.110460431,126.009708055,300.0000,90.1000,-161.892321,-117.434190,-0.295674,200.000000
89,8.9000,32.000000000,126.000000000,0.0000,32.124964439,126.027174650,0.0000,-106.8564,20.498864,20.628130,-7.367281,30.000000,32.110460116,126.009919955,300.0000,90.1000,-161.891887,-117.434788,-0.295674,200.000000
90,9.0000,32.000000000,126.000000000,0.0000,32.124956172,126.027144379,0.0000,-108.7293,19.964496,20.853425,-8.158037,30.000000,32.110459801,126.010131855,300.0000,90.1000,-161.891453,-117.435387,-0.295674,200.000000
91,9.1000,32.000000000,126.000000000,0.0000,32.124947067,126.027114442,0.0000,-110.6023,19.408797,21.056440,-8.940076,30.000000,32.110459486,126.010343755,300.0000,90.1000,-161.891018,-117.435986,-0.295674,200.000000
92,9.2000,32.000000000,126.000000000,0.0000,32.124937135,126.027084870,0.0000,-112.4752,18.832360,21.236957,-9.712563,30.000000,32.110459171,126.010555654,300.0000,90.1000,-161.890584,-117.436585,-0.295674,200.000000
93,9.3000,32.000000000,126.000000000,0.0000,32.124926386,126.027055696,0.0000,-114.3481,18.235802,21.394783,-10.474673,30.000000,32.110458857,126.010767554,300.0000,90.1000,-161.890150,-117.437183,-0.295674,200.000000
94,9.4000,32.000000000,126.000000000,0.0000,32.124914830,126.027026950,0.0000,-116.2211,17.619760,21.529750,-11.225592,30.000000,32.110458542,126.010979454,300.0000,90.1000,-161.889715,-117.437782,-0.295674,200.000000
95,9.5000,32.000000000,126.000000000,0.0000,32.124902482,126.026998664,0.0000,-118.0940,16.984892,21.641714,-11.964516,30.000000,32.110458227,126.011191354,300.0000,90.1000,-161.889281,-117.438381,-0.295674,200.000000
96,9.6000,32.000000000,126.000000000,0.0000,32.124889353,126.026970866,0.0000,-119.9669,16.331877,21.730555,-12.690658,30.000000,32.110457912,126.011403253,300.0000,90.1000,-161.888847,-117.438979,-0.295674,200.000000
97,9.7000,32.000000000,126.000000000,0.0000,32.124875458,126.026943588,0.0000,-121.8398,15.661411,21.796178,-13.403240,30.000000,32.110457598,126.011615153,300.0000,90.1000,-161.888412,-117.439578,-0.295674,200.000000
98,9.8000,32.000000000,126.000000000,0.0000,32.124860812,126.026916858,0.0000,-123.7128,14.974213,21.838512,-14.101501,30.000000,32.110457283,126.011827053,300.0000,90.1000,-161.887978,-117.440177,-0.295674,200.000000
99,9.9000,32.000000000,126.000000000,0.0000,32.124845431,126.026890705,0.0000,-125.5857,14.271015,21.857514,-14.784696,30.000000,32.110456968,126.012038953,300.0000,90.1000,-161.887544,-117.440776,-0.295674,200.000000
100,10.0000,32.000000000,126.000000000,0.0000,32.124829330,126.026865156,0.0000,-127.4586,13.552568,21.853161,-15.452094,30.000000,32.110456653,126.012250852,300.0000,90.1000,-161.887109,-117.441374,-0.295674,200.000000
101,10.1000,32.000000000,126.000000000,0.0000,32.124812527,126.026840240,0.0000,-129.3316,12.819642,21.825460,-16.102983,30.000000,32.110456338,126.012462752,300.0000,90.1000,-161.886675,-117.441973,-0.295674,200.000000
102,10.2000,32.000000000,126.000000000,0.0000,32.124795040,126.026815982,0.0000,-131.2045,12.073018,21.774440,-16.736667,30.000000,32.110456024,126.012674652,300.0000,90.1000,-161.886241,-117.442572,-0.295674,200.000000
103,10.3000,32.000000000,126.000000000,0.0000,32.124776888,126.026792409,0.0000,-133.0774,11.313495,21.700154,-17.352468,30.000000,32.110455709,126.012886551,300.0000,90.1000,-161.885806,-117.443170,-0.295674,200.000000
104,10.4000,32.000000000,126.000000000,0.0000,32.124758090,126.026769545,0.0000,-134.9504,10.541884,21.602683,-17.949729,30.000000,32.110455394,126.013098451,300.0000,90.1000,-161.885372,-117.443769,-0.295674,200.000000
105,10.5000,32.000000000,126.000000000,0.0000,32.124738977,126.026747046,0.0000,-134.9504,10.541896,21.602674,-17.949733,30.000000,32.110455079,126.013310351,300.0000,90.1000,-161.884938,-117.444368,-0.295674,200.000000
106,10.6000,32.000000000,126.000000000,0.0000,32.124719863,126.026724547,0.0000,-134.9504,10.541908,21.602665,-17.949737,30.000000,32.110454765,126.013522251,300.0000,90.1000,-161.884503,-117.444967,-0.295674,200.000000
107,10.7000,32.000000000,126.000000000,0.0000,32.124700750,126.026702047,0.0000,-134.9504,10.541920,21.602656,-17.949741,30.000000,32.110454450,126.013734150,300.0000,90.1000,-161.884069,-117.445565,-0.295674,200.000000
108,10.8000,32.000000000,126.000000000,0.0000,32.124681636,126.026679548,0.0000,-134.9504,10.541932,21.602647,-17.949744,30.000000,32.110454135,126.013946050,300.0000,90.1000,-161.883635,-117.446164,-0.295674,200.000000
109,10.9000,32.000000000,126.000000000,0.0000,32.124662523,126.026657048,0.0000,-134.9504,10.541944,21.602638,-17.949748,30.000000,32.110453820,126.014157950,300.0000,90.1000,-161.883200,-117.446763,-0.295674,200.000000
110,11.0000,32.000000000,126.000000000,0.0000,32.124643409,126.026634549,0.0000,-134.9504,10.541956,21.602629,-17.949752,30.000000,32.110453505,126.014369850,300.0000,90.1000,-161.882766,-117.447361,-0.295674,200.000000
111,11.1000,32.000000000,126.000000000,0.0000,32.124624295,126.026612050,0.0000,-134.9504,10.541968,21.602620,-17.949756,30.000000,32.110453191,126.014581749,300.0000,90.1000,-161.882331,-117.447960,-0.295674,200.000000
112,11.2000,32.000000000,126.000000000,0.0000,32.124605182,126.026589550,0.0000,-134.9504,10.541980,21.602611,-17.949759,30.000000,32.110452876,126.014793649,300.0000,90.1000,-161.881897,-117.448559,-0.295674,200.000000
113,11.3000,32.000000000,126.000000000,0.0000,32.124586068,126.026567051,0.0000,-134.9504,10.541992,21.602602,-17.949763,30.000000,32.110452561,126.015005549,300.0000,90.1000,-161.881463,-117.449157,-0.295674,200.000000
114,11.4000,32.000000000,126.000000000,0.0000,32.124566955,126.026544551,0.0000,-134.9504,10.542004,21.602593,-17.949767,30.000000,32.110452246,126.015217448,300.0000,90.1000,-161.881028,-117.449756,-0.295674,200.000000
115,11.5000,32.000000000,126.000000000,0.0000,32.124547841,126.026522052,0.0000,-134.9504,10.542016,21.602584,-17.949771,30.000000,32.110451932,126.015429348,300.0000,90.1000,-161.880594,-117.450355,-0.295674,200.000000
116,11.6000,32.000000000,126.000000000,0.0000,32.124528728,126.026499553,0.0000,-134.9504,10.542028,21.602575,-17.949774,30.000000,32.110451617,126.015641248,300.0000,90.1000,-161.880160,-117.450954,-0.295674,200.000000
117,11.7000,32.000000000,126.000000000,0.0000,32.124509614,126.026477053,0.0000,-134.9504,10.542040,21.602566,-17.949778,30.000000,32.110451302,126.015853148,300.0000,90.1000,-161.879725,-117.451552,-0.295674,200.000000
118,11.8000,32.000000000,126.000000000,0.0000,32.124490501,126.026454554,0.0000,-134.9504,10.542052,21.602557,-17.949782,30.000000,32.110450987,126.016065047,300.0000,90.1000,-161.879291,-117.452151,-0.295674,200.000000
119,11.9000,32.000000000,126.000000000,0.0000,32.124471387,126.026432055,0.0000,-134.9504,10.542064,21.602548,-17.949786,30.000000,32.110450672,126.016276947,300.0000,90.1000,-161.878857,-117.452750,-0.295674,200.000000
120,12.0000,32.000000000,126.000000000,0.0000,32.124452274,126.026409555,0.0000,-134.9504,10.542076,21.602539,-17.949789,30.000000,32.110450358,126.016488847,300.0000,90.1000,-161.878422,-117.453348,-0.295674,200.000000
121,12.1000,32.000000000,126.000000000,0.0000,32.124433160,126.026387056,0.0000,-134.9504,10.542088,21.602530,-17.949793,30.000000,32.110450043,126.016700746,300.0000,90.1000,-161.877988,-117.453947,-0.295674,200.000000
122,12.2000,32.000000000,126.000000000,0.0000,32.124414046,126.026364557,0.0000,-134.9504,10.542100,21.602521,-17.949797,30.000000,32.110449728,126.016912646,300.0000,90.1000,-161.877553,-117.454546,-0.295674,200.000000
123,12.3000,32.000000000,126.000000000,0.0000,32.124394933,126.026342057,0.0000,-134.9504,10.542112,21.602512,-17.949801,30.000000,32.110449413,126.017124546,300.0000,90.1000,-161.877119,-117.455144,-0.295674,200.000000
124,12.4000,32.000000000,126.000000000,0.0000,32.124375819,126.026319558,0.0000,-134.9504,10.542124,21.602503,-17.949805,30.000000,32.110449098,126.017336446,300.0000,90.1000,-161.876685,-117.455743,-0.295674,200.000000
125,12.5000,32.000000000,126.000000000,0.0000,32.124356706,126.026297059,0.0000,-134.9504,10.542136,21.602494,-17.949808,30.000000,32.110448784,126.017548345,300.0000,90.1000,-161.876250,-117.456342,-0.295674,200.000000
126,12.6000,32.000000000,126.000000000,0.0000,32.124337592,126.026274559,0.0000,-134.9504,10.542148,21.602485,-17.949812,30.000000,32.110448469,126.017760245,300.0000,90.1000,-161.875816,-117.456940,-0.295674,200.000000
127,12.7000,32.000000000,126.000000000,0.0000,32.124318479,126.026252060,0.0000,-134.9504,10.542160,21.602476,-17.949816,30.000000,32.110448154,126.017972145,300.0000,90.1000,-161.875381,-117.457539,-0.295674,200.000000
128,12.8000,32.000000000,126.000000000,0.0000,32.124299365,126.026229561,0.0000,-134.9504,10.542172,21.602467,-17.949820,30.000000,32.110447839,126.018184044,300.0000,90.1000,-161.874947,-117.458138,-0.295674,200.000000
129,12.9000,32.000000000,126.000000000,0.0000,32.124280252,126.026207061,0.0000,-134.9504,10.542184,21.602458,-17.949823,30.000000,32.110447525,126.018395944,300.0000,90.1000,-161.874513,-117.458736,-0.295674,200.000000
130,13.0000,32.000000000,126.000000000,0.0000,32.124261138,126.026184562,0.0000,-134.9504,10.542196,21.602449,-17.949827,30.000000,32.110447210,126.018607844,300.0000,90.1000,-161.874078,-117.459335,-0.295674,200.000000
131,13.1000,32.000000000,126.000000000,0.0000,32.124242024,126.026162063,0.0000,-134.9504,10.542208,21.602440,-17.949831,30.000000,32.110446895,126.018819744,300.0000,90.1000,-161.873644,-117.459934,-0.295674,200.000000
132,13.2000,32.000000000,126.000000000,0.0000,32.124222911,126.026139564,0.0000,-134.9504,10.542220,21.602431,-17.949835,30.000000,32.110446580,126.019031643,300.0000,90.1000,-161.873209,-117.460532,-0.295674,200.000000
133,13.3000,32.000000000,126.000000000,0.0000,32.124203797,126.026117064,0.0000,-134.9504,10.542232,21.602422,-17.949838,30.000000,32.110446265,126.019243543,300.0000,90.1000,-161.872775,-117.461131,-0.295674,200.000000
134,13.4000,32.000000000,126.000000000,0.0000,32.124184684,126.026094565,0.0000,-134.9504,10.542244,21.602413,-17.949842,30.000000,32.110442323,126.019455392,300.0000,92.4051,-164.244504,-113.899972,-7.109101,200.000000
135,13.5000,32.000000000,126.000000000,0.0000,32.124165570,126.026072066,0.0000,-134.9504,10.542256,21.602404,-17.949846,30.000000,32.110431131,126.019666884,300.0000,94.7103,-166.350445,-110.154495,-13.911025,200.000000
136,13.6000,32.000000000,126.000000000,0.0000,32.124146457,126.026049566,0.0000,-134.9504,10.542268,21.602395,-17.949850,30.000000,32.110412709,126.019877676,300.0000,97.0154,-168.187191,-106.230760,-20.690438,200.000000
137,13.7000,32.000000000,126.000000000,0.0000,32.124127343,126.026027067,0.0000,-134.9504,10.542280,21.602386,-17.949853,30.000000,32.110387085,126.020087426,300.0000,99.3205,-169.751770,-102.135117,-27.436371,200.000000
138,13.8000,32.000000000,126.000000000,0.0000,32.124108230,126.026004568,0.0000,-134.9504,10.542292,21.602377,-17.949857,30.000000,32.110354302,126.020295796,300.0000,101.6256,-171.041649,-97.874194,-34.137907,200.000000
139,13.9000,32.000000000,126.000000000,0.0000,32.124089116,126.025982069,0.0000,-134.9504,10.542304,21.602368,-17.949861,30.000000,32.110314412,126.020502447,300.0000,103.9308,-172.054740,-93.454883,-40.784202,200.000000
140,14.0000,32.000000000,126.000000000,0.0000,32.124070003,126.025959569,0.0000,-134.9504,10.542316,21.602359,-17.949865,30.000000,32.110267480,126.020707047,300.0000,106.2359,-172.789405,-88.884338,-47.364501,200.000000
141,14.1000,32.000000000,126.000000000,0.0000,32.124050889,126.025937070,0.0000,-134.9504,10.542328,21.602350,-17.949868,30.000000,32.110213582,126.020909263,300.0000,108.5410,-173.244454,-84.169953,-53.868157,200.000000
142,14.2000,32.000000000,126.000000000,0.0000,32.124031775,126.025914571,0.0000,-134.9504,10.542340,21.602342,-17.949872,30.000000,32.110152805,126.021108768,300.0000,110.8462,-173.419149,-79.319357,-60.284644,200.000000
143,14.3000,32.000000000,126.000000000,0.0000,32.124012662,126.025892072,0.0000,-134.9504,10.542352,21.602333,-17.949876,30.000000,32.110085248,126.021305239,300.0000,113.1513,-173.313209,-74.340399,-66.603580,200.000000
144,14.4000,32.000000000,126.000000000,0.0000,32.123993548,126.025869572,0.0000,-134.9504,10.542364,21.602324,-17.949880,30.000000,32.110011019,126.021498359,300.0000,115.4564,-172.926803,-69.241135,-72.814739,200.000000
145,14.5000,32.000000000,126.000000000,0.0000,32.123974435,126.025847073,0.0000,-134.9504,10.542376,21.602315,-17.949883,30.000000,32.109930239,126.021687814,300.0000,117.7615,-172.260556,-64.029816,-78.908070,200.000000
146,14.6000,32.000000000,126.000000000,0.0000,32.123955321,126.025824574,0.0000,-134.9504,10.542388,21.602306,-17.949887,30.000000,32.109843039,126.021873299,300.0000,120.0667,-171.315545,-58.714877,-84.873713,200.000000
147,14.7000,32.000000000,126.000000000,0.0000,32.123936208,126.025802075,0.0000,-134.9504,10.542400,21.602297,-17.949891,30.000000,32.109749560,126.022054512,300.0000,122.3718,-170.093300,-53.304915,-90.702014,200.000000
148,14.8000,32.000000000,126.000000000,0.0000,32.123917094,126.025779576,0.0000,-134.9504,10.542412,21.602288,-17.949895,30.000000,32.109649953,126.022231162,300.0000,124.6769,-168.595796,-47.808687,-96.383541,200.000000
149,14.9000,32.000000000,126.000000000,0.0000,32.123897981,126.025757076,0.0000,-134.9504,10.542424,21.602279,-17.949899,30.000000,32.109544379,126.022402961,300.0000,126.9821,-166.825457,-42.235085,-101.909099,200.000000
150,15.0000,32.000000000,126.000000000,0.0000,32.123878867,126.025734577,0.0000,-134.9504,10.542436,21.602270,-17.949902,30.000000,32.109433009,126.022569631,300.0000,129.2872,-164.785146,-36.593128,-107.269747,200.000000
151,15.1000,32.000000000,126.000000000,0.0000,32.123859753,126.025712078,0.0000,-134.9504,10.542448,21.602261,-17.949906,30.000000,32.109316024,126.022730904,300.0000,131.5923,-162.478164,-30.891946,-112.456809,200.000000
152,15.2000,32.000000000,126.000000000,0.0000,32.123840640,126.025689579,0.0000,-134.9504,10.542460,21.602252,-17.949910,30.000000,32.109193613,126.022886518,300.0000,133.8974,-159.908243,-25.140766,-117.461891,200.000000
153,15.3000,32.000000000,126.000000000,0.0000,32.123821526,126.025667080,0.0000,-134.9504,10.542472,21.602243,-17.949914,30.000000,32.109065973,126.023036221,300.0000,136.2026,-157.079540,-19.348892,-122.276893,200.000000
154,15.4000,32.000000000,126.000000000,0.0000,32.123802413,126.025644580,0.0000,-134.9504,10.542484,21.602234,-17.949917,30.000000,32.108933312,126.023179771,300.0000,138.5077,-153.996633,-13.525699,-126.894021,200.000000
155,15.5000,32.000000000,126.000000000,0.0000,32.123783299,126.025622081,0.0000,-134.9504,10.542496,21.602225,-17.949921,30.000000,32.108795843,126.023316935,300.0000,140.8128,-150.664508,-7.680608,-131.305804,200.000000
156,15.6000,32.000000000,126.000000000,0.0000,32.123764186,126.025599582,0.0000,-134.9504,10.542508,21.602216,-17.949925,30.000000,32.108653791,126.023447493,300.0000,143.1179,-147.088558,-1.823079,-135.505102,200.000000
157,15.7000,32.000000000,126.000000000,0.0000,32.123745072,126.025577083,0.0000,-134.9504,10.542520,21.602207,-17.949929,30.000000,32.108507384,126.023571231,300.0000,145.4231,-143.274567,4.037410,-139.485117,200.000000
158,15.8000,32.000000000,126.000000000,0.0000,32.123725959,126.025554584,0.0000,-134.9504,10.542532,21.602198,-17.949932,30.000000,32.108356859,126.023687950,300.0000,147.7282,-139.228707,9.891374,-143.239408,200.000000
159,15.9000,32.000000000,126.000000000,0.0000,32.123707161,126.025531720,0.0000,-133.0774,11.314163,21.699643,-17.352671,30.000000,32.108202460,126.023797462,300.0000,150.0333,-134.957523,15.729340,-146.761898,200.000000
160,16.0000,32.000000000,126.000000000,0.0000,32.123689008,126.025508147,0.0000,-131.2045,12.073705,21.773903,-16.736870,30.000000,32.108044438,126.023899589,300.0000,152.3385,-130.467928,21.541861,-150.046886,200.000000
161,16.1000,32.000000000,126.000000000,0.0000,32.123671522,126.025483890,0.0000,-129.3316,12.820347,21.824897,-16.103184,30.000000,32.107883047,126.023994165,300.0000,154.6436,-125.767184,27.319530,-153.089055,200.000000
162,16.2000,32.000000000,126.000000000,0.0000,32.123654719,126.025458974,0.0000,-127.4586,13.553291,21.852573,-15.452293,30.000000,32.107718548,126.024081039,300.0000,156.9487,-120.862898,33.052997,-155.883479,200.000000
163,16.3000,32.000000000,126.000000000,0.0000,32.123638618,126.025433426,0.0000,-125.5857,14.271754,21.856899,-14.784892,30.000000,32.107551209,126.024160068,300.0000,159.2538,-115.763006,38.732984,-158.425637,200.000000
164,16.4000,32.000000000,126.000000000,0.0000,32.123623236,126.025407273,0.0000,-123.7128,14.974967,21.837871,-14.101692,30.000000,32.107381300,126.024231125,300.0000,161.5590,-110.475760,44.350297,-160.711411,200.000000
165,16.5000,32.000000000,126.000000000,0.0000,32.123608590,126.025380543,0.0000,-121.8398,15.662180,21.795511,-13.403426,30.000000,32.107209096,126.024294096,300.0000,163.8641,-105.009715,49.895846,-162.737101,200.000000
166,16.6000,32.000000000,126.000000000,0.0000,32.123594696,126.025353265,0.0000,-119.9669,16.332659,21.729862,-12.690838,30.000000,32.107034875,126.024348879,300.0000,166.1692,-99.373717,55.360657,-164.499429,200.000000
167,16.7000,32.000000000,126.000000000,0.0000,32.123581567,126.025325468,0.0000,-118.0940,16.985686,21.640995,-11.964689,30.000000,32.106858920,126.024395384,300.0000,168.4744,-93.576884,60.735883,-165.995540,200.000000
168,16.8000,32.000000000,126.000000000,0.0000,32.123569218,126.025297182,0.0000,-116.2211,17.620565,21.529005,-11.225757,30.000000,32.106681515,126.024433536,300.0000,170.7795,-87.628599,66.012827,-167.223011,200.000000
169,16.9000,32.000000000,126.000000000,0.0000,32.123557663,126.025268437,0.0000,-114.3481,18.236617,21.394012,-10.474830,30.000000,32.106502948,126.024463274,300.0000,173.0846,-81.538485,71.182948,-168.179854,200.000000
170,17.0000,32.000000000,126.000000000,0.0000,32.123546914,126.025239263,0.0000,-112.4752,18.833183,21.236160,-9.712711,30.000000,32.106323506,126.024484551,300.0000,175.3897,-75.316399,76.237877,-168.864520,200.000000
171,17.1000,32.000000000,126.000000000,0.0000,32.123536981,126.025209692,0.0000,-110.6023,19.409626,21.055617,-8.940214,30.000000,32.106143482,126.024497330,300.0000,177.6949,-68.972410,81.169433,-169.275898,200.000000
172,17.2000,32.000000000,126.000000000,0.0000,32.123527877,126.025179755,0.0000,-108.7293,19.965330,20.852576,-8.158164,30.000000,32.105963166,126.024501592,300.0000,-180.0000,-62.516783,85.969635,-169.413322,200.000000
173,17.3000,32.000000000,126.000000000,0.0000,32.123519610,126.025149485,0.0000,-106.8564,20.499702,20.627255,-7.367398,30.000000,32.105782814,126.024501592,300.0000,-180.0000,-62.516469,85.969204,-169.413657,200.000000
174,17.4000,32.000000000,126.000000000,0.0000,32.123512189,126.025118913,0.0000,-104.9835,21.012171,20.379894,-6.568759,30.000000,32.105602461,126.024501592,300.0000,-180.0000,-62.516156,85.968772,-169.413991,200.000000
175,17.5000,32.000000000,126.000000000,0.0000,32.123505622,126.025088073,0.0000,-103.1105,21.502188,20.110758,-5.763102,30.000000,32.105422108,126.024501592,300.0000,-180.0000,-62.515842,85.968341,-169.414326,200.000000
176,17.6000,32.000000000,126.000000000,0.0000,32.123499917,126.025056997,0.0000,-101.2376,21.969230,19.820133,-4.951287,30.000000,32.105241756,126.024501592,300.0000,-180.0000,-62.515528,85.967910,-169.414660,200.000000
177,17.7000,32.000000000,126.000000000,0.0000,32.123495079,126.025025718,0.0000,-99.3647,22.412799,19.508331,-4.134181,30.000000,32.105061403,126.024501592,300.0000,-180.0000,-62.515215,85.967479,-169.414995,200.000000
178,17.8000,32.000000000,126.000000000,0.0000,32.123491114,126.024994270,0.0000,-97.4917,22.832420,19.175685,-3.312658,30.000000,32.104881051,126.024501592,300.0000,-180.0000,-62.514901,85.967047,-169.415330,200.000000
179,17.9000,32.000000000,126.000000000,0.0000,32.123488025,126.024962687,0.0000,-95.6188,23.227645,18.822549,-2.487596,30.000000,32.104700698,126.024501592,300.0000,-180.0000,-62.514588,85.966616,-169.415664,200.000000
180,18.0000,32.000000000,126.000000000,0.0000,32.123485817,126.024931002,0.0000,-93.7459,23.598052,18.449302,-1.659875,30.000000,32.104520345,126.024501592,300.0000,-180.0000,-62.514274,85.966185,-169.415999,200.000000
181,18.1000,32.000000000,126.000000000,0.0000,32.123484491,126.024899249,0.0000,-91.8729,23.943245,18.056342,-0.830381,30.000000,32.104339993,126.024501592,300.0000,-180.0000,-62.513960,85.965753,-169.416333,200.000000
182,18.2000,32.000000000,126.000000000,0.0000,32.123484049,126.024867463,0.0000,-90.0000,24.262854,17.644090,0.000000,30.000000,32.104159640,126.024501592,300.0000,-180.0000,-62.513647,85.965322,-169.416668,200.000000
183,18.3000,32.000000000,126.000000000,0.0000,32.123484049,126.024835672,0.0000,-90.0000,24.262864,17.644076,0.000000,30.000000,32.103979288,126.024501592,300.0000,-180.0000,-62.513333,85.964891,-169.417003,200.000000
184,18.4000,32.000000000,126.000000000,0.0000,32.123484049,126.024803881,0.0000,-90.0000,24.262874,17.644063,0.000000,30.000000,32.103798935,126.024501592,300.0000,-180.0000,-62.513019,85.964459,-169.417337,200.000000
185,18.5000,32.000000000,126.000000000,0.0000,32.123484049,126.024772090,0.0000,-90.0000,24.262884,17.644049,0.000000,30.000000,32.103618582,126.024501592,300.0000,-180.0000,-62.512706,85.964028,-169.417672,200.000000
186,18.6000,32.000000000,126.000000000,0.0000,32.123484049,126.024740299,0.0000,-90.0000,24.262893,17.644036,0.000000,30.000000,32.103438230,126.024501592,300.0000,-180.0000,-62.512392,85.963597,-169.418006,200.000000
187,18.7000,32.000000000,126.000000000,0.0000,32.123484049,126.024708508,0.0000,-90.0000,24.262903,17.644022,0.000000,30.000000,32.103257913,126.024497330,300.0000,-177.6949,-55.955579,90.624679,-169.281247,200.000000
188,18.8000,32.000000000,126.000000000,0.0000,32.123484049,126.024676717,0.0000,-90.0000,24.262913,17.644009,0.000000,30.000000,32.103077889,126.024484551,300.0000,-175.3897,-49.308194,95.139103,-168.870522,200.000000
189,18.9000,32.000000000,126.000000000,0.0000,32.123484049,126.024644926,0.0000,-90.0000,24.262923,17.643996,0.000000,30.000000,32.102898448,126.024463276,300.0000,-173.0846,-42.580994,99.499561,-168.186493,200.000000
190,19.0000,32.000000000,126.000000000,0.0000,32.123484049,126.024613135,0.0000,-90.0000,24.262933,17.643982,0.000000,30.000000,32.102719880,126.024433539,300.0000,-170.7795,-35.784868,103.698995,-167.230265,200.000000
191,19.1000,32.000000000,126.000000000,0.0000,32.123484049,126.024581344,0.0000,-90.0000,24.262942,17.643969,0.000000,30.000000,32.102542475,126.024395388,300.0000,-168.4744,-28.930813,107.730608,-166.003386,200.000000
192,19.2000,32.000000000,126.000000000,0.0000,32.123484049,126.024549553,0.0000,-90.0000,24.262952,17.643955,0.000000,30.000000,32.102366520,126.024348885,300.0000,-166.1692,-22.029923,111.587874,-164.507838,200.000000
193,19.3000,32.000000000,126.000000000,0.0000,32.123484049,126.024517761,0.0000,-90.0000,24.262962,17.643942,0.000000,30.000000,32.102192299,126.024294106,300.0000,-163.8641,-15.093365,115.264549,-162.746042,200.000000
194,19.4000,32.000000000,126.000000000,0.0000,32.123484049,126.024485970,0.0000,-90.0000,24.262972,17.643928,0.000000,30.000000,32.102020095,126.024231139,300.0000,-161.5590,-8.132366,118.754681,-160.720846,200.000000
195,19.5000,32.000000000,126.000000000,0.0000,32.123484049,126.024454179,0.0000,-90.0000,24.262982,17.643915,0.000000,30.000000,32.101850185,126.024160085,300.0000,-159.2538,-1.158193,122.052621,-158.435527,200.000000
196,19.6000,32.000000000,126.000000000,0.0000,32.123484049,126.024422388,0.0000,-90.0000,24.262991,17.643901,0.000000,30.000000,32.101682846,126.024081061,300.0000,-156.9487,5.817868,125.153030,-155.893783,200.000000
197,19.7000,32.000000000,126.000000000,0.0000,32.123484049,126.024390597,0.0000,-90.0000,24.263001,17.643888,0.000000,30.000000,32.101518348,126.023994194,300.0000,-154.6436,12.784525,128.050889,-153.099725,200.000000
198,19.8000,32.000000000,126.000000000,0.0000,32.123484049,126.024358806,0.0000,-90.0000,24.263011,17.643874,0.000000,30.000000,32.101356957,126.023899624,300.0000,-152.3385,19.730503,130.741506,-150.057875,200.000000
199,19.9000,32.000000000,126.000000000,0.0000,32.123484049,126.024327015,0.0000,-90.0000,24.263021,17.643861,0.000000,30.000000,32.101198934,126.023797505,300.0000,-150.0333,26.644560,133.220527,-146.773154,200.000000
200,20.0000,32.000000000,126.000000000,0.0000,32.123484049,126.024295224,0.0000,-90.0000,24.263030,17.643847,0.000000,30.000000,32.101044535,126.023688002,300.0000,-147.7282,33.515505,135.483936,-143.250878,200.000000
201,20.1000,32.000000000,126.000000000,0.0000,32.123484049,126.024263433,0.0000,-90.0000,24.263040,17.643834,0.000000,30.000000,32.100894010,126.023571292,300.0000,-145.4231,40.332216,137.528070,-139.496746,200.000000
202,20.2000,32.000000000,126.000000000,0.0000,32.123484049,126.024231642,0.0000,-90.0000,24.263050,17.643821,0.000000,30.000000,32.100747603,126.023447564,300.0000,-143.1179,47.083662,139.349620,-135.516834,200.000000
203,20.3000,32.000000000,126.000000000,0.0000,32.123484049,126.024199851,0.0000,-90.0000,24.263060,17.643807,0.000000,30.000000,32.100605550,126.023317018,300.0000,-140.8128,53.758912,140.945636,-131.317581,200.000000
204,20.4000,32.000000000,126.000000000,0.0000,32.123484049,126.024168060,0.0000,-90.0000,24.263070,17.643794,0.000000,30.000000,32.100468082,126.023179866,300.0000,-138.5077,60.347164,142.313533,-126.905785,200.000000
205,20.5000,32.000000000,126.000000000,0.0000,32.123484049,126.024136269,0.0000,-90.0000,24.263079,17.643780,0.000000,30.000000,32.100335420,126.023036330,300.0000,-136.2026,66.837754,143.451097,-122.288583,200.000000
206,20.6000,32.000000000,126.000000000,0.0000,32.123484049,126.024104478,0.0000,-90.0000,24.263089,17.643767,0.000000,30.000000,32.100207780,126.022886641,300.0000,-133.8974,73.220174,144.356485,-117.473450,200.000000
207,20.7000,32.000000000,126.000000000,0.0000,32.123484049,126.024072687,0.0000,-90.0000,24.263099,17.643753,0.000000,30.000000,32.100085368,126.022731043,300.0000,-131.5923,79.484096,145.028231,-112.468177,200.000000
208,20.8000,32.000000000,126.000000000,0.0000,32.123484049,126.024040896,0.0000,-90.0000,24.263109,17.643740,0.000000,30.000000,32.099968383,126.022569786,300.0000,-129.2872,85.619378,145.465247,-107.280865,200.000000
209,20.9000,32.000000000,126.000000000,0.0000,32.123484049,126.024009105,0.0000,-90.0000,24.263119,17.643726,0.000000,30.000000,32.099857013,126.022403133,300.0000,-126.9821,91.616091,145.666824,-101.919910,200.000000
210,21.0000,32.000000000,126.000000000,0.0000,32.123484049,126.023977314,0.0000,-90.0000,24.263128,17.643713,0.000000,30.000000,32.099751439,126.022231352,300.0000,-124.6769,97.464528,145.632636,-96.393989,200.000000
211,21.1000,32.000000000,126.000000000,0.0000,32.123484049,126.023945523,0.0000,-90.0000,24.263138,17.643699,0.000000,30.000000,32.099651832,126.022054722,300.0000,-122.3718,103.155222,145.362737,-90.712044,200.000000
212,21.2000,32.000000000,126.000000000,0.0000,32.123484049,126.023913732,0.0000,-90.0000,24.263148,17.643686,0.000000,30.000000,32.099558352,126.021873529,300.0000,-120.0667,108.678961,144.857563,-84.883272,200.000000
213,21.3000,32.000000000,126.000000000,0.0000,32.123484049,126.023881941,0.0000,-90.0000,24.263158,17.643672,0.000000,30.000000,32.099471152,126.021688065,300.0000,-117.7615,114.026804,144.117931,-78.917108,200.000000
214,21.4000,32.000000000,126.000000000,0.0000,32.123484049,126.023850150,0.0000,-90.0000,24.263168,17.643659,0.000000,30.000000,32.099390372,126.021498631,300.0000,-115.4564,119.190095,143.145037,-72.823208,200.000000
215,21.5000,32.000000000,126.000000000,0.0000,32.123484049,126.023818359,0.0000,-90.0000,24.263177,17.643646,0.000000,30.000000,32.099316144,126.021305534,300.0000,-113.1513,124.160476,141.940456,-66.611434,200.000000
216,21.6000,32.000000000,126.000000000,0.0000,32.123484049,126.023786568,0.0000,-90.0000,24.263187,17.643632,0.000000,30.000000,32.099248586,126.021109086,300.0000,-110.8462,128.929901,140.506137,-60.291843,200.000000
217,21.7000,32.000000000,126.000000000,0.0000,32.123484049,126.023754777,0.0000,-90.0000,24.263197,17.643619,0.000000,30.000000,32.099187809,126.020909605,300.0000,-108.5410,133.490649,138.844400,-53.874661,200.000000
218,21.8000,32.000000000,126.000000000,0.0000,32.123484049,126.023722986,0.0000,-90.0000,24.263207,17.643605,0.000000,30.000000,32.099133911,126.020707413,300.0000,-106.2359,137.835339,136.957936,-47.370276,200.000000
219,21.9000,32.000000000,126.000000000,0.0000,32.123484049,126.023691195,0.0000,-90.0000,24.263216,17.643592,0.000000,30.000000,32.099086979,126.020502839,300.0000,-103.9308,141.956937,134.849797,-40.789216,200.000000
220,22.0000,32.000000000,126.000000000,0.0000,32.123484049,126.023659404,0.0000,-90.0000,24.263226,17.643578,0.000000,30.000000,32.099047089,126.020296213,300.0000,-101.6256,145.848772,132.523395,-34.142134,200.000000
221,22.1000,32.000000000,126.000000000,0.0000,32.123484049,126.023627613,0.0000,-90.0000,24.263236,17.643565,0.000000,30.000000,32.099014305,126.020087869,300.0000,-99.3205,149.504545,129.982496,-27.439788,200.000000
222,22.2000,32.000000000,126.000000000,0.0000,32.123484049,126.023595822,0.0000,-90.0000,24.263246,17.643551,0.000000,30.000000,32.098988682,126.019878144,300.0000,-97.0154,152.918336,127.231212,-20.693027,200.000000
223,22.3000,32.000000000,126.000000000,0.0000,32.123484049,126.023564031,0.0000,-90.0000,24.263256,17.643538,0.000000,30.000000,32.098970259,126.019667379,300.0000,-94.7103,156.084621,124.273995,-13.912771,200.000000
224,22.4000,32.000000000,126.000000000,0.0000,32.123484049,126.023532240,0.0000,-90.0000,24.263265,17.643524,0.000000,30.000000,32.098959068,126.019455914,300.0000,-92.4051,158.998274,121.115634,-7.109995,200.000000
225,22.5000,32.000000000,126.000000000,0.0000,32.123484049,126.023500449,0.0000,-90.0000,24.263275,17.643511,0.000000,30.000000,32.098955125,126.019244091,300.0000,-90.1000,161.654579,117.761240,-0.295711,200.000000
226,22.6000,32.000000000,126.000000000,0.0000,32.123484049,126.023468658,0.0000,-90.0000,24.263285,17.643497,0.000000,30.000000,32.098954810,126.019032218,300.0000,-90.1000,161.655015,117.760642,-0.295711,200.000000
227,22.7000,32.000000000,126.000000000,0.0000,32.123484049,126.023436867,0.0000,-90.0000,24.263295,17.643484,0.000000,30.000000,32.098954496,126.018820345,300.0000,-90.1000,161.655450,117.760044,-0.295711,200.000000
228,22.8000,32.000000000,126.000000000,0.0000,32.123484049,126.023405076,0.0000,-90.0000,24.263305,17.643470,0.000000,30.000000,32.098954181,126.018608471,300.0000,-90.1000,161.655886,117.759446,-0.295711,200.000000
229,22.9000,32.000000000,126.000000000,0.0000,32.123484049,126.023373285,0.0000,-90.0000,24.263314,17.643457,0.000000,30.000000,32.098953866,126.018396598,300.0000,-90.1000,161.656321,117.758848,-0.295711,200.000000
230,23.0000,32.000000000,126.000000000,0.0000,32.123484049,126.023341494,0.0000,-90.0000,24.263324,17.643444,0.000000,30.000000,32.098953551,126.018184725,300.0000,-90.1000,161.656757,117.758251,-0.295711,200.000000
231,23.1000,32.000000000,126.000000000,0.0000,32.123484049,126.023309703,0.0000,-90.0000,24.263334,17.643430,0.000000,30.000000,32.098953237,126.017972852,300.0000,-90.1000,161.657192,117.757653,-0.295711,200.000000
232,23.2000,32.000000000,126.000000000,0.0000,32.123484049,126.023277912,0.0000,-90.0000,24.263344,17.643417,0.000000,30.000000,32.098952922,126.017760979,300.0000,-90.1000,161.657628,117.757055,-0.295711,200.000000
233,23.3000,32.000000000,126.000000000,0.0000,32.123484049,126.023246121,0.0000,-90.0000,24.263354,17.643403,0.000000,30.000000,32.098952607,126.017549106,300.0000,-90.1000,161.658063,117.756457,-0.295711,200.000000
234,23.4000,32.000000000,126.000000000,0.0000,32.123484049,126.023214330,0.0000,-90.0000,24.263363,17.643390,0.000000,30.000000,32.098952292,126.017337232,300.0000,-90.1000,161.658498,117.755859,-0.295711,200.000000
235,23.5000,32.000000000,126.000000000,0.0000,32.123484049,126.023182539,0.0000,-90.0000,24.263373,17.643376,0.000000,30.000000,32.098951977,126.017125359,300.0000,-90.1000,161.658934,117.755262,-0.295711,200.000000
236,23.6000,32.000000000,126.000000000,0.0000,32.123484049,126.023150748,0.0000,-90.0000,24.263383,17.643363,0.000000,30.000000,32.098951663,126.016913486,300.0000,-90.1000,161.659369,117.754664,-0.295711,200.000000
237,23.7000,32.000000000,126.000000000,0.0000,32.123484049,126.023118957,0.0000,-90.0000,24.263393,17.643349,0.000000,30.000000,32.098951348,126.016701613,300.0000,-90.1000,161.659805,117.754066,-0.295711,200.000000
238,23.8000,32.000000000,126.000000000,0.0000,32.123484049,126.023087166,0.0000,-90.0000,24.263402,17.643336,0.000000,30.000000,32.098951033,126.016489740,300.0000,-90.1000,161.660240,117.753468,-0.295711,200.000000
239,23.9000,32.000000000,126.000000000,0.0000,32.123484049,126.023055375,0.0000,-90.0000,24.263412,17.643322,0.000000,30.000000,32.098950718,126.016277867,300.0000,-90.1000,161.660676,117.752870,-0.295711,200.000000
240,24.0000,32.000000000,126.000000000,0.0000,32.123484049,126.023023584,0.0000,-90.0000,24.263422,17.643309,0.000000,30.000000,32.098950404,126.016065993,300.0000,-90.1000,161.661111,117.752273,-0.295711,200.000000
241,24.1000,32.000000000,126.000000000,0.0000,32.123484049,126.022991793,0.0000,-90.0000,24.263432,17.643295,0.000000,30.000000,32.098950089,126.015854120,300.0000,-90.1000,161.661547,117.751675,-0.295711,200.000000
242,24.2000,32.000000000,126.000000000,0.0000,32.123484049,126.022960002,0.0000,-90.0000,24.263442,17.643282,0.000000,30.000000,32.098949774,126.015642247,300.0000,-90.1000,161.661982,117.751077,-0.295711,200.000000
243,24.3000,32.000000000,126.000000000,0.0000,32.123484049,126.022928211,0.0000,-90.0000,24.263451,17.643269,0.000000,30.000000,32.098949459,126.015430374,300.0000,-90.1000,161.662417,117.750479,-0.295711,200.000000
244,24.4000,32.000000000,126.000000000,0.0000,32.123484049,126.022896420,0.0000,-90.0000,24.263461,17.643255,0.000000,30.000000,32.098949144,126.015218501,300.0000,-90.1000,161.662853,117.749881,-0.295711,200.000000
245,24.5000,32.000000000,126.000000000,0.0000,32.123484049,126.022864629,0.0000,-90.0000,24.263471,17.643242,0.000000,30.000000,32.098948830,126.015006628,300.0000,-90.1000,161.663288,117.749284,-0.295711,200.000000
246,24.6000,32.000000000,126.000000000,0.0000,32.123484049,126.022832838,0.0000,-90.0000,24.263481,17.643228,0.000000,30.000000,32.098948515,126.014794755,300.0000,-90.1000,161.663724,117.748686,-0.295711,200.000000
247,24.7000,32.000000000,126.000000000,0.0000,32.123484049,126.022801047,0.0000,-90.0000,24.263491,17.643215,0.000000,30.000000,32.098948200,126.014582881,300.0000,-90.1000,161.664159,117.748088,-0.295711,200.000000
248,24.8000,32.000000000,126.000000000,0.0000,32.123484049,126.022769256,0.0000,-90.0000,24.263500,17.643201,0.000000,30.000000,32.098947885,126.014371008,300.0000,-90.1000,161.664595,117.747490,-0.295711,200.000000
249,24.9000,32.000000000,126.000000000,0.0000,32.123484049,126.022737465,0.0000,-90.0000,24.263510,17.643188,0.000000,30.000000,32.098947570,126.014159135,300.0000,-90.1000,161.665030,117.746892,-0.295711,200.000000
250,25.0000,32.000000000,126.000000000,0.0000,32.123484049,126.022705674,0.0000,-90.0000,24.263520,17.643174,0.000000,30.000000,32.098947256,126.013947262,300.0000,-90.1000,161.665465,117.746294,-0.295711,200.000000
251,25.1000,32.000000000,126.000000000,0.0000,32.123484049,126.022673883,0.0000,-90.0000,24.263530,17.643161,0.000000,30.000000,32.098946941,126.013735389,300.0000,-90.1000,161.665901,117.745697,-0.295711,200.000000
252,25.2000,32.000000000,126.000000000,0.0000,32.123484049,126.022642092,0.0000,-90.0000,24.263540,17.643147,0.000000,30.000000,32.098946626,126.013523516,300.0000,-90.1000,161.666336,117.745099,-0.295711,200.000000
253,25.3000,32.000000000,126.000000000,0.0000,32.123484049,126.022610300,0.0000,-90.0000,24.263549,17.643134,0.000000,30.000000,32.098946311,126.013311642,300.0000,-90.1000,161.666772,117.744501,-0.295711,200.000000
254,25.4000,32.000000000,126.000000000,0.0000,32.123484049,126.022578509,0.0000,-90.0000,24.263559,17.643120,0.000000,30.000000,32.098945997,126.013099769,300.0000,-90.1000,161.667207,117.743903,-0.295711,200.000000
255,25.5000,32.000000000,126.000000000,0.0000,32.123484049,126.022546718,0.0000,-90.0000,24.263569,17.643107,0.000000,30.000000,32.098945682,126.012887896,300.0000,-90.1000,161.667642,117.743305,-0.295711,200.000000
256,25.6000,32.000000000,126.000000000,0.0000,32.123484049,126.022514927,0.0000,-90.0000,24.263579,17.643094,0.000000,30.000000,32.098945367,126.012676023,300.0000,-90.1000,161.668078,117.742708,-0.295711,200.000000
257,25.7000,32.000000000,126.000000000,0.0000,32.123484049,126.022483136,0.0000,-90.0000,24.263588,17.643080,0.000000,30.000000,32.098945052,126.012464150,300.0000,-90.1000,161.668513,117.742110,-0.295711,200.000000
258,25.8000,32.000000000,126.000000000,0.0000,32.123484049,126.022451345,0.0000,-90.0000,24.263598,17.643067,0.000000,30.000000,32.098944737,126.012252277,300.0000,-90.1000,161.668949,117.741512,-0.295711,200.000000
259,25.9000,32.000000000,126.000000000,0.0000,32.123484049,126.022419554,0.0000,-90.0000,24.263608,17.643053,0.000000,30.000000,32.098944423,126.012040404,300.0000,-90.1000,161.669384,117.740914,-0.295711,200.000000
260,26.0000,32.000000000,126.000000000,0.0000,32.123484049,126.022387763,0.0000,-90.0000,24.263618,17.643040,0.000000,30.000000,32.098944108,126.011828530,300.0000,-90.1000,161.669819,117.740316,-0.295711,200.000000
261,26.1000,32.000000000,126.000000000,0.0000,32.123484049,126.022355972,0.0000,-90.0000,24.263628,17.643026,0.000000,30.000000,32.098943793,126.011616657,300.0000,-90.1000,161.670255,117.739718,-0.295711,200.000000
262,26.2000,32.000000000,126.000000000,0.0000,32.123484049,126.022324181,0.0000,-90.0000,24.263637,17.643013,0.000000,30.000000,32.098943478,126.011404784,300.0000,-90.1000,161.670690,117.739121,-0.295711,200.000000
263,26.3000,32.000000000,126.000000000,0.0000,32.123484049,126.022292390,0.0000,-90.0000,24.263647,17.642999,0.000000,30.000000,32.098943164,126.011192911,300.0000,-90.1000,161.671126,117.738523,-0.295711,200.000000
264,26.4000,32.000000000,126.000000000,0.0000,32.123484049,126.022260599,0.0000,-90.0000,24.263657,17.642986,0.000000,30.000000,32.098942849,126.010981038,300.0000,-90.1000,161.671561,117.737925,-0.295711,200.000000
265,26.5000,32.000000000,126.000000000,0.0000,32.123484049,126.022228808,0.0000,-90.0000,24.263667,17.642972,0.000000,30.000000,32.098942534,126.010769165,300.0000,-90.1000,161.671996,117.737327,-0.295711,200.000000
266,26.6000,32.000000000,126.000000000,0.0000,32.123484049,126.022197017,0.0000,-90.0000,24.263677,17.642959,0.000000,30.000000,32.098942219,126.010557292,300.0000,-90.1000,161.672432,117.736729,-0.295711,200.000000
267,26.7000,32.000000000,126.000000000,0.0000,32.123484049,126.022165226,0.0000,-90.0000,24.263686,17.642945,0.000000,30.000000,32.098941904,126.010345418,300.0000,-90.1000,161.672867,117.736131,-0.295711,200.000000
268,26.8000,32.000000000,126.000000000,0.0000,32.123484049,126.022133435,0.0000,-90.0000,24.263696,17.642932,0.000000,30.000000,32.098941590,126.010133545,300.0000,-90.1000,161.673302,117.735533,-0.295711,200.000000
269,26.9000,32.000000000,126.000000000,0.0000,32.123484049,126.022101644,0.0000,-90.0000,24.263706,17.642919,0.000000,30.000000,32.098941275,126.009921672,300.0000,-90.1000,161.673738,117.734936,-0.295711,200.000000
270,27.0000,32.000000000,126.000000000,0.0000,32.123484049,126.022069853,0.0000,-90.0000,24.263716,17.642905,0.000000,30.000000,32.098940960,126.009709799,300.0000,-90.1000,161.674173,117.734338,-0.295711,200.000000
271,27.1000,32.000000000,126.000000000,0.0000,32.123484049,126.022038062,0.0000,-90.0000,24.263726,17.642892,0.000000,30.000000,32.098940645,126.009497926,300.0000,-90.1000,161.674609,117.733740,-0.295711,200.000000
272,27.2000,32.000000000,126.000000000,0.0000,32.123484049,126.022006271,0.0000,-90.0000,24.263735,17.642878,0.000000,30.000000,32.098940330,126.009286053,300.0000,-90.1000,161.675044,117.733142,-0.295711,200.000000
273,27.3000,32.000000000,126.000000000,0.0000,32.123484049,126.021974480,0.0000,-90.0000,24.263745,17.642865,0.000000,30.000000,32.098940016,126.009074180,300.0000,-90.1000,161.675479,117.732544,-0.295711,200.000000
274,27.4000,32.000000000,126.000000000,0.0000,32.123484049,126.021942689,0.0000,-90.0000,24.263755,17.642851,0.000000,30.000000,32.098939701,126.008862306,300.0000,-90.1000,161.675915,117.731946,-0.295711,200.000000
275,27.5000,32.000000000,126.000000000,0.0000,32.123484049,126.021910898,0.0000,-90.0000,24.263765,17.642838,0.000000,30.000000,32.098939386,126.008650433,300.0000,-90.1000,161.676350,117.731348,-0.295711,200.000000
276,27.6000,32.000000000,126.000000000,0.0000,32.123484049,126.021879107,0.0000,-90.0000,24.263774,17.642824,0.000000,30.000000,32.098939071,126.008438560,300.0000,-90.1000,161.676785,117.730751,-0.295711,200.000000
277,27.7000,32.000000000,126.000000000,0.0000,32.123484049,126.021847316,0.0000,-90.0000,24.263784,17.642811,0.000000,30.000000,32.098938757,126.008226687,300.0000,-90.1000,161.677221,117.730153,-0.295711,200.000000
278,27.8000,32.000000000,126.000000000,0.0000,32.123484049,126.021815525,0.0000,-90.0000,24.263794,17.642797,0.000000,30.000000,32.098938442,126.008014814,300.0000,-90.1000,161.677656,117.729555,-0.295711,200.000000
279,27.9000,32.000000000,126.000000000,0.0000,32.123484049,126.021783734,0.0000,-90.0000,24.263804,17.642784,0.000000,30.000000,32.098938127,126.007802941,300.0000,-90.1000,161.678091,117.728957,-0.295711,200.000000
280,28.0000,32.000000000,126.000000000,0.0000,32.123484049,126.021751943,0.0000,-90.0000,24.263814,17.642770,0.000000,30.000000,32.098937812,126.007591068,300.0000,-90.1000,161.678527,117.728359,-0.295711,200.000000
281,28.1000,32.000000000,126.000000000,0.0000,32.123484049,126.021720152,0.0000,-90.0000,24.263823,17.642757,0.000000,30.000000,32.098937497,126.007379194,300.0000,-90.1000,161.678962,117.727761,-0.295711,200.000000
282,28.2000,32.000000000,126.000000000,0.0000,32.123484049,126.021688361,0.0000,-90.0000,24.263833,17.642744,0.000000,30.000000,32.098937183,126.007167321,300.0000,-90.1000,161.679397,117.727163,-0.295711,200.000000
283,28.3000,32.000000000,126.000000000,0.0000,32.123484049,126.021656570,0.0000,-90.0000,24.263843,17.642730,0.000000,30.000000,32.098936868,126.006955448,300.0000,-90.1000,161.679833,117.726565,-0.295711,200.000000
284,28.4000,32.000000000,126.000000000,0.0000,32.123484049,126.021624779,0.0000,-90.0000,24.263853,17.642717,0.000000,30.000000,32.098936553,126.006743575,300.0000,-90.1000,161.680268,117.725968,-0.295711,200.000000
285,28.5000,32.000000000,126.000000000,0.0000,32.123484049,126.021592988,0.0000,-90.0000,24.263863,17.642703,0.000000,30.000000,32.098936238,126.006531702,300.0000,-90.1000,161.680703,117.725370,-0.295711,200.000000
286,28.6000,32.000000000,126.000000000,0.0000,32.123484049,126.021561197,0.0000,-90.0000,24.263872,17.642690,0.000000,30.000000,32.098935924,126.006319829,300.0000,-90.1000,161.681139,117.724772,-0.295711,200.000000
287,28.7000,32.000000000,126.000000000,0.0000,32.123484049,126.021529406,0.0000,-90.0000,24.263882,17.642676,0.000000,30.000000,32.098935609,126.006107956,300.0000,-90.1000,161.681574,117.724174,-0.295711,200.000000
288,28.8000,32.000000000,126.000000000,0.0000,32.123484049,126.021497615,0.0000,-90.0000,24.263892,17.642663,0.000000,30.000000,32.098935294,126.005896083,300.0000,-90.1000,161.682009,117.723576,-0.295711,200.000000
289,28.9000,32.000000000,126.000000000,0.0000,32.123484049,126.021465824,0.0000,-90.0000,24.263902,17.642649,0.000000,30.000000,32.098934979,126.005684209,300.0000,-90.1000,161.682445,117.722978,-0.295711,200.000000
290,29.0000,32.000000000,126.000000000,0.0000,32.123484049,126.021434033,0.0000,-90.0000,24.263912,17.642636,0.000000,30.000000,32.098934664,126.005472336,300.0000,-90.1000,161.682880,117.722380,-0.295711,200.000000
291,29.1000,32.000000000,126.000000000,0.0000,32.123484049,126.021402242,0.0000,-90.0000,24.263921,17.642622,0.000000,30.000000,32.098934350,126.005260463,300.0000,-90.1000,161.683315,117.721782,-0.295711,200.000000
292,29.2000,32.000000000,126.000000000,0.0000,32.123484049,126.021370451,0.0000,-90.0000,24.263931,17.642609,0.000000,30.000000,32.098934035,126.005048590,300.0000,-90.1000,161.683751,117.721185,-0.295711,200.000000
293,29.3000,32.000000000,126.000000000,0.0000,32.123484049,126.021338660,0.0000,-90.0000,24.263941,17.642595,0.000000,30.000000,32.098933720,126.004836717,300.0000,-90.1000,161.684186,117.720587,-0.295711,200.000000
294,29.4000,32.000000000,126.000000000,0.0000,32.123484049,126.021306869,0.0000,-90.0000,24.263951,17.642582,0.000000,30.000000,32.098933405,126.004624844,300.0000,-90.1000,161.684621,117.719989,-0.295711,200.000000
295,29.5000,32.000000000,126.000000000,0.0000,32.123484049,126.021275078,0.0000,-90.0000,24.263960,17.642568,0.000000,30.000000,32.098933091,126.004412971,300.0000,-90.1000,161.685057,117.719391,-0.295711,200.000000
296,29.6000,32.000000000,126.000000000,0.0000,32.123484049,126.021243287,0.0000,-90.0000,24.263970,17.642555,0.000000,30.000000,32.098932776,126.004201098,300.0000,-90.1000,161.685492,117.718793,-0.295711,200.000000
297,29.7000,32.000000000,126.000000000,0.0000,32.123484049,126.021211496,0.0000,-90.0000,24.263980,17.642542,0.000000,30.000000,32.098932461,126.003989224,300.0000,-90.1000,161.685927,117.718195,-0.295711,200.000000
298,29.8000,32.000000000,126.000000000,0.0000,32.123484049,126.021179705,0.0000,-90.0000,24.263990,17.642528,0.000000,30.000000,32.098932146,126.003777351,300.0000,-90.1000,161.686363,117.717597,-0.295711,200.000000
299,29.9000,32.000000000,126.000000000,0.0000,32.123484049,126.021147914,0.0000,-90.0000,24.264000,17.642515,0.000000,30.000000,32.098931831,126.003565478,300.0000,-90.1000,161.686798,117.716999,-0.295711,200.000000
300,30.0000,32.000000000,126.000000000,0.0000,32.123484049,126.021116123,0.0000,-90.0000,24.264009,17.642501,0.000000,30.000000,32.098931517,126.003353605,300.0000,-90.1000,161.687233,117.716401,-0.295711,200.000000
301,30.1000,32.000000000,126.000000000,0.0000,32.123484049,126.021084332,0.0000,-90.0000,24.264019,17.642488,0.000000,30.000000,32.098931202,126.003141732,300.0000,-90.1000,161.687669,117.715803,-0.295711,200.000000
302,30.2000,32.000000000,126.000000000,0.0000,32.123484049,126.021052541,0.0000,-90.0000,24.264029,17.642474,0.000000,30.000000,32.098930887,126.002929859,300.0000,-90.1000,161.688104,117.715206,-0.295711,200.000000
303,30.3000,32.000000000,126.000000000,0.0000,32.123484049,126.021020750,0.0000,-90.0000,24.264039,17.642461,0.000000,30.000000,32.098930572,126.002717986,300.0000,-90.1000,161.688539,117.714608,-0.295711,200.000000
304,30.4000,32.000000000,126.000000000,0.0000,32.123484049,126.020988959,0.0000,-90.0000,24.264049,17.642447,0.000000,30.000000,32.098930257,126.002506113,300.0000,-90.1000,161.688974,117.714010,-0.295711,200.000000
305,30.5000,32.000000000,126.000000000,0.0000,32.123484049,126.020957168,0.0000,-90.0000,24.264058,17.642434,0.000000,30.000000,32.098929943,126.002294240,300.0000,-90.1000,161.689410,117.713412,-0.295711,200.000000
306,30.6000,32.000000000,126.000000000,0.0000,32.123484049,126.020925377,0.0000,-90.0000,24.264068,17.642420,0.000000,30.000000,32.098929628,126.002082366,300.0000,-90.1000,161.689845,117.712814,-0.295711,200.000000
307,30.7000,32.000000000,126.000000000,0.0000,32.123484049,126.020893586,0.0000,-90.0000,24.264078,17.642407,0.000000,30.000000,32.098929313,126.001870493,300.0000,-90.1000,161.690280,117.712216,-0.295711,200.000000
308,30.8000,32.000000000,126.000000000,0.0000,32.123484049,126.020861795,0.0000,-90.0000,24.264088,17.642393,0.000000,30.000000,32.098928998,126.001658620,300.0000,-90.1000,161.690716,117.711618,-0.295711,200.000000
309,30.9000,32.000000000,126.000000000,0.0000,32.123484049,126.020830004,0.0000,-90.0000,24.264098,17.642380,0.000000,30.000000,32.098928684,126.001446747,300.0000,-90.1000,161.691151,117.711020,-0.295711,200.000000
310,31.0000,32.000000000,126.000000000,0.0000,32.123484049,126.020798213,0.0000,-90.0000,24.264107,17.642367,0.000000,30.000000,32.098928369,126.001234874,300.0000,-90.1000,161.691586,117.710422,-0.295711,200.000000
311,31.1000,32.000000000,126.000000000,0.0000,32.123484049,126.020766422,0.0000,-90.0000,24.264117,17.642353,0.000000,30.000000,32.098928054,126.001023001,300.0000,-90.1000,161.692021,117.709824,-0.295711,200.000000
312,31.2000,32.000000000,126.000000000,0.0000,32.123484049,126.020734630,0.0000,-90.0000,24.264127,17.642340,0.000000,30.000000,32.098927739,126.000811128,300.0000,-90.1000,161.692457,117.709226,-0.295711,200.000000
313,31.3000,32.000000000,126.000000000,0.0000,32.123484049,126.020702839,0.0000,-90.0000,24.264137,17.642326,0.000000,30.000000,32.098927424,126.000599255,300.0000,-90.1000,161.692892,117.708629,-0.295711,200.000000
314,31.4000,32.000000000,126.000000000,0.0000,32.123484049,126.020671048,0.0000,-90.0000,24.264146,17.642313,0.000000,30.000000,32.098927110,126.000387382,300.0000,-90.1000,161.693327,117.708031,-0.295711,200.000000
315,31.5000,32.000000000,126.000000000,0.0000,32.123484049,126.020639257,0.0000,-90.0000,24.264156,17.642299,0.000000,30.000000,32.098926795,126.000175508,300.0000,-90.1000,161.693763,117.707433,-0.295712,200.000000
316,31.6000,32.000000000,126.000000000,0.0000,32.123484049,126.020607466,0.0000,-90.0000,24.264166,17.642286,0.000000,30.000000,32.098926480,125.999963635,300.0000,-90.1000,161.694198,117.706835,-0.295712,200.000000
317,31.7000,32.000000000,126.000000000,0.0000,32.123484049,126.020575675,0.0000,-90.0000,24.264176,17.642272,0.000000,30.000000,32.098926165,125.999751762,300.0000,-90.1000,161.694633,117.706237,-0.295712,200.000000
318,31.8000,32.000000000,126.000000000,0.0000,32.123484049,126.020543884,0.0000,-90.0000,24.264186,17.642259,0.000000,30.000000,32.098925851,125.999539889,300.0000,-90.1000,161.695068,117.705639,-0.295712,200.000000
319,31.9000,32.000000000,126.000000000,0.0000,32.123484049,126.020512093,0.0000,-90.0000,24.264195,17.642245,0.000000,30.000000,32.098925536,125.999328016,300.0000,-90.1000,161.695504,117.705041,-0.295712,200.000000
320,32.0000,32.000000000,126.000000000,0.0000,32.123484049,126.020480302,0.0000,-90.0000,24.264205,17.642232,0.000000,30.000000,32.098925221,125.999116143,300.0000,-90.1000,161.695939,117.704443,-0.295712,200.000000
321,32.1000,32.000000000,126.000000000,0.0000,32.123484049,126.020448511,0.0000,-90.0000,24.264215,17.642218,0.000000,30.000000,32.098924906,125.998904270,300.0000,-90.1000,161.696374,117.703845,-0.295712,200.000000
322,32.2000,32.000000000,126.000000000,0.0000,32.123484049,126.020416720,0.0000,-90.0000,24.264225,17.642205,0.000000,30.000000,32.098924591,125.998692397,300.0000,-90.1000,161.696809,117.703247,-0.295712,200.000000
323,32.3000,32.000000000,126.000000000,0.0000,32.123484049,126.020384929,0.0000,-90.0000,24.264235,17.642192,0.000000,30.000000,32.098924277,125.998480524,300.0000,-90.1000,161.697245,117.702649,-0.295712,200.000000
324,32.4000,32.000000000,126.000000000,0.0000,32.123484049,126.020353138,0.0000,-90.0000,24.264244,17.642178,0.000000,30.000000,32.098923962,125.998268650,300.0000,-90.1000,161.697680,117.702051,-0.295712,200.000000
325,32.5000,32.000000000,126.000000000,0.0000,32.123484049,126.020321347,0.0000,-90.0000,24.264254,17.642165,0.000000,30.000000,32.098923647,125.998056777,300.0000,-90.1000,161.698115,117.701453,-0.295712,200.000000
326,32.6000,32.000000000,126.000000000,0.0000,32.123484049,126.020289556,0.0000,-90.0000,24.264264,17.642151,0.000000,30.000000,32.098923332,125.997844904,300.0000,-90.1000,161.698550,117.700855,-0.295712,200.000000
327,32.7000,32.000000000,126.000000000,0.0000,32.123484049,126.020257765,0.0000,-90.0000,24.264274,17.642138,0.000000,30.000000,32.098923017,125.997633031,300.0000,-90.1000,161.698986,117.700257,-0.295712,200.000000
328,32.8000,32.000000000,126.000000000,0.0000,32.123484049,126.020225974,0.0000,-90.0000,24.264283,17.642124,0.000000,30.000000,32.098922703,125.997421158,300.0000,-90.1000,161.699421,117.699660,-0.295712,200.000000
329,32.9000,32.000000000,126.000000000,0.0000,32.123484049,126.020194183,0.0000,-90.0000,24.264293,17.642111,0.000000,30.000000,32.098922388,125.997209285,300.0000,-90.1000,161.699856,117.699062,-0.295712,200.000000
330,33.0000,32.000000000,126.000000000,0.0000,32.123484049,126.020162392,0.0000,-90.0000,24.264303,17.642097,0.000000,30.000000,32.098922073,125.996997412,300.0000,-90.1000,161.700291,117.698464,-0.295712,200.000000
331,33.1000,32.000000000,126.000000000,0.0000,32.123484049,126.020130601,0.0000,-90.0000,24.264313,17.642084,0.000000,30.000000,32.098921758,125.996785539,300.0000,-90.1000,161.700727,117.697866,-0.295712,200.000000
332,33.2000,32.000000000,126.000000000,0.0000,32.123484049,126.020098810,0.0000,-90.0000,24.264323,17.642070,0.000000,30.000000,32.098921444,125.996573666,300.0000,-90.1000,161.701162,117.697268,-0.295712,200.000000
333,33.3000,32.000000000,126.000000000,0.0000,32.123484049,126.020067019,0.0000,-90.0000,24.264332,17.642057,0.000000,30.000000,32.098921129,125.996361793,300.0000,-90.1000,161.701597,117.696670,-0.295712,200.000000
334,33.4000,32.000000000,126.000000000,0.0000,32.123484049,126.020035228,0.0000,-90.0000,24.264342,17.642043,0.000000,30.000000,32.098920814,125.996149919,300.0000,-90.1000,161.702032,117.696072,-0.295712,200.000000
335,33.5000,32.000000000,126.000000000,0.0000,32.123484049,126.020003437,0.0000,-90.0000,24.264352,17.642030,0.000000,30.000000,32.098920499,125.995938046,300.0000,-90.1000,161.702467,117.695474,-0.295712,200.000000
336,33.6000,32.000000000,126.000000000,0.0000,32.123484049,126.019971646,0.0000,-90.0000,24.264362,17.642016,0.000000,30.000000,32.098920184,125.995726173,300.0000,-90.1000,161.702903,117.694876,-0.295712,200.000000
337,33.7000,32.000000000,126.000000000,0.0000,32.123484049,126.019939855,0.0000,-90.0000,24.264372,17.642003,0.000000,30.000000,32.098919870,125.995514300,300.0000,-90.1000,161.703338,117.694278,-0.295712,200.000000
338,33.8000,32.000000000,126.000000000,0.0000,32.123484049,126.019908064,0.0000,-90.0000,24.264381,17.641990,0.000000,30.000000,32.098919555,125.995302427,300.0000,-90.1000,161.703773,117.693680,-0.295712,200.000000
339,33.9000,32.000000000,126.000000000,0.0000,32.123484049,126.019876273,0.0000,-90.0000,24.264391,17.641976,0.000000,30.000000,32.098919240,125.995090554,300.0000,-90.1000,161.704208,117.693082,-0.295712,200.000000
340,34.0000,32.000000000,126.000000000,0.0000,32.123484049,126.019844482,0.0000,-90.0000,24.264401,17.641963,0.000000,30.000000,32.098918925,125.994878681,300.0000,-90.1000,161.704644,117.692484,-0.295712,200.000000
341,34.1000,32.000000000,126.000000000,0.0000,32.123484049,126.019812691,0.0000,-90.0000,24.264411,17.641949,0.000000,30.000000,32.098918611,125.994666808,300.0000,-90.1000,161.705079,117.691886,-0.295712,200.000000
342,34.2000,32.000000000,126.000000000,0.0000,32.123484049,126.019780900,0.0000,-90.0000,24.264421,17.641936,0.000000,30.000000,32.098918296,125.994454935,300.0000,-90.1000,161.705514,117.691288,-0.295712,200.000000
343,34.3000,32.000000000,126.000000000,0.0000,32.123484049,126.019749109,0.0000,-90.0000,24.264430,17.641922,0.000000,30.000000,32.098917981,125.994243062,300.0000,-90.1000,161.705949,117.690690,-0.295712,200.000000
344,34.4000,32.000000000,126.000000000,0.0000,32.123484049,126.019717318,0.0000,-90.0000,24.264440,17.641909,0.000000,30.000000,32.098917666,125.994031189,300.0000,-90.1000,161.706384,117.690092,-0.295712,200.000000
345,34.5000,32.000000000,126.000000000,0.0000,32.123484049,126.019685527,0.0000,-90.0000,24.264450,17.641895,0.000000,30.000000,32.098917351,125.993819316,300.0000,-90.1000,161.706820,117.689494,-0.295712,200.000000
346,34.6000,32.000000000,126.000000000,0.0000,32.123484049,126.019653736,0.0000,-90.0000,24.264460,17.641882,0.000000,30.000000,32.098917037,125.993607442,300.0000,-90.1000,161.707255,117.688896,-0.295712,200.000000
347,34.7000,32.000000000,126.000000000,0.0000,32.123484049,126.019621945,0.0000,-90.0000,24.264469,17.641868,0.000000,30.000000,32.098916722,125.993395569,300.0000,-90.1000,161.707690,117.688298,-0.295712,200.000000
348,34.8000,32.000000000,126.000000000,0.0000,32.123484049,126.019590154,0.0000,-90.0000,24.264479,17.641855,0.000000,30.000000,32.098916407,125.993183696,300.0000,-90.1000,161.708125,117.687700,-0.295712,200.000000
349,34.9000,32.000000000,126.000000000,0.0000,32.123484049,126.019558363,0.0000,-90.0000,24.264489,17.641841,0.000000,30.000000,32.098916092,125.992971823,300.0000,-90.1000,161.708560,117.687102,-0.295712,200.000000
350,35.0000,32.000000000,126.000000000,0.0000,32.123484049,126.019526572,0.0000,-90.0000,24.264499,17.641828,0.000000,30.000000,32.098915777,125.992759950,300.0000,-90.1000,161.708996,117.686504,-0.295712,200.000000
351,35.1000,32.000000000,126.000000000,0.0000,32.123484049,126.019494781,0.0000,-90.0000,24.264509,17.641815,0.000000,30.000000,32.098915463,125.992548077,300.0000,-90.1000,161.709431,117.685906,-0.295712,200.000000
352,35.2000,32.000000000,126.000000000,0.0000,32.123484049,126.019462990,0.0000,-90.0000,24.264518,17.641801,0.000000,30.000000,32.098915148,125.992336204,300.0000,-90.1000,161.709866,117.685308,-0.295712,200.000000
353,35.3000,32.000000000,126.000000000,0.0000,32.123484049,126.019431199,0.0000,-90.0000,24.264528,17.641788,0.000000,30.000000,32.098914833,125.992124331,300.0000,-90.1000,161.710301,117.684710,-0.295712,200.000000
354,35.4000,32.000000000,126.000000000,0.0000,32.123484049,126.019399408,0.0000,-90.0000,24.264538,17.641774,0.000000,30.000000,32.098914518,125.991912458,300.0000,-90.1000,161.710736,117.684112,-0.295712,200.000000
355,35.5000,32.000000000,126.000000000,0.0000,32.123484049,126.019367617,0.0000,-90.0000,24.264548,17.641761,0.000000,30.000000,32.098914204,125.991700585,300.0000,-90.1000,161.711172,117.683514,-0.295712,200.000000
356,35.6000,32.000000000,126.000000000,0.0000,32.123484049,126.019335826,0.0000,-90.0000,24.264558,17.641747,0.000000,30.000000,32.098913889,125.991488712,300.0000,-90.1000,161.711607,117.682916,-0.295712,200.000000
357,35.7000,32.000000000,126.000000000,0.0000,32.123484049,126.019304035,0.0000,-90.0000,24.264567,17.641734,0.000000,30.000000,32.098913574,125.991276839,300.0000,-90.1000,161.712042,117.682318,-0.295712,200.000000
358,35.8000,32.000000000,126.000000000,0.0000,32.123484049,126.019272244,0.0000,-90.0000,24.264577,17.641720,0.000000,30.000000,32.098913259,125.991064965,300.0000,-90.1000,161.712477,117.681720,-0.295712,200.000000
359,35.9000,32.000000000,126.000000000,0.0000,32.123484049,126.019240453,0.0000,-90.0000,24.264587,17.641707,0.000000,30.000000,32.098912944,125.990853092,300.0000,-90.1000,161.712912,117.681122,-0.295712,200.000000
360,36.0000,32.000000000,126.000000000,0.0000,32.123484049,126.019208662,0.0000,-90.0000,24.264597,17.641693,0.000000,30.000000,32.098912630,125.990641219,300.0000,-90.1000,161.713347,117.680524,-0.295712,200.000000
361,36.1000,32.000000000,126.000000000,0.0000,32.123484049,126.019176871,0.0000,-90.0000,24.264607,17.641680,0.000000,30.000000,32.098912315,125.990429346,300.0000,-90.1000,161.713783,117.679926,-0.295712,200.000000
362,36.2000,32.000000000,126.000000000,0.0000,32.123484049,126.019145080,0.0000,-90.0000,24.264616,17.641666,0.000000,30.000000,32.098912000,125.990217473,300.0000,-90.1000,161.714218,117.679328,-0.295712,200.000000
363,36.3000,32.000000000,126.000000000,0.0000,32.123484049,126.019113289,0.0000,-90.0000,24.264626,17.641653,0.000000,30.000000,32.098908058,125.990005650,300.0000,-92.4051,159.060511,121.033887,-7.109999,200.000000
364,36.4000,32.000000000,126.000000000,0.0000,32.123484049,126.019081498,0.0000,-90.0000,24.264636,17.641640,0.000000,30.000000,32.098896866,125.989794185,300.0000,-94.7103,156.149405,124.192584,-13.912782,200.000000
365,36.5000,32.000000000,126.000000000,0.0000,32.123484049,126.019049707,0.0000,-90.0000,24.264646,17.641626,0.000000,30.000000,32.098878444,125.989583420,300.0000,-97.0154,152.985611,127.150307,-20.693052,200.000000
366,36.6000,32.000000000,126.000000000,0.0000,32.123484049,126.019017916,0.0000,-90.0000,24.264655,17.641613,0.000000,30.000000,32.098852820,125.989373696,300.0000,-99.3205,149.574247,129.902271,-27.439836,200.000000
367,36.7000,32.000000000,126.000000000,0.0000,32.123484049,126.018986125,0.0000,-90.0000,24.264665,17.641599,0.000000,30.000000,32.098820037,125.989165353,300.0000,-101.6256,145.920835,132.444021,-34.142219,200.000000
368,36.8000,32.000000000,126.000000000,0.0000,32.123484049,126.018954334,0.0000,-90.0000,24.264675,17.641586,0.000000,30.000000,32.098780147,125.988958727,300.0000,-103.9308,142.031286,134.771446,-40.789353,200.000000
369,36.9000,32.000000000,126.000000000,0.0000,32.123484049,126.018922543,0.0000,-90.0000,24.264685,17.641572,0.000000,30.000000,32.098733215,125.988754153,300.0000,-106.2359,137.911892,136.880777,-47.370484,200.000000
370,37.0000,32.000000000,126.000000000,0.0000,32.123484049,126.018890752,0.0000,-90.0000,24.264695,17.641559,0.000000,30.000000,32.098679316,125.988551963,300.0000,-108.5410,133.569321,138.768603,-53.874961,200.000000
371,37.1000,32.000000000,126.000000000,0.0000,32.123484049,126.018858961,0.0000,-90.0000,24.264704,17.641545,0.000000,30.000000,32.098618539,125.988352483,300.0000,-110.8462,129.010598,140.431867,-60.292258,200.000000
372,37.2000,32.000000000,126.000000000,0.0000,32.123484049,126.018827169,0.0000,-90.0000,24.264714,17.641532,0.000000,30.000000,32.098550982,125.988156036,300.0000,-113.1513,124.243100,141.867877,-66.611992,200.000000
373,37.3000,32.000000000,126.000000000,0.0000,32.123484049,126.018795378,0.0000,-90.0000,24.264724,17.641518,0.000000,30.000000,32.098476753,125.987962941,300.0000,-115.4564,119.274541,143.074310,-72.823936,200.000000
374,37.4000,32.000000000,126.000000000,0.0000,32.123484049,126.018763587,0.0000,-90.0000,24.264734,17.641505,0.000000,30.000000,32.098395973,125.987773509,300.0000,-117.7615,114.112961,144.049213,-78.918037,200.000000
375,37.5000,32.000000000,126.000000000,0.0000,32.123484049,126.018731796,0.0000,-90.0000,24.264744,17.641491,0.000000,30.000000,32.098308773,125.987588048,300.0000,-120.0667,108.766711,144.791006,-84.884434,200.000000
376,37.6000,32.000000000,126.000000000,0.0000,32.123484049,126.018700005,0.0000,-90.0000,24.264753,17.641478,0.000000,30.000000,32.098215293,125.987406857,300.0000,-122.3718,103.244443,145.298490,-90.713471,200.000000
377,37.7000,32.000000000,126.000000000,0.0000,32.123484049,126.018668214,0.0000,-90.0000,24.264763,17.641464,0.000000,30.000000,32.098115686,125.987230230,300.0000,-124.6769,97.555092,145.570843,-96.395715,200.000000
378,37.8000,32.000000000,126.000000000,0.0000,32.123484049,126.018636423,0.0000,-90.0000,24.264773,17.641451,0.000000,30.000000,32.098010112,125.987058453,300.0000,-126.9821,91.707863,145.607622,-101.921971,200.000000
379,37.9000,32.000000000,126.000000000,0.0000,32.123484049,126.018604632,0.0000,-90.0000,24.264783,17.641438,0.000000,30.000000,32.097898742,125.986891803,300.0000,-129.2872,85.712220,145.408768,-107.283296,200.000000
380,38.0000,32.000000000,126.000000000,0.0000,32.123484049,126.018572841,0.0000,-90.0000,24.264793,17.641424,0.000000,30.000000,32.097781757,125.986730550,300.0000,-131.5923,79.577862,144.974601,-112.471013,200.000000
381,38.1000,32.000000000,126.000000000,0.0000,32.123484049,126.018541050,0.0000,-90.0000,24.264802,17.641411,0.000000,30.000000,32.097659345,125.986574956,300.0000,-133.8974,73.314717,144.305824,-117.476727,200.000000
382,38.2000,32.000000000,126.000000000,0.0000,32.123484049,126.018509259,0.0000,-90.0000,24.264812,17.641397,0.000000,30.000000,32.097531705,125.986425272,300.0000,-136.2026,66.932919,143.403517,-122.292337,200.000000
383,38.3000,32.000000000,126.000000000,0.0000,32.123484049,126.018477468,0.0000,-90.0000,24.264822,17.641384,0.000000,30.000000,32.097399044,125.986281740,300.0000,-138.5077,60.442795,142.269140,-126.910049,200.000000
384,38.4000,32.000000000,126.000000000,0.0000,32.123484049,126.018445677,0.0000,-90.0000,24.264832,17.641370,0.000000,30.000000,32.097261575,125.986144593,300.0000,-140.8128,53.854847,140.904526,-131.322389,200.000000
385,38.5000,32.000000000,126.000000000,0.0000,32.123484049,126.018413886,0.0000,-90.0000,24.264841,17.641357,0.000000,30.000000,32.097119522,125.986014052,300.0000,-143.1179,47.179736,139.311885,-135.522217,200.000000
386,38.6000,32.000000000,126.000000000,0.0000,32.123484049,126.018382095,0.0000,-90.0000,24.264851,17.641343,0.000000,30.000000,32.096973115,125.985890329,300.0000,-145.4231,40.428263,137.493791,-139.502734,200.000000
387,38.7000,32.000000000,126.000000000,0.0000,32.123484049,126.018350304,0.0000,-90.0000,24.264861,17.641330,0.000000,30.000000,32.096822590,125.985773624,300.0000,-147.7282,33.611354,135.453187,-143.257499,200.000000
388,38.8000,32.000000000,126.000000000,0.0000,32.123484049,126.018318513,0.0000,-90.0000,24.264871,17.641316,0.000000,30.000000,32.096668191,125.985664126,300.0000,-150.0333,26.740039,133.193372,-146.780434,200.000000
389,38.9000,32.000000000,126.000000000,0.0000,32.123484049,126.018286722,0.0000,-90.0000,24.264881,17.641303,0.000000,30.000000,32.096510168,125.985562012,300.0000,-152.3385,19.825439,130.718003,-150.065837,200.000000
390,39.0000,32.000000000,126.000000000,0.0000,32.123484049,126.018254931,0.0000,-90.0000,24.264890,17.641289,0.000000,30.000000,32.096348777,125.985467448,300.0000,-154.6436,12.878743,128.031086,-153.108390,200.000000
391,39.1000,32.000000000,126.000000000,0.0000,32.123484049,126.018223140,0.0000,-90.0000,24.264900,17.641276,0.000000,30.000000,32.096184278,125.985380586,300.0000,-156.9487,5.911192,125.136966,-155.903168,200.000000
392,39.2000,32.000000000,126.000000000,0.0000,32.123484049,126.018191349,0.0000,-90.0000,24.264910,17.641263,0.000000,30.000000,32.096016939,125.985301566,300.0000,-159.2538,-1.065937,122.040326,-158.445646,200.000000
393,39.3000,32.000000000,126.000000000,0.0000,32.123484049,126.018159558,0.0000,-90.0000,24.264920,17.641249,0.000000,30.000000,32.095847029,125.985230518,300.0000,-161.5590,-8.041354,118.746177,-160.731708,200.000000
394,39.4000,32.000000000,126.000000000,0.0000,32.123484049,126.018127767,0.0000,-90.0000,24.264930,17.641236,0.000000,30.000000,32.095674825,125.985167555,300.0000,-163.8641,-15.003771,115.259849,-162.757655,200.000000
395,39.5000,32.000000000,126.000000000,0.0000,32.123484049,126.018095976,0.0000,-90.0000,24.264939,17.641222,0.000000,30.000000,32.095500604,125.985112779,300.0000,-166.1692,-21.941919,111.586982,-164.520205,200.000000
396,39.6000,32.000000000,126.000000000,0.0000,32.123484049,126.018064185,0.0000,-90.0000,24.264949,17.641209,0.000000,30.000000,32.095324648,125.985066280,300.0000,-168.4744,-28.844570,107.733519,-166.016504,200.000000
397,39.7000,32.000000000,126.000000000,0.0000,32.123484049,126.018032394,0.0000,-90.0000,24.264959,17.641195,0.000000,30.000000,32.095147243,125.985028132,300.0000,-170.7795,-35.700553,103.705696,-167.244130,200.000000
398,39.8000,32.000000000,126.000000000,0.0000,32.123484049,126.018000603,0.0000,-90.0000,24.264969,17.641182,0.000000,30.000000,32.094968675,125.984998398,300.0000,-173.0846,-42.498772,99.510031,-168.201094,200.000000
399,39.9000,32.000000000,126.000000000,0.0000,32.123484049,126.017968812,0.0000,-90.0000,24.264978,17.641168,0.000000,30.000000,32.094789234,125.984977124,300.0000,-175.3897,-49.228226,95.153312,-168.885846,200.000000
400,40.0000,32.000000000,126.000000000,0.0000,32.123484049,126.017937021,0.0000,-90.0000,24.264988,17.641155,0.000000,30.000000,32.094609209,125.984964346,300.0000,-177.6949,-55.878021,90.642588,-169.297277,200.000000
401,40.1000,32.000000000,126.000000000,0.0000,32.123484049,126.017905230,0.0000,-90.0000,24.264998,17.641141,0.000000,30.000000,32.094428893,125.984960085,300.0000,-180.0000,-62.437398,85.985161,-169.434717,200.000000
402,40.2000,32.000000000,126.000000000,0.0000,32.123484049,126.017873439,0.0000,-90.0000,24.265008,17.641128,0.000000,30.000000,32.094248540,125.984960085,300.0000,-180.0000,-62.437084,85.984729,-169.435052,200.000000
403,40.3000,32.000000000,126.000000000,0.0000,32.123484049,126.017841648,0.0000,-90.0000,24.265018,17.641114,0.000000,30.000000,32.094068187,125.984960085,300.0000,-180.0000,-62.436771,85.984298,-169.435386,200.000000
404,40.4000,32.000000000,126.000000000,0.0000,32.123484049,126.017809857,0.0000,-90.0000,24.265027,17.641101,0.000000,30.000000,32.093887834,125.984960085,300.0000,-180.0000,-62.436458,85.983866,-169.435721,200.000000
405,40.5000,32.000000000,126.000000000,0.0000,32.123484049,126.017778066,0.0000,-90.0000,24.265037,17.641088,0.000000,30.000000,32.093707481,125.984960085,300.0000,-180.0000,-62.436144,85.983435,-169.436055,200.000000
406,40.6000,32.000000000,126.000000000,0.0000,32.123484049,126.017746275,0.0000,-90.0000,24.265047,17.641074,0.000000,30.000000,32.093527128,125.984960085,300.0000,-180.0000,-62.435831,85.983003,-169.436390,200.000000
407,40.7000,32.000000000,126.000000000,0.0000,32.123484049,126.017714484,0.0000,-90.0000,24.265057,17.641061,0.000000,30.000000,32.093346775,125.984960085,300.0000,-180.0000,-62.435517,85.982571,-169.436724,200.000000
408,40.8000,32.000000000,126.000000000,0.0000,32.123484049,126.017682693,0.0000,-90.0000,24.265067,17.641047,0.000000,30.000000,32.093166422,125.984960085,300.0000,-180.0000,-62.435204,85.982140,-169.437059,200.000000
409,40.9000,32.000000000,126.000000000,0.0000,32.123484049,126.017650902,0.0000,-90.0000,24.265076,17.641034,0.000000,30.000000,32.092986069,125.984960085,300.0000,-180.0000,-62.434891,85.981708,-169.437393,200.000000
410,41.0000,32.000000000,126.000000000,0.0000,32.123484049,126.017619111,0.0000,-90.0000,24.265086,17.641020,0.000000,30.000000,32.092805716,125.984960085,300.0000,-180.0000,-62.434577,85.981277,-169.437728,200.000000
411,41.1000,32.000000000,126.000000000,0.0000,32.123484049,126.017587320,0.0000,-90.0000,24.265096,17.641007,0.000000,30.000000,32.092625363,125.984960085,300.0000,-180.0000,-62.434264,85.980845,-169.438062,200.000000
412,41.2000,32.000000000,126.000000000,0.0000,32.123484049,126.017555529,0.0000,-90.0000,24.265106,17.640993,0.000000,30.000000,32.092445010,125.984960085,300.0000,-180.0000,-62.433950,85.980414,-169.438397,200.000000
413,41.3000,32.000000000,126.000000000,0.0000,32.123484049,126.017523738,0.0000,-90.0000,24.265116,17.640980,0.000000,30.000000,32.092264657,125.984960085,300.0000,-180.0000,-62.433637,85.979982,-169.438731,200.000000
414,41.4000,32.000000000,126.000000000,0.0000,32.123484049,126.017491947,0.0000,-90.0000,24.265125,17.640966,0.000000,30.000000,32.092084304,125.984960085,300.0000,-180.0000,-62.433324,85.979550,-169.439066,200.000000
415,41.5000,32.000000000,126.000000000,0.0000,32.123484049,126.017460156,0.0000,-90.0000,24.265135,17.640953,0.000000,30.000000,32.091903952,125.984960085,300.0000,-180.0000,-62.433010,85.979119,-169.439400,200.000000
416,41.6000,32.000000000,126.000000000,0.0000,32.123484049,126.017428365,0.0000,-90.0000,24.265145,17.640939,0.000000,30.000000,32.091723635,125.984964346,300.0000,177.6949,-68.891354,81.182528,-169.302624,200.000000
417,41.7000,32.000000000,126.000000000,0.0000,32.123484049,126.017396574,0.0000,-90.0000,24.265155,17.640926,0.000000,30.000000,32.091543610,125.984977124,300.0000,175.3897,-75.238216,76.254542,-168.891846,200.000000
418,41.8000,32.000000000,126.000000000,0.0000,32.123484049,126.017364783,0.0000,-90.0000,24.265164,17.640912,0.000000,30.000000,32.091364169,125.984998396,300.0000,173.0846,-81.463324,71.203134,-168.207730,200.000000
419,41.9000,32.000000000,126.000000000,0.0000,32.123484049,126.017332992,0.0000,-90.0000,24.265174,17.640899,0.000000,30.000000,32.091185601,125.985028130,300.0000,170.7795,-87.556601,66.036480,-167.251382,200.000000
420,42.0000,32.000000000,126.000000000,0.0000,32.123484491,126.017301205,0.0000,-88.1271,24.558803,17.209755,0.830381,30.000000,32.091008196,125.985066276,300.0000,168.4744,-93.508187,60.762940,-166.024348,200.000000
421,42.1000,32.000000000,126.000000000,0.0000,32.123485817,126.017269452,0.0000,-86.2541,24.826190,16.760223,1.659875,30.000000,32.090832240,125.985112773,300.0000,166.1692,-99.308447,55.391050,-164.528611,200.000000
422,42.2000,32.000000000,126.000000000,0.0000,32.123488025,126.017237767,0.0000,-84.3812,25.067052,16.292783,2.487596,30.000000,32.090658019,125.985167545,300.0000,163.8641,-104.947993,49.929502,-162.766592,200.000000
423,42.3000,32.000000000,126.000000000,0.0000,32.123491114,126.017206184,0.0000,-82.5083,25.281129,15.807935,3.312658,30.000000,32.090485814,125.985230504,300.0000,161.5590,-110.417698,44.387136,-160.741141,200.000000
424,42.4000,32.000000000,126.000000000,0.0000,32.123495079,126.017174736,0.0000,-80.6353,25.468194,15.306195,4.134181,30.000000,32.090315904,125.985301549,300.0000,159.2538,-115.708706,38.772921,-158.455533,200.000000
425,42.5000,32.000000000,126.000000000,0.0000,32.123499917,126.017143458,0.0000,-78.7624,25.628047,14.788102,4.951287,30.000000,32.090148565,125.985380563,300.0000,156.9487,-120.812455,33.095943,-155.913467,200.000000
426,42.6000,32.000000000,126.000000000,0.0000,32.123505622,126.017112382,0.0000,-76.8895,25.760517,14.254208,5.763102,30.000000,32.089984066,125.985467419,300.0000,154.6436,-125.720682,27.365391,-153.119057,200.000000
427,42.7000,32.000000000,126.000000000,0.0000,32.123512189,126.017081541,0.0000,-75.0165,25.865462,13.705083,6.568759,30.000000,32.089822675,125.985561977,300.0000,152.3385,-130.425443,21.590538,-150.076822,200.000000
428,42.8000,32.000000000,126.000000000,0.0000,32.123519610,126.017050970,0.0000,-73.1436,25.942770,13.141315,7.367398,30.000000,32.089664651,125.985664084,300.0000,150.0333,-134.919121,15.780732,-146.791687,200.000000
429,42.9000,32.000000000,126.000000000,0.0000,32.123527877,126.017020699,0.0000,-71.2707,25.992358,12.563505,8.158164,30.000000,32.089510252,125.985773573,300.0000,147.7282,-139.194443,9.945375,-143.268966,200.000000
430,43.0000,32.000000000,126.000000000,0.0000,32.123536981,126.016990762,0.0000,-69.3977,26.014175,11.972272,8.940214,30.000000,32.089359727,125.985890268,300.0000,145.4231,-143.244488,4.093912,-139.514360,200.000000
431,43.1000,32.000000000,126.000000000,0.0000,32.123546914,126.016961191,0.0000,-67.5248,26.008195,11.368246,9.712711,30.000000,32.089213320,125.986013981,300.0000,143.1179,-147.062699,-1.764186,-135.533945,200.000000
432,43.2000,32.000000000,126.000000000,0.0000,32.123557663,126.016932018,0.0000,-65.6519,25.974427,10.752074,10.474830,30.000000,32.089071267,125.986144510,300.0000,140.8128,-150.642896,-7.619438,-131.334162,200.000000
433,43.3000,32.000000000,126.000000000,0.0000,32.123569218,126.016903272,0.0000,-63.7789,25.912905,10.124413,11.225757,30.000000,32.088933798,125.986281645,300.0000,138.5077,-153.979282,-13.462367,-126.921808,200.000000
434,43.4000,32.000000000,126.000000000,0.0000,32.123581567,126.016874986,0.0000,-61.9060,25.823695,9.485935,11.964689,30.000000,32.088801136,125.986425163,300.0000,136.2026,-157.066457,-19.283515,-122.304024,200.000000
435,43.5000,32.000000000,126.000000000,0.0000,32.123594696,126.016847189,0.0000,-60.0331,25.706894,8.837322,12.690838,30.000000,32.088673496,125.986574833,300.0000,133.8974,-159.899422,-25.073461,-117.488282,200.000000
436,43.6000,32.000000000,126.000000000,0.0000,32.123608590,126.016819911,0.0000,-58.1602,25.562625,8.179266,13.403426,30.000000,32.088551084,125.986730412,300.0000,131.5923,-162.473591,-30.822833,-112.482377,200.000000
437,43.7000,32.000000000,126.000000000,0.0000,32.123623236,126.016793182,0.0000,-56.2872,25.391043,7.512470,14.101692,30.000000,32.088434099,125.986891648,300.0000,129.2872,-164.784797,-36.522324,-107.294411,200.000000
438,43.8000,32.000000000,126.000000000,0.0000,32.123638618,126.016767029,0.0000,-54.4143,25.192331,6.837648,14.784892,30.000000,32.088322728,125.987058280,300.0000,126.9821,-166.829297,-42.162711,-101.932779,200.000000
439,43.9000,32.000000000,126.000000000,0.0000,32.123654719,126.016741481,0.0000,-52.5414,24.966702,6.155520,15.452293,30.000000,32.088217154,125.987230039,300.0000,124.6769,-168.603782,-47.734862,-96.406159,200.000000
440,44.0000,32.000000000,126.000000000,0.0000,32.123671522,126.016716564,0.0000,-50.6684,24.714396,5.466815,16.103184,30.000000,32.088117547,125.987406647,300.0000,122.3718,-170.105379,-53.229759,-90.723497,200.000000
441,44.1000,32.000000000,126.000000000,0.0000,32.123689008,126.016692307,0.0000,-48.7955,24.435684,4.772269,16.736870,30.000000,32.088024067,125.987587818,300.0000,120.0667,-171.331655,-58.638507,-84.893990,200.000000
442,44.2000,32.000000000,126.000000000,0.0000,32.123707161,126.016668734,0.0000,-46.9226,24.130862,4.072624,17.352671,30.000000,32.087936867,125.987773258,300.0000,117.7615,-172.280626,-63.952352,-78.927072,200.000000
443,44.3000,32.000000000,126.000000000,0.0000,32.123725959,126.016645871,0.0000,-45.0496,23.800258,3.368628,17.949932,30.000000,32.087856087,125.987962668,300.0000,115.4564,-172.950754,-69.162692,-72.832402,200.000000
444,44.4000,32.000000000,126.000000000,0.0000,32.123745072,126.016623372,0.0000,-45.0496,23.800263,3.368614,17.949929,30.000000,32.087781858,125.988155741,300.0000,113.1513,-173.340954,-74.261094,-66.619845,200.000000
445,44.5000,32.000000000,126.000000000,0.0000,32.123764186,126.016600872,0.0000,-45.0496,23.800268,3.368600,17.949925,30.000000,32.087714300,125.988352165,300.0000,110.8462,-173.450594,-79.239304,-60.299455,200.000000
446,44.6000,32.000000000,126.000000000,0.0000,32.123783299,126.016578373,0.0000,-45.0496,23.800272,3.368586,17.949921,30.000000,32.087653523,125.988551621,300.0000,108.5410,-173.279496,-84.089264,-53.881463,200.000000
447,44.7000,32.000000000,126.000000000,0.0000,32.123802413,126.016555874,0.0000,-45.0496,23.800277,3.368571,17.949917,30.000000,32.087599625,125.988753787,300.0000,106.2359,-172.827935,-88.803125,-47.376257,200.000000
448,44.8000,32.000000000,126.000000000,0.0000,32.123821526,126.016533375,0.0000,-45.0496,23.800282,3.368557,17.949914,30.000000,32.087552693,125.988958336,300.0000,103.9308,-172.096644,-93.373256,-40.794366,200.000000
449,44.9000,32.000000000,126.000000000,0.0000,32.123840640,126.016510876,0.0000,-45.0496,23.800287,3.368543,17.949910,30.000000,32.087512803,125.989164936,300.0000,101.6256,-171.086804,-97.792259,-34.146445,200.000000
450,45.0000,32.000000000,126.000000000,0.0000,32.123859753,126.016488376,0.0000,-45.0496,23.800292,3.368529,17.949906,30.000000,32.087480019,125.989373254,300.0000,99.3205,-169.800050,-102.052982,-27.443252,200.000000
451,45.1000,32.000000000,126.000000000,0.0000,32.123878867,126.016465877,0.0000,-45.0496,23.800297,3.368515,17.949902,30.000000,32.087454396,125.989582952,300.0000,97.0154,-168.238464,-106.148527,-20.695639,200.000000
452,45.2000,32.000000000,126.000000000,0.0000,32.123897981,126.016443378,0.0000,-45.0496,23.800301,3.368500,17.949899,30.000000,32.087435973,125.989793691,300.0000,94.7103,-166.404574,-110.072265,-13.914527,200.000000
453,45.3000,32.000000000,126.000000000,0.0000,32.123917094,126.016420879,0.0000,-45.0496,23.800306,3.368486,17.949895,30.000000,32.087424781,125.990005129,300.0000,92.4051,-164.301349,-113.817846,-7.110893,200.000000
454,45.4000,32.000000000,126.000000000,0.0000,32.123936208,126.016398380,0.0000,-45.0496,23.800311,3.368472,17.949891,30.000000,32.087420839,125.990216925,300.0000,90.1000,-161.932191,-117.379206,-0.295749,200.000000
455,45.5000,32.000000000,126.000000000,0.0000,32.123955321,126.016375880,0.0000,-45.0496,23.800316,3.368458,17.949887,30.000000,32.087420524,125.990428772,300.0000,90.1000,-161.931757,-117.379804,-0.295749,200.000000
456,45.6000,32.000000000,126.000000000,0.0000,32.123974435,126.016353381,0.0000,-45.0496,23.800321,3.368444,17.949883,30.000000,32.087420209,125.990640619,300.0000,90.1000,-161.931323,-117.380403,-0.295749,200.000000
457,45.7000,32.000000000,126.000000000,0.0000,32.123993548,126.016330882,0.0000,-45.0496,23.800326,3.368429,17.949880,30.000000,32.087419895,125.990852465,300.0000,90.1000,-161.930889,-117.381002,-0.295749,200.000000
458,45.8000,32.000000000,126.000000000,0.0000,32.124012662,126.016308383,0.0000,-45.0496,23.800330,3.368415,17.949876,30.000000,32.087419580,125.991064312,300.0000,90.1000,-161.930455,-117.381601,-0.295749,200.000000
459,45.9000,32.000000000,126.000000000,0.0000,32.124031775,126.016285883,0.0000,-45.0496,23.800335,3.368401,17.949872,30.000000,32.087419265,125.991276158,300.0000,90.1000,-161.930021,-117.382199,-0.295749,200.000000
460,46.0000,32.000000000,126.000000000,0.0000,32.124050889,126.016263384,0.0000,-45.0496,23.800340,3.368387,17.949868,30.000000,32.087418950,125.991488005,300.0000,90.1000,-161.929587,-117.382798,-0.295749,200.000000
461,46.1000,32.000000000,126.000000000,0.0000,32.124070003,126.016240885,0.0000,-45.0496,23.800345,3.368373,17.949865,30.000000,32.087418635,125.991699851,300.0000,90.1000,-161.929153,-117.383397,-0.295749,200.000000
462,46.2000,32.000000000,126.000000000,0.0000,32.124089116,126.016218386,0.0000,-45.0496,23.800350,3.368359,17.949861,30.000000,32.087418321,125.991911698,300.0000,90.1000,-161.928719,-117.383996,-0.295749,200.000000
463,46.3000,32.000000000,126.000000000,0.0000,32.124108230,126.016195886,0.0000,-45.0496,23.800355,3.368344,17.949857,30.000000,32.087418006,125.992123544,300.0000,90.1000,-161.928285,-117.384594,-0.295749,200.000000
464,46.4000,32.000000000,126.000000000,0.0000,32.124127343,126.016173387,0.0000,-45.0496,23.800360,3.368330,17.949853,30.000000,32.087417691,125.992335391,300.0000,90.1000,-161.927851,-117.385193,-0.295749,200.000000
465,46.5000,32.000000000,126.000000000,0.0000,32.124146457,126.016150888,0.0000,-45.0496,23.800364,3.368316,17.949850,30.000000,32.087417376,125.992547237,300.0000,90.1000,-161.927417,-117.385792,-0.295749,200.000000
466,46.6000,32.000000000,126.000000000,0.0000,32.124165570,126.016128389,0.0000,-45.0496,23.800369,3.368302,17.949846,30.000000,32.087417062,125.992759084,300.0000,90.1000,-161.926983,-117.386390,-0.295749,200.000000
467,46.7000,32.000000000,126.000000000,0.0000,32.124184684,126.016105889,0.0000,-45.0496,23.800374,3.368288,17.949842,30.000000,32.087416747,125.992970931,300.0000,90.1000,-161.926549,-117.386989,-0.295749,200.000000
468,46.8000,32.000000000,126.000000000,0.0000,32.124203797,126.016083390,0.0000,-45.0496,23.800379,3.368273,17.949838,30.000000,32.087416432,125.993182777,300.0000,90.1000,-161.926115,-117.387588,-0.295749,200.000000
469,46.9000,32.000000000,126.000000000,0.0000,32.124222911,126.016060891,0.0000,-45.0496,23.800384,3.368259,17.949835,30.000000,32.087416117,125.993394624,300.0000,90.1000,-161.925681,-117.388187,-0.295749,200.000000
470,47.0000,32.000000000,126.000000000,0.0000,32.124242024,126.016038392,0.0000,-45.0496,23.800389,3.368245,17.949831,30.000000,32.087415802,125.993606470,300.0000,90.1000,-161.925247,-117.388785,-0.295749,200.000000
471,47.1000,32.000000000,126.000000000,0.0000,32.124261138,126.016015892,0.0000,-45.0496,23.800393,3.368231,17.949827,30.000000,32.087415488,125.993818317,300.0000,90.1000,-161.924813,-117.389384,-0.295749,200.000000
472,47.2000,32.000000000,126.000000000,0.0000,32.124280252,126.015993393,0.0000,-45.0496,23.800398,3.368217,17.949823,30.000000,32.087415173,125.994030163,300.0000,90.1000,-161.924379,-117.389983,-0.295749,200.000000
473,47.3000,32.000000000,126.000000000,0.0000,32.124299365,126.015970894,0.0000,-45.0496,23.800403,3.368202,17.949820,30.000000,32.087414858,125.994242010,300.0000,90.1000,-161.923945,-117.390581,-0.295749,200.000000
474,47.4000,32.000000000,126.000000000,0.0000,32.124318479,126.015948394,0.0000,-45.0496,23.800408,3.368188,17.949816,30.000000,32.087414543,125.994453856,300.0000,90.1000,-161.923511,-117.391180,-0.295749,200.000000
475,47.5000,32.000000000,126.000000000,0.0000,32.124337592,126.015925895,0.0000,-45.0496,23.800413,3.368174,17.949812,30.000000,32.087414229,125.994665703,300.0000,90.1000,-161.923077,-117.391779,-0.295749,200.000000
476,47.6000,32.000000000,126.000000000,0.0000,32.124356706,126.015903396,0.0000,-45.0496,23.800418,3.368160,17.949808,30.000000,32.087413914,125.994877549,300.0000,90.1000,-161.922643,-117.392377,-0.295749,200.000000
477,47.7000,32.000000000,126.000000000,0.0000,32.124375819,126.015880896,0.0000,-45.0496,23.800423,3.368146,17.949805,30.000000,32.087413599,125.995089396,300.0000,90.1000,-161.922209,-117.392976,-0.295749,200.000000
478,47.8000,32.000000000,126.000000000,0.0000,32.124394933,126.015858397,0.0000,-45.0496,23.800427,3.368131,17.949801,30.000000,32.087413284,125.995301243,300.0000,90.1000,-161.921775,-117.393575,-0.295749,200.000000
479,47.9000,32.000000000,126.000000000,0.0000,32.124414046,126.015835898,0.0000,-45.0496,23.800432,3.368117,17.949797,30.000000,32.087412969,125.995513089,300.0000,90.1000,-161.921341,-117.394174,-0.295749,200.000000
480,48.0000,32.000000000,126.000000000,0.0000,32.124433160,126.015813398,0.0000,-45.0496,23.800437,3.368103,17.949793,30.000000,32.087412655,125.995724936,300.0000,90.1000,-161.920907,-117.394772,-0.295749,200.000000
481,48.1000,32.000000000,126.000000000,0.0000,32.124452274,126.015790899,0.0000,-45.0496,23.800442,3.368089,17.949789,30.000000,32.087412340,125.995936782,300.0000,90.1000,-161.920472,-117.395371,-0.295749,200.000000
482,48.2000,32.000000000,126.000000000,0.0000,32.124471387,126.015768400,0.0000,-45.0496,23.800447,3.368075,17.949786,30.000000,32.087412025,125.996148629,300.0000,90.1000,-161.920038,-117.395970,-0.295749,200.000000
483,48.3000,32.000000000,126.000000000,0.0000,32.124490501,126.015745900,0.0000,-45.0496,23.800452,3.368061,17.949782,30.000000,32.087411710,125.996360475,300.0000,90.1000,-161.919604,-117.396568,-0.295749,200.000000
484,48.4000,32.000000000,126.000000000,0.0000,32.124509614,126.015723401,0.0000,-45.0496,23.800456,3.368046,17.949778,30.000000,32.087411395,125.996572322,300.0000,90.1000,-161.919170,-117.397167,-0.295749,200.000000
485,48.5000,32.000000000,126.000000000,0.0000,32.124528728,126.015700902,0.0000,-45.0496,23.800461,3.368032,17.949774,30.000000,32.087411081,125.996784168,300.0000,90.1000,-161.918736,-117.397766,-0.295749,200.000000
486,48.6000,32.000000000,126.000000000,0.0000,32.124547841,126.015678402,0.0000,-45.0496,23.800466,3.368018,17.949771,30.000000,32.087410766,125.996996015,300.0000,90.1000,-161.918302,-117.398364,-0.295749,200.000000
487,48.7000,32.000000000,126.000000000,0.0000,32.124566955,126.015655903,0.0000,-45.0496,23.800471,3.368004,17.949767,30.000000,32.087410451,125.997207861,300.0000,90.1000,-161.917868,-117.398963,-0.295749,200.000000
488,48.8000,32.000000000,126.000000000,0.0000,32.124586068,126.015633404,0.0000,-45.0496,23.800476,3.367990,17.949763,30.000000,32.087410136,125.997419708,300.0000,90.1000,-161.917434,-117.399562,-0.295749,200.000000
489,48.9000,32.000000000,126.000000000,0.0000,32.124605182,126.015610904,0.0000,-45.0496,23.800481,3.367975,17.949759,30.000000,32.087409822,125.997631554,300.0000,90.1000,-161.917000,-117.400160,-0.295749,200.000000
490,49.0000,32.000000000,126.000000000,0.0000,32.124624295,126.015588405,0.0000,-45.0496,23.800485,3.367961,17.949756,30.000000,32.087409507,125.997843401,300.0000,90.1000,-161.916566,-117.400759,-0.295749,200.000000
491,49.1000,32.000000000,126.000000000,0.0000,32.124643409,126.015565905,0.0000,-45.0496,23.800490,3.367947,17.949752,30.000000,32.087409192,125.998055247,300.0000,90.1000,-161.916132,-117.401358,-0.295749,200.000000
492,49.2000,32.000000000,126.000000000,0.0000,32.124662523,126.015543406,0.0000,-45.0496,23.800495,3.367933,17.949748,30.000000,32.087408877,125.998267094,300.0000,90.1000,-161.915698,-117.401956,-0.295749,200.000000
493,49.3000,32.000000000,126.000000000,0.0000,32.124681636,126.015520907,0.0000,-45.0496,23.800500,3.367919,17.949744,30.000000,32.087408562,125.998478941,300.0000,90.1000,-161.915264,-117.402555,-0.295749,200.000000
494,49.4000,32.000000000,126.000000000,0.0000,32.124700750,126.015498407,0.0000,-45.0496,23.800505,3.367904,17.949741,30.000000,32.087408248,125.998690787,300.0000,90.1000,-161.914830,-117.403154,-0.295749,200.000000
495,49.5000,32.000000000,126.000000000,0.0000,32.124719863,126.015475908,0.0000,-45.0496,23.800510,3.367890,17.949737,30.000000,32.087407933,125.998902634,300.0000,90.1000,-161.914395,-117.403752,-0.295749,200.000000
496,49.6000,32.000000000,126.000000000,0.0000,32.124738977,126.015453408,0.0000,-45.0496,23.800515,3.367876,17.949733,30.000000,32.087407618,125.999114480,300.0000,90.1000,-161.913961,-117.404351,-0.295749,200.000000
497,49.7000,32.000000000,126.000000000,0.0000,32.124758090,126.015430909,0.0000,-45.0496,23.800519,3.367862,17.949729,30.000000,32.087407303,125.999326327,300.0000,90.1000,-161.913527,-117.404950,-0.295749,200.000000
498,49.8000,32.000000000,126.000000000,0.0000,32.124776888,126.015408045,0.0000,-46.9226,24.131143,4.071831,17.352468,30.000000,32.087406989,125.999538173,300.0000,90.1000,-161.913093,-117.405548,-0.295749,200.000000
499,49.9000,32.000000000,126.000000000,0.0000,32.124795040,126.015384472,0.0000,-48.7955,24.435983,4.771450,16.736667,30.000000,32.087406674,125.999750020,300.0000,90.1000,-161.912659,-117.406147,-0.295749,200.000000
500,50.0000,32.000000000,126.000000000,0.0000,32.124812527,126.015360214,0.0000,-50.6684,24.714714,5.465971,16.102983,30.000000,32.087406359,125.999961866,300.0000,90.1000,-161.912225,-117.406746,-0.295749,200.000000
501,50.1000,32.000000000,126.000000000,0.0000,32.124829330,126.015335298,0.0000,-52.5414,24.967039,6.154651,15.452094,30.000000,32.087406044,126.000173713,300.0000,90.1000,-161.911791,-117.407344,-0.295749,200.000000
502,50.2000,32.000000000,126.000000000,0.0000,32.124845431,126.015309749,0.0000,-54.4143,25.192688,6.836755,14.784696,30.000000,32.087405729,126.000385559,300.0000,90.1000,-161.911357,-117.407943,-0.295749,200.000000
503,50.3000,32.000000000,126.000000000,0.0000,32.124860812,126.015283596,0.0000,-56.2872,25.391420,7.511555,14.101501,30.000000,32.087405415,126.000597406,300.0000,90.1000,-161.910923,-117.408542,-0.295749,200.000000
504,50.4000,32.000000000,126.000000000,0.0000,32.124875458,126.015256866,0.0000,-58.1602,25.563022,8.178328,13.403240,30.000000,32.087405100,126.000809252,300.0000,90.1000,-161.910489,-117.409140,-0.295749,200.000000
505,50.5000,32.000000000,126.000000000,0.0000,32.124889353,126.015229588,0.0000,-60.0331,25.707312,8.836364,12.690658,30.000000,32.087404785,126.001021099,300.0000,90.1000,-161.910054,-117.409739,-0.295749,200.000000
506,50.6000,32.000000000,126.000000000,0.0000,32.124902482,126.015201791,0.0000,-61.9060,25.824135,9.484958,11.964516,30.000000,32.087404470,126.001232945,300.0000,90.1000,-161.909620,-117.410338,-0.295749,200.000000
507,50.7000,32.000000000,126.000000000,0.0000,32.124914830,126.015173504,0.0000,-63.7789,25.913365,10.123418,11.225592,30.000000,32.087404155,126.001444792,300.0000,90.1000,-161.909186,-117.410936,-0.295749,200.000000
508,50.8000,32.000000000,126.000000000,0.0000,32.124926386,126.015144758,0.0000,-65.6519,25.974909,10.751061,10.474673,30.000000,32.087403841,126.001656638,300.0000,90.1000,-161.908752,-117.411535,-0.295749,200.000000
509,50.9000,32.000000000,126.000000000,0.0000,32.124937135,126.015115584,0.0000,-67.5248,26.008700,11.367218,9.712563,30.000000,32.087403526,126.001868485,300.0000,90.1000,-161.908318,-117.412134,-0.295749,200.000000
510,51.0000,32.000000000,126.000000000,0.0000,32.124947067,126.015086013,0.0000,-69.3977,26.014702,11.971229,8.940076,30.000000,32.087403211,126.002080331,300.0000,90.1000,-161.907884,-117.412732,-0.295749,200.000000
511,51.1000,32.000000000,126.000000000,0.0000,32.124956172,126.015056075,0.0000,-71.2707,25.992909,12.562449,8.158037,30.000000,32.087402896,126.002292178,300.0000,90.1000,-161.907450,-117.413331,-0.295749,200.000000
512,51.2000,32.000000000,126.000000000,0.0000,32.124964439,126.015025805,0.0000,-73.1436,25.943344,13.140247,7.367281,30.000000,32.087402582,126.002504024,300.0000,90.1000,-161.907016,-117.413930,-0.295749,200.000000
513,51.3000,32.000000000,126.000000000,0.0000,32.124971860,126.014995232,0.0000,-75.0165,25.866059,13.704006,6.568654,30.000000,32.087402267,126.002715871,300.0000,90.1000,-161.906581,-117.414528,-0.295749,200.000000
514,51.4000,32.000000000,126.000000000,0.0000,32.124978426,126.014964391,0.0000,-76.8895,25.761138,14.253122,5.763009,30.000000,32.087401952,126.002927717,300.0000,90.1000,-161.906147,-117.415127,-0.295749,200.000000
515,51.5000,32.000000000,126.000000000,0.0000,32.124984132,126.014933315,0.0000,-78.7624,25.628693,14.787010,4.951206,30.000000,32.087401637,126.003139564,300.0000,90.1000,-161.905713,-117.415725,-0.295749,200.000000
516,51.6000,32.000000000,126.000000000,0.0000,32.124988970,126.014902036,0.0000,-80.6353,25.468865,15.305098,4.134113,30.000000,32.087401322,126.003351410,300.0000,90.1000,-161.905279,-117.416324,-0.295749,200.000000
517,51.7000,32.000000000,126.000000000,0.0000,32.124992935,126.014870588,0.0000,-82.5083,25.281825,15.806834,3.312604,30.000000,32.087401008,126.003563257,300.0000,90.1000,-161.904845,-117.416923,-0.295749,200.000000
518,51.8000,32.000000000,126.000000000,0.0000,32.124996023,126.014839004,0.0000,-84.3812,25.067772,16.291681,2.487555,30.000000,32.087400693,126.003775103,300.0000,90.1000,-161.904411,-117.417521,-0.295749,200.000000
519,51.9000,32.000000000,126.000000000,0.0000,32.124998232,126.014807318,0.0000,-86.2541,24.826936,16.759121,1.659848,30.000000,32.087400378,126.003986950,300.0000,90.1000,-161.903977,-117.418120,-0.295749,200.000000
520,52.0000,32.000000000,126.000000000,0.0000,32.124999558,126.014775565,0.0000,-88.1271,24.559574,17.208655,0.830367,30.000000,32.087400063,126.004198796,300.0000,90.1000,-161.903542,-117.418719,-0.295749,200.000000
521,52.1000,32.000000000,126.000000000,0.0000,32.125000000,126.014743778,0.0000,-90.0000,24.265971,17.639802,0.000000,30.000000,32.087399749,126.004410643,300.0000,90.1000,-161.903108,-117.419317,-0.295749,200.000000
522,52.2000,32.000000000,126.000000000,0.0000,32.125000000,126.014711986,0.0000,-90.0000,24.265981,17.639789,0.000000,30.000000,32.087399434,126.004622489,300.0000,90.1000,-161.902674,-117.419916,-0.295749,200.000000
523,52.3000,32.000000000,126.000000000,0.0000,32.125000000,126.014680195,0.0000,-90.0000,24.265991,17.639776,0.000000,30.000000,32.087399119,126.004834336,300.0000,90.1000,-161.902240,-117.420514,-0.295749,200.000000
524,52.4000,32.000000000,126.000000000,0.0000,32.125000000,126.014648403,0.0000,-90.0000,24.266001,17.639762,0.000000,30.000000,32.087398804,126.005046182,300.0000,90.1000,-161.901806,-117.421113,-0.295749,200.000000
525,52.5000,32.000000000,126.000000000,0.0000,32.125000000,126.014616612,0.0000,-90.0000,24.266011,17.639749,0.000000,30.000000,32.087398489,126.005258029,300.0000,90.1000,-161.901372,-117.421712,-0.295749,200.000000
526,52.6000,32.000000000,126.000000000,0.0000,32.125000000,126.014584820,0.0000,-90.0000,24.266020,17.639735,0.000000,30.000000,32.087398175,126.005469875,300.0000,90.1000,-161.900938,-117.422310,-0.295749,200.000000
527,52.7000,32.000000000,126.000000000,0.0000,32.125000000,126.014553029,0.0000,-90.0000,24.266030,17.639722,0.000000,30.000000,32.087397860,126.005681722,300.0000,90.1000,-161.900503,-117.422909,-0.295749,200.000000
528,52.8000,32.000000000,126.000000000,0.0000,32.125000000,126.014521237,0.0000,-90.0000,24.266040,17.639708,0.000000,30.000000,32.087397545,126.005893568,300.0000,90.1000,-161.900069,-117.423508,-0.295749,200.000000
529,52.9000,32.000000000,126.000000000,0.0000,32.125000000,126.014489445,0.0000,-90.0000,24.266050,17.639695,0.000000,30.000000,32.087397230,126.006105415,300.0000,90.1000,-161.899635,-117.424106,-0.295749,200.000000
530,53.0000,32.000000000,126.000000000,0.0000,32.125000000,126.014457654,0.0000,-90.0000,24.266060,17.639681,0.000000,30.000000,32.087396915,126.006317261,300.0000,90.1000,-161.899201,-117.424705,-0.295749,200.000000
531,53.1000,32.000000000,126.000000000,0.0000,32.125000000,126.014425862,0.0000,-90.0000,24.266069,17.639668,0.000000,30.000000,32.087396601,126.006529108,300.0000,90.1000,-161.898767,-117.425303,-0.295749,200.000000
532,53.2000,32.000000000,126.000000000,0.0000,32.125000000,126.014394071,0.0000,-90.0000,24.266079,17.639654,0.000000,30.000000,32.087396286,126.006740954,300.0000,90.1000,-161.898333,-117.425902,-0.295749,200.000000
533,53.3000,32.000000000,126.000000000,0.0000,32.125000000,126.014362279,0.0000,-90.0000,24.266089,17.639641,0.000000,30.000000,32.087395971,126.006952801,300.0000,90.1000,-161.897898,-117.426501,-0.295749,200.000000
534,53.4000,32.000000000,126.000000000,0.0000,32.125000000,126.014330488,0.0000,-90.0000,24.266099,17.639627,0.000000,30.000000,32.087395656,126.007164647,300.0000,90.1000,-161.897464,-117.427099,-0.295749,200.000000
535,53.5000,32.000000000,126.000000000,0.0000,32.125000000,126.014298696,0.0000,-90.0000,24.266108,17.639614,0.000000,30.000000,32.087395342,126.007376494,300.0000,90.1000,-161.897030,-117.427698,-0.295749,200.000000
536,53.6000,32.000000000,126.000000000,0.0000,32.125000000,126.014266905,0.0000,-90.0000,24.266118,17.639600,0.000000,30.000000,32.087391399,126.007588290,300.0000,92.4051,-164.266410,-113.868265,-7.110896,200.000000
537,53.7000,32.000000000,126.000000000,0.0000,32.125000000,126.014235113,0.0000,-90.0000,24.266128,17.639587,0.000000,30.000000,32.087380208,126.007799729,300.0000,94.7103,-166.369966,-110.124566,-13.914536,200.000000
538,53.8000,32.000000000,126.000000000,0.0000,32.125000000,126.014203322,0.0000,-90.0000,24.266138,17.639574,0.000000,30.000000,32.087361785,126.008010467,300.0000,97.0154,-168.204296,-106.202657,-20.695660,200.000000
539,53.9000,32.000000000,126.000000000,0.0000,32.125000000,126.014171530,0.0000,-90.0000,24.266148,17.639560,0.000000,30.000000,32.087336161,126.008220165,300.0000,99.3205,-169.766431,-102.108886,-27.443295,200.000000
540,54.0000,32.000000000,126.000000000,0.0000,32.125000000,126.014139738,0.0000,-90.0000,24.266157,17.639547,0.000000,30.000000,32.087303378,126.008428482,300.0000,101.6256,-171.053842,-97.849876,-34.146523,200.000000
541,54.1000,32.000000000,126.000000000,0.0000,32.125000000,126.014107947,0.0000,-90.0000,24.266167,17.639533,0.000000,30.000000,32.087263488,126.008635082,300.0000,103.9308,-172.064446,-93.432519,-40.794495,200.000000
542,54.2000,32.000000000,126.000000000,0.0000,32.125000000,126.014076155,0.0000,-90.0000,24.266177,17.639520,0.000000,30.000000,32.087216556,126.008839630,300.0000,106.2359,-172.796607,-88.863963,-47.376456,200.000000
543,54.3000,32.000000000,126.000000000,0.0000,32.125000000,126.014044364,0.0000,-90.0000,24.266187,17.639506,0.000000,30.000000,32.087162657,126.009041795,300.0000,108.5410,-173.249141,-84.151601,-53.881752,200.000000
544,54.4000,32.000000000,126.000000000,0.0000,32.125000000,126.014012572,0.0000,-90.0000,24.266197,17.639493,0.000000,30.000000,32.087101880,126.009241250,300.0000,110.8462,-173.421314,-79.303057,-60.299859,200.000000
545,54.5000,32.000000000,126.000000000,0.0000,32.125000000,126.013980781,0.0000,-90.0000,24.266206,17.639479,0.000000,30.000000,32.087034322,126.009437672,300.0000,113.1513,-173.312847,-74.326177,-66.620390,200.000000
546,54.6000,32.000000000,126.000000000,0.0000,32.125000000,126.013948989,0.0000,-90.0000,24.266216,17.639466,0.000000,30.000000,32.086960094,126.009630744,300.0000,115.4564,-172.923916,-69.229015,-72.833116,200.000000
547,54.7000,32.000000000,126.000000000,0.0000,32.125000000,126.013917198,0.0000,-90.0000,24.266226,17.639452,0.000000,30.000000,32.086879314,126.009820151,300.0000,117.7615,-172.255148,-64.019818,-78.927986,200.000000
548,54.8000,32.000000000,126.000000000,0.0000,32.125000000,126.013885406,0.0000,-90.0000,24.266236,17.639439,0.000000,30.000000,32.086792113,126.010005589,300.0000,120.0667,-171.307625,-58.707015,-84.895134,200.000000
549,54.9000,32.000000000,126.000000000,0.0000,32.125000000,126.013853615,0.0000,-90.0000,24.266245,17.639425,0.000000,30.000000,32.086698634,126.010186758,300.0000,122.3718,-170.082881,-53.299204,-90.724906,200.000000
550,55.0000,32.000000000,126.000000000,0.0000,32.125000000,126.013821823,0.0000,-90.0000,24.266255,17.639412,0.000000,30.000000,32.086599026,126.010363362,300.0000,124.6769,-168.582895,-47.805135,-96.407866,200.000000
551,55.1000,32.000000000,126.000000000,0.0000,32.125000000,126.013790032,0.0000,-90.0000,24.266265,17.639399,0.000000,30.000000,32.086493452,126.010535118,300.0000,126.9821,-166.810094,-42.233698,-101.934819,200.000000
552,55.2000,32.000000000,126.000000000,0.0000,32.125000000,126.013758240,0.0000,-90.0000,24.266275,17.639385,0.000000,30.000000,32.086382082,126.010701747,300.0000,129.2872,-164.767346,-36.593908,-107.296820,200.000000
553,55.3000,32.000000000,126.000000000,0.0000,32.125000000,126.013726448,0.0000,-90.0000,24.266285,17.639372,0.000000,30.000000,32.086265096,126.010862980,300.0000,131.5923,-162.457956,-30.894893,-112.485191,200.000000
554,55.4000,32.000000000,126.000000000,0.0000,32.125000000,126.013694657,0.0000,-90.0000,24.266294,17.639358,0.000000,30.000000,32.086142684,126.011018554,300.0000,133.8974,-159.885659,-25.145874,-117.491536,200.000000
555,55.5000,32.000000000,126.000000000,0.0000,32.125000000,126.013662865,0.0000,-90.0000,24.266304,17.639345,0.000000,30.000000,32.086015044,126.011168220,300.0000,136.2026,-157.054618,-19.356153,-122.307753,200.000000
556,55.6000,32.000000000,126.000000000,0.0000,32.125000000,126.013631074,0.0000,-90.0000,24.266314,17.639331,0.000000,30.000000,32.085882382,126.011311734,300.0000,138.5077,-153.969412,-13.535101,-126.926046,200.000000
557,55.7000,32.000000000,126.000000000,0.0000,32.125000000,126.013599282,0.0000,-90.0000,24.266324,17.639318,0.000000,30.000000,32.085744914,126.011448864,300.0000,140.8128,-150.635033,-7.692136,-131.338943,200.000000
558,55.8000,32.000000000,126.000000000,0.0000,32.125000000,126.013567491,0.0000,-90.0000,24.266334,17.639304,0.000000,30.000000,32.085602860,126.011579388,300.0000,143.1179,-147.056876,-1.836714,-135.539300,200.000000
559,55.9000,32.000000000,126.000000000,0.0000,32.125000000,126.013535699,0.0000,-90.0000,24.266343,17.639291,0.000000,30.000000,32.085456453,126.011703095,300.0000,145.4231,-143.240729,4.021689,-139.520319,200.000000
560,56.0000,32.000000000,126.000000000,0.0000,32.125000000,126.013503908,0.0000,-90.0000,24.266353,17.639277,0.000000,30.000000,32.085305928,126.011819785,300.0000,147.7282,-139.192768,9.873593,-143.275557,200.000000
561,56.1000,32.000000000,126.000000000,0.0000,32.125000000,126.013472116,0.0000,-90.0000,24.266363,17.639264,0.000000,30.000000,32.085151528,126.011929270,300.0000,150.0333,-134.919542,15.709528,-146.798937,200.000000
562,56.2000,32.000000000,126.000000000,0.0000,32.125000000,126.013440325,0.0000,-90.0000,24.266373,17.639250,0.000000,30.000000,32.084993505,126.012031371,300.0000,152.3385,-130.427966,21.520050,-150.084754,200.000000
563,56.3000,32.000000000,126.000000000,0.0000,32.125000000,126.013408533,0.0000,-90.0000,24.266383,17.639237,0.000000,30.000000,32.084832113,126.012125924,300.0000,154.6436,-125.725305,27.295755,-153.127690,200.000000
564,56.4000,32.000000000,126.000000000,0.0000,32.125000000,126.013376741,0.0000,-90.0000,24.266392,17.639223,0.000000,30.000000,32.084667615,126.012212775,300.0000,156.9487,-120.819171,33.027297,-155.922819,200.000000
565,56.5000,32.000000000,126.000000000,0.0000,32.125000000,126.013344950,0.0000,-90.0000,24.266402,17.639210,0.000000,30.000000,32.084500275,126.012291784,300.0000,159.2538,-115.717501,38.705399,-158.465618,200.000000
566,56.6000,32.000000000,126.000000000,0.0000,32.125000000,126.013313158,0.0000,-90.0000,24.266412,17.639197,0.000000,30.000000,32.084330365,126.012362824,300.0000,161.5590,-110.428551,44.320874,-160.751968,200.000000
567,56.7000,32.000000000,126.000000000,0.0000,32.125000000,126.013281367,0.0000,-90.0000,24.266422,17.639183,0.000000,30.000000,32.084158160,126.012425779,300.0000,163.8641,-104.960878,49.864631,-162.778170,200.000000
568,56.8000,32.000000000,126.000000000,0.0000,32.125000000,126.013249575,0.0000,-90.0000,24.266431,17.639170,0.000000,30.000000,32.083983939,126.012480548,300.0000,166.1692,-99.323331,55.327700,-164.540942,200.000000
569,56.9000,32.000000000,126.000000000,0.0000,32.125000000,126.013217784,0.0000,-90.0000,24.266441,17.639156,0.000000,30.000000,32.083807983,126.012527041,300.0000,168.4744,-93.525031,60.701239,-166.037430,200.000000
570,57.0000,32.000000000,126.000000000,0.0000,32.125000000,126.013185992,0.0000,-90.0000,24.266451,17.639143,0.000000,30.000000,32.083630577,126.012565184,300.0000,170.7795,-87.575362,65.976552,-167.265210,200.000000
571,57.1000,32.000000000,126.000000000,0.0000,32.125000000,126.013154201,0.0000,-90.0000,24.266461,17.639129,0.000000,30.000000,32.083452009,126.012594915,300.0000,173.0846,-81.483951,71.145099,-168.222295,200.000000
572,57.2000,32.000000000,126.000000000,0.0000,32.125000000,126.013122409,0.0000,-90.0000,24.266471,17.639116,0.000000,30.000000,32.083272568,126.012616186,300.0000,175.3897,-75.260656,76.198516,-168.907133,200.000000
573,57.3000,32.000000000,126.000000000,0.0000,32.125000000,126.013090618,0.0000,-90.0000,24.266480,17.639102,0.000000,30.000000,32.083092543,126.012628962,300.0000,177.6949,-68.915548,81.128625,-169.318615,200.000000
574,57.4000,32.000000000,126.000000000,0.0000,32.125000000,126.013058826,0.0000,-90.0000,24.266490,17.639089,0.000000,30.000000,32.082912226,126.012633223,300.0000,-180.0000,-62.458895,85.927444,-169.456073,200.000000
575,57.5000,32.000000000,126.000000000,0.0000,32.125000000,126.013027034,0.0000,-90.0000,24.266500,17.639075,0.000000,30.000000,32.082731909,126.012628962,300.0000,-177.6949,-55.901145,90.587208,-169.319283,200.000000
576,57.6000,32.000000000,126.000000000,0.0000,32.125000000,126.012995243,0.0000,-90.0000,24.266510,17.639062,0.000000,30.000000,32.082551884,126.012616186,300.0000,-175.3897,-49.252911,95.100374,-168.908465,200.000000
577,57.7000,32.000000000,126.000000000,0.0000,32.125000000,126.012963451,0.0000,-90.0000,24.266520,17.639048,0.000000,30.000000,32.082372442,126.012594915,300.0000,-173.0846,-42.524953,99.459636,-168.224282,200.000000
578,57.8000,32.000000000,126.000000000,0.0000,32.125000000,126.012931660,0.0000,-90.0000,24.266529,17.639035,0.000000,30.000000,32.082193874,126.012565185,300.0000,-170.7795,-35.728158,103.657940,-167.267840,200.000000
579,57.9000,32.000000000,126.000000000,0.0000,32.125000000,126.012899868,0.0000,-90.0000,24.266539,17.639022,0.000000,30.000000,32.082016469,126.012527042,300.0000,-168.4744,-28.873527,107.688489,-166.040684,200.000000
580,58.0000,32.000000000,126.000000000,0.0000,32.125000000,126.012868077,0.0000,-90.0000,24.266549,17.639008,0.000000,30.000000,32.081840513,126.012480550,300.0000,-166.1692,-21.972153,111.544758,-164.544801,200.000000
581,58.1000,32.000000000,126.000000000,0.0000,32.125000000,126.012836285,0.0000,-90.0000,24.266559,17.638995,0.000000,30.000000,32.081666291,126.012425783,300.0000,-163.8641,-15.035205,115.220507,-162.782608,200.000000
582,58.2000,32.000000000,126.000000000,0.0000,32.125000000,126.012804494,0.0000,-90.0000,24.266568,17.638981,0.000000,30.000000,32.081494086,126.012362830,300.0000,-161.5590,-8.073910,118.709784,-160.756957,200.000000
583,58.3000,32.000000000,126.000000000,0.0000,32.125000000,126.012772702,0.0000,-90.0000,24.266578,17.638968,0.000000,30.000000,32.081324176,126.012291792,300.0000,-159.2538,-1.099535,122.006941,-158.471124,200.000000
584,58.4000,32.000000000,126.000000000,0.0000,32.125000000,126.012740911,0.0000,-90.0000,24.266588,17.638954,0.000000,30.000000,32.081156837,126.012212786,300.0000,-156.9487,5.876632,125.106642,-155.928809,200.000000
585,58.5000,32.000000000,126.000000000,0.0000,32.125000000,126.012709119,0.0000,-90.0000,24.266598,17.638941,0.000000,30.000000,32.080992338,126.012125938,300.0000,-154.6436,12.843301,128.003867,-153.134123,200.000000
586,58.6000,32.000000000,126.000000000,0.0000,32.125000000,126.012677328,0.0000,-90.0000,24.266608,17.638927,0.000000,30.000000,32.080830946,126.012031389,300.0000,-152.3385,19.789195,130.693927,-150.091589,200.000000
587,58.7000,32.000000000,126.000000000,0.0000,32.125000000,126.012645536,0.0000,-90.0000,24.266617,17.638914,0.000000,30.000000,32.080672923,126.011929293,300.0000,-150.0333,26.703073,133.172467,-146.806130,200.000000
588,58.8000,32.000000000,126.000000000,0.0000,32.125000000,126.012613744,0.0000,-90.0000,24.266627,17.638900,0.000000,30.000000,32.080518523,126.011819814,300.0000,-147.7282,33.573745,135.435474,-143.283062,200.000000
589,58.9000,32.000000000,126.000000000,0.0000,32.125000000,126.012581953,0.0000,-90.0000,24.266637,17.638887,0.000000,30.000000,32.080367998,126.011703130,300.0000,-145.4231,40.390089,137.479285,-139.528087,200.000000
590,59.0000,32.000000000,126.000000000,0.0000,32.125000000,126.012550161,0.0000,-90.0000,24.266647,17.638873,0.000000,30.000000,32.080221590,126.011579430,300.0000,-143.1179,47.141072,139.300589,-135.547280,200.000000
591,59.1000,32.000000000,126.000000000,0.0000,32.125000000,126.012518370,0.0000,-90.0000,24.266657,17.638860,0.000000,30.000000,32.080079537,126.011448914,300.0000,-140.8128,53.815769,140.896439,-131.347084,200.000000
592,59.2000,32.000000000,126.000000000,0.0000,32.125000000,126.012486578,0.0000,-90.0000,24.266666,17.638846,0.000000,30.000000,32.079942068,126.011311792,300.0000,-138.5077,60.403375,142.264250,-126.934296,200.000000
593,59.3000,32.000000000,126.000000000,0.0000,32.125000000,126.012454787,0.0000,-90.0000,24.266676,17.638833,0.000000,30.000000,32.079809406,126.011168288,300.0000,-136.2026,66.893227,143.401807,-122.316057,200.000000
594,59.4000,32.000000000,126.000000000,0.0000,32.125000000,126.012422995,0.0000,-90.0000,24.266686,17.638820,0.000000,30.000000,32.079681766,126.011018633,300.0000,-133.8974,73.274820,144.307269,-117.499842,200.000000
595,59.5000,32.000000000,126.000000000,0.0000,32.125000000,126.012391204,0.0000,-90.0000,24.266696,17.638806,0.000000,30.000000,32.079559354,126.010863069,300.0000,-131.5923,79.537826,144.979168,-112.493444,200.000000
596,59.6000,32.000000000,126.000000000,0.0000,32.125000000,126.012359412,0.0000,-90.0000,24.266705,17.638793,0.000000,30.000000,32.079442368,126.010701849,300.0000,-129.2872,85.672106,145.416417,-107.304967,200.000000
597,59.7000,32.000000000,126.000000000,0.0000,32.125000000,126.012327621,0.0000,-90.0000,24.266715,17.638779,0.000000,30.000000,32.079330998,126.010535233,300.0000,-126.9821,91.667731,145.618306,-101.942808,200.000000
598,59.8000,32.000000000,126.000000000,0.0000,32.125000000,126.012295829,0.0000,-90.0000,24.266725,17.638766,0.000000,30.000000,32.079225423,126.010363490,300.0000,-124.6769,97.514996,145.584508,-96.415645,200.000000
599,59.9000,32.000000000,126.000000000,0.0000,32.125000000,126.012264037,0.0000,-90.0000,24.266735,17.638752,0.000000,30.000000,32.079125816,126.010186900,300.0000,-122.3718,103.204437,145.315077,-90.732423,200.000000
600,60.0000,32.000000000,126.000000000,0.0000,32.125000000,126.012232246,0.0000,-90.0000,24.266745,17.638739,0.000000,30.000000,32.079032336,126.010005747,300.0000,-120.0667,108.726843,144.810448,-84.902342,200.000000
