step,time,pf_lat,pf_lon,pf_alt,t1_lat,t1_lon,t1_alt,t1_yaw,t1_vx,t1_vy,t1_vz,t1_spd,t2_lat,t2_lon,t2_alt,t2_yaw,t2_vx,t2_vy,t2_vz,t2_spd
0,0.0000,32.000000000,126.000000000,0.0000,32.125000000,126.030000000,0.0000,-90.0000,24.261274,17.646263,0.000000,30.000000,32.120000000,126.000000000,300.0000,-180.0000,-62.504408,86.029937,-169.387275,200.000000
1,0.1000,32.000000000,126.000000000,0.0000,32.125000000,126.029968208,0.0000,-90.0000,24.261283,17.646250,0.000000,30.000000,32.119819648,126.000000000,300.0000,-180.0000,-62.504094,86.029505,-169.387610,200.000000
2,0.2000,32.000000000,126.000000000,0.0000,32.125000000,126.029936417,0.0000,-90.0000,24.261293,17.646236,0.000000,30.000000,32.119639296,126.000000000,300.0000,-180.0000,-62.503781,86.029074,-169.387945,200.000000
3,0.3000,32.000000000,126.000000000,0.0000,32.125000000,126.029904625,0.0000,-90.0000,24.261303,17.646223,0.000000,30.000000,32.119458943,126.000000000,300.0000,-180.0000,-62.503467,86.028642,-169.388280,200.000000
4,0.4000,32.000000000,126.000000000,0.0000,32.125000000,126.029872834,0.0000,-90.0000,24.261313,17.646209,0.000000,30.000000,32.119278591,126.000000000,300.0000,-180.0000,-62.503154,86.028211,-169.388614,200.000000
5,0.5000,32.000000000,126.000000000,0.0000,32.125000000,126.029841042,0.0000,-90.0000,24.261323,17.646196,0.000000,30.000000,32.119098239,126.000000000,300.0000,-180.0000,-62.502841,86.027780,-169.388949,200.000000
6,0.6000,32.000000000,126.000000000,0.0000,32.125000000,126.029809251,0.0000,-90.0000,24.261332,17.646182,0.000000,30.000000,32.118917887,126.000000000,300.0000,-180.0000,-62.502527,86.027348,-169.389284,200.000000
7,0.7000,32.000000000,126.000000000,0.0000,32.125000000,126.029777459,0.0000,-90.0000,24.261342,17.646169,0.000000,30.000000,32.118737535,126.000000000,300.0000,-180.0000,-62.502214,86.026917,-169.389618,200.000000
8,0.8000,32.000000000,126.000000000,0.0000,32.125000000,126.029745668,0.0000,-90.0000,24.261352,17.646155,0.000000,30.000000,32.118557182,126.000000000,300.0000,-180.0000,-62.501900,86.026486,-169.389953,200.000000
9,0.9000,32.000000000,126.000000000,0.0000,32.125000000,126.029713876,0.0000,-90.0000,24.261362,17.646142,0.000000,30.000000,32.118376830,126.000000000,300.0000,-180.0000,-62.501587,86.026054,-169.390288,200.000000
10,1.0000,32.000000000,126.000000000,0.0000,32.125000000,126.029682085,0.0000,-90.0000,24.261372,17.646129,0.000000,30.000000,32.118196478,126.000000000,300.0000,-180.0000,-62.501274,86.025623,-169.390623,200.000000
11,1.1000,32.000000000,126.000000000,0.0000,32.125000000,126.029650293,0.0000,-90.0000,24.261381,17.646115,0.000000,30.000000,32.118016126,126.000000000,300.0000,-180.0000,-62.500960,86.025192,-169.390957,200.000000
12,1.2000,32.000000000,126.000000000,0.0000,32.125000000,126.029618501,0.0000,-90.0000,24.261391,17.646102,0.000000,30.000000,32.117835774,126.000000000,300.0000,-180.0000,-62.500647,86.024760,-169.391292,200.000000
13,1.3000,32.000000000,126.000000000,0.0000,32.125000000,126.029586710,0.0000,-90.0000,24.261401,17.646088,0.000000,30.000000,32.117655421,126.000000000,300.0000,-180.0000,-62.500333,86.024329,-169.391627,200.000000
14,1.4000,32.000000000,126.000000000,0.0000,32.125000000,126.029554918,0.0000,-90.0000,24.261411,17.646075,0.000000,30.000000,32.117475069,126.000000000,300.0000,-180.0000,-62.500020,86.023897,-169.391961,200.000000
15,1.5000,32.000000000,126.000000000,0.0000,32.125000000,126.029523127,0.0000,-90.0000,24.261420,17.646061,0.000000,30.000000,32.117294717,126.000000000,300.0000,-180.0000,-62.499707,86.023466,-169.392296,200.000000
16,1.6000,32.000000000,126.000000000,0.0000,32.125000000,126.029491335,0.0000,-90.0000,24.261430,17.646048,0.000000,30.000000,32.117114365,126.000000000,300.0000,-180.0000,-62.499393,86.023035,-169.392631,200.000000
17,1.7000,32.000000000,126.000000000,0.0000,32.125000000,126.029459544,0.0000,-90.0000,24.261440,17.646034,0.000000,30.000000,32.116934012,126.000000000,300.0000,-180.0000,-62.499080,86.022603,-169.392965,200.000000
18,1.8000,32.000000000,126.000000000,0.0000,32.125000000,126.029427752,0.0000,-90.0000,24.261450,17.646021,0.000000,30.000000,32.116753660,126.000000000,300.0000,-180.0000,-62.498766,86.022172,-169.393300,200.000000
19,1.9000,32.000000000,126.000000000,0.0000,32.125000000,126.029395961,0.0000,-90.0000,24.261460,17.646007,0.000000,30.000000,32.116573308,126.000000000,300.0000,-180.0000,-62.498453,86.021741,-169.393635,200.000000
20,2.0000,32.000000000,126.000000000,0.0000,32.125000000,126.029364169,0.0000,-90.0000,24.261469,17.645994,0.000000,30.000000,32.116392956,126.000000000,300.0000,-180.0000,-62.498139,86.021309,-169.393970,200.000000
21,2.1000,32.000000000,126.000000000,0.0000,32.125000000,126.029332378,0.0000,-90.0000,24.261479,17.645980,0.000000,30.000000,32.116212603,126.000000000,300.0000,-180.0000,-62.497826,86.020878,-169.394304,200.000000
22,2.2000,32.000000000,126.000000000,0.0000,32.125000000,126.029300586,0.0000,-90.0000,24.261489,17.645967,0.000000,30.000000,32.116032251,126.000000000,300.0000,-180.0000,-62.497513,86.020446,-169.394639,200.000000
23,2.3000,32.000000000,126.000000000,0.0000,32.125000000,126.029268795,0.0000,-90.0000,24.261499,17.645954,0.000000,30.000000,32.115851899,126.000000000,300.0000,-180.0000,-62.497199,86.020015,-169.394974,200.000000
24,2.4000,32.000000000,126.000000000,0.0000,32.125000000,126.029237003,0.0000,-90.0000,24.261509,17.645940,0.000000,30.000000,32.115671546,126.000000000,300.0000,-180.0000,-62.496886,86.019584,-169.395308,200.000000
25,2.5000,32.000000000,126.000000000,0.0000,32.125000000,126.029205211,0.0000,-90.0000,24.261518,17.645927,0.000000,30.000000,32.115491194,126.000000000,300.0000,-180.0000,-62.496572,86.019152,-169.395643,200.000000
26,2.6000,32.000000000,126.000000000,0.0000,32.125000000,126.029173420,0.0000,-90.0000,24.261528,17.645913,0.000000,30.000000,32.115310842,126.000000000,300.0000,-180.0000,-62.496259,86.018721,-169.395978,200.000000
27,2.7000,32.000000000,126.000000000,0.0000,32.125000000,126.029141628,0.0000,-90.0000,24.261538,17.645900,0.000000,30.000000,32.115130490,126.000000000,300.0000,-180.0000,-62.495946,86.018290,-169.396312,200.000000
28,2.8000,32.000000000,126.000000000,0.0000,32.125000000,126.029109837,0.0000,-90.0000,24.261548,17.645886,0.000000,30.000000,32.114950137,126.000000000,300.0000,-180.0000,-62.495632,86.017858,-169.396647,200.000000
29,2.9000,32.000000000,126.000000000,0.0000,32.125000000,126.029078045,0.0000,-90.0000,24.261558,17.645873,0.000000,30.000000,32.114769785,126.000000000,300.0000,-180.0000,-62.495319,86.017427,-169.396982,200.000000
30,3.0000,32.000000000,126.000000000,0.0000,32.125000000,126.029046254,0.0000,-90.0000,24.261567,17.645859,0.000000,30.000000,32.114589433,126.000000000,300.0000,-180.0000,-62.495005,86.016995,-169.397316,200.000000
31,3.1000,32.000000000,126.000000000,0.0000,32.125000000,126.029014462,0.0000,-90.0000,24.261577,17.645846,0.000000,30.000000,32.114409080,126.000000000,300.0000,-180.0000,-62.494692,86.016564,-169.397651,200.000000
32,3.2000,32.000000000,126.000000000,0.0000,32.125000000,126.028982671,0.0000,-90.0000,24.261587,17.645832,0.000000,30.000000,32.114228728,126.000000000,300.0000,-180.0000,-62.494378,86.016133,-169.397986,200.000000
33,3.3000,32.000000000,126.000000000,0.0000,32.125000000,126.028950879,0.0000,-90.0000,24.261597,17.645819,0.000000,30.000000,32.114048376,126.000000000,300.0000,-180.0000,-62.494065,86.015701,-169.398320,200.000000
34,3.4000,32.000000000,126.000000000,0.0000,32.125000000,126.028919088,0.0000,-90.0000,24.261606,17.645805,0.000000,30.000000,32.113868023,126.000000000,300.0000,-180.0000,-62.493752,86.015270,-169.398655,200.000000
35,3.5000,32.000000000,126.000000000,0.0000,32.125000000,126.028887296,0.0000,-90.0000,24.261616,17.645792,0.000000,30.000000,32.113687671,126.000000000,300.0000,-180.0000,-62.493438,86.014839,-169.398990,200.000000
36,3.6000,32.000000000,126.000000000,0.0000,32.125000000,126.028855504,0.0000,-90.0000,24.261626,17.645779,0.000000,30.000000,32.113507319,126.000000000,300.0000,-180.0000,-62.493125,86.014407,-169.399324,200.000000
37,3.7000,32.000000000,126.000000000,0.0000,32.125000000,126.028823713,0.0000,-90.0000,24.261636,17.645765,0.000000,30.000000,32.113326966,126.000000000,300.0000,-180.0000,-62.492811,86.013976,-169.399659,200.000000
38,3.8000,32.000000000,126.000000000,0.0000,32.125000000,126.028791921,0.0000,-90.0000,24.261646,17.645752,0.000000,30.000000,32.113146614,126.000000000,300.0000,-180.0000,-62.492498,86.013544,-169.399994,200.000000
39,3.9000,32.000000000,126.000000000,0.0000,32.125000000,126.028760130,0.0000,-90.0000,24.261655,17.645738,0.000000,30.000000,32.112966262,126.000000000,300.0000,-180.0000,-62.492185,86.013113,-169.400328,200.000000
40,4.0000,32.000000000,126.000000000,0.0000,32.125000000,126.028728338,0.0000,-90.0000,24.261665,17.645725,0.000000,30.000000,32.112785909,126.000000000,300.0000,-180.0000,-62.491871,86.012682,-169.400663,200.000000
41,4.1000,32.000000000,126.000000000,0.0000,32.125000000,126.028696547,0.0000,-90.0000,24.261675,17.645711,0.000000,30.000000,32.112605557,126.000000000,300.0000,-180.0000,-62.491558,86.012250,-169.400998,200.000000
42,4.2000,32.000000000,126.000000000,0.0000,32.125000000,126.028664755,0.0000,-90.0000,24.261685,17.645698,0.000000,30.000000,32.112425204,126.000000000,300.0000,-180.0000,-62.491244,86.011819,-169.401332,200.000000
43,4.3000,32.000000000,126.000000000,0.0000,32.125000000,126.028632964,0.0000,-90.0000,24.261695,17.645684,0.000000,30.000000,32.112244852,126.000000000,300.0000,-180.0000,-62.490931,86.011387,-169.401667,200.000000
44,4.4000,32.000000000,126.000000000,0.0000,32.125000000,126.028601172,0.0000,-90.0000,24.261704,17.645671,0.000000,30.000000,32.112064500,126.000000000,300.0000,-180.0000,-62.490617,86.010956,-169.402002,200.000000
45,4.5000,32.000000000,126.000000000,0.0000,32.125000000,126.028569381,0.0000,-90.0000,24.261714,17.645657,0.000000,30.000000,32.111884147,126.000000000,300.0000,-180.0000,-62.490304,86.010525,-169.402336,200.000000
46,4.6000,32.000000000,126.000000000,0.0000,32.125000000,126.028537589,0.0000,-90.0000,24.261724,17.645644,0.000000,30.000000,32.111703795,126.000000000,300.0000,-180.0000,-62.489991,86.010093,-169.402671,200.000000
47,4.7000,32.000000000,126.000000000,0.0000,32.125000000,126.028505798,0.0000,-90.0000,24.261734,17.645630,0.000000,30.000000,32.111523442,126.000000000,300.0000,-180.0000,-62.489677,86.009662,-169.403006,200.000000
48,4.8000,32.000000000,126.000000000,0.0000,32.125000000,126.028474006,0.0000,-90.0000,24.261744,17.645617,0.000000,30.000000,32.111343090,126.000000000,300.0000,-180.0000,-62.489364,86.009230,-169.403340,200.000000
49,4.9000,32.000000000,126.000000000,0.0000,32.125000000,126.028442214,0.0000,-90.0000,24.261753,17.645604,0.000000,30.000000,32.111162738,126.000000000,300.0000,-180.0000,-62.489050,86.008799,-169.403675,200.000000
50,5.0000,32.000000000,126.000000000,0.0000,32.125000000,126.028410423,0.0000,-90.0000,24.261763,17.645590,0.000000,30.000000,32.110982385,126.000000000,300.0000,-180.0000,-62.488737,86.008368,-169.404010,200.000000
51,5.1000,32.000000000,126.000000000,0.0000,32.125000000,126.028378631,0.0000,-90.0000,24.261773,17.645577,0.000000,30.000000,32.110802033,126.000000000,300.0000,-180.0000,-62.488423,86.007936,-169.404344,200.000000
52,5.2000,32.000000000,126.000000000,0.0000,32.125000000,126.028346840,0.0000,-90.0000,24.261783,17.645563,0.000000,30.000000,32.110621680,126.000000000,300.0000,-180.0000,-62.488110,86.007505,-169.404679,200.000000
53,5.3000,32.000000000,126.000000000,0.0000,32.125000000,126.028315048,0.0000,-90.0000,24.261793,17.645550,0.000000,30.000000,32.110441328,126.000000000,300.0000,-180.0000,-62.487797,86.007073,-169.405014,200.000000
54,5.4000,32.000000000,126.000000000,0.0000,32.125000000,126.028283257,0.0000,-90.0000,24.261802,17.645536,0.000000,30.000000,32.110260975,126.000000000,300.0000,-180.0000,-62.487483,86.006642,-169.405348,200.000000
55,5.5000,32.000000000,126.000000000,0.0000,32.125000000,126.028251465,0.0000,-90.0000,24.261812,17.645523,0.000000,30.000000,32.110080623,126.000000000,300.0000,-180.0000,-62.487170,86.006211,-169.405683,200.000000
56,5.6000,32.000000000,126.000000000,0.0000,32.125000000,126.028219674,0.0000,-90.0000,24.261822,17.645509,0.000000,30.000000,32.109900270,126.000000000,300.0000,-180.0000,-62.486856,86.005779,-169.406017,200.000000
57,5.7000,32.000000000,126.000000000,0.0000,32.125000000,126.028187882,0.0000,-90.0000,24.261832,17.645496,0.000000,30.000000,32.109719918,126.000000000,300.0000,-180.0000,-62.486543,86.005348,-169.406352,200.000000
58,5.8000,32.000000000,126.000000000,0.0000,32.125000000,126.028156091,0.0000,-90.0000,24.261841,17.645482,0.000000,30.000000,32.109539566,126.000000000,300.0000,-180.0000,-62.486229,86.004916,-169.406687,200.000000
59,5.9000,32.000000000,126.000000000,0.0000,32.125000000,126.028124299,0.0000,-90.0000,24.261851,17.645469,0.000000,30.000000,32.109359213,126.000000000,300.0000,-180.0000,-62.485916,86.004485,-169.407021,200.000000
60,6.0000,32.000000000,126.000000000,0.0000,32.125000000,126.028092507,0.0000,-90.0000,24.261861,17.645455,0.000000,30.000000,32.109178861,126.000000000,300.0000,-180.0000,-62.485602,86.004054,-169.407356,200.000000
61,6.1000,32.000000000,126.000000000,0.0000,32.125000000,126.028060716,0.0000,-90.0000,24.261871,17.645442,0.000000,30.000000,32.108998508,126.000000000,300.0000,-180.0000,-62.485289,86.003622,-169.407691,200.000000
62,6.2000,32.000000000,126.000000000,0.0000,32.125000000,126.028028924,0.0000,-90.0000,24.261881,17.645429,0.000000,30.000000,32.108818156,126.000000000,300.0000,-180.0000,-62.484976,86.003191,-169.408025,200.000000
63,6.3000,32.000000000,126.000000000,0.0000,32.125000000,126.027997133,0.0000,-90.0000,24.261890,17.645415,0.000000,30.000000,32.108637803,126.000000000,300.0000,-180.0000,-62.484662,86.002759,-169.408360,200.000000
64,6.4000,32.000000000,126.000000000,0.0000,32.125000000,126.027965341,0.0000,-90.0000,24.261900,17.645402,0.000000,30.000000,32.108457451,126.000000000,300.0000,-180.0000,-62.484349,86.002328,-169.408694,200.000000
65,6.5000,32.000000000,126.000000000,0.0000,32.125000000,126.027933550,0.0000,-90.0000,24.261910,17.645388,0.000000,30.000000,32.108277098,126.000000000,300.0000,-180.0000,-62.484035,86.001897,-169.409029,200.000000
66,6.6000,32.000000000,126.000000000,0.0000,32.125000000,126.027901758,0.0000,-90.0000,24.261920,17.645375,0.000000,30.000000,32.108096746,126.000000000,300.0000,-180.0000,-62.483722,86.001465,-169.409364,200.000000
67,6.7000,32.000000000,126.000000000,0.0000,32.125000000,126.027869967,0.0000,-90.0000,24.261930,17.645361,0.000000,30.000000,32.107916393,126.000000000,300.0000,-180.0000,-62.483408,86.001034,-169.409698,200.000000
68,6.8000,32.000000000,126.000000000,0.0000,32.125000000,126.027838175,0.0000,-90.0000,24.261939,17.645348,0.000000,30.000000,32.107736041,126.000000000,300.0000,-180.0000,-62.483095,86.000602,-169.410033,200.000000
69,6.9000,32.000000000,126.000000000,0.0000,32.125000000,126.027806384,0.0000,-90.0000,24.261949,17.645334,0.000000,30.000000,32.107555688,126.000000000,300.0000,-180.0000,-62.482782,86.000171,-169.410368,200.000000
70,7.0000,32.000000000,126.000000000,0.0000,32.125000000,126.027774592,0.0000,-90.0000,24.261959,17.645321,0.000000,30.000000,32.107375336,126.000000000,300.0000,-180.0000,-62.482468,85.999739,-169.410702,200.000000
71,7.1000,32.000000000,126.000000000,0.0000,32.125000000,126.027742800,0.0000,-90.0000,24.261969,17.645307,0.000000,30.000000,32.107194983,126.000000000,300.0000,-180.0000,-62.482155,85.999308,-169.411037,200.000000
72,7.2000,32.000000000,126.000000000,0.0000,32.125000000,126.027711009,0.0000,-90.0000,24.261979,17.645294,0.000000,30.000000,32.107014631,126.000000000,300.0000,-180.0000,-62.481841,85.998877,-169.411371,200.000000
73,7.3000,32.000000000,126.000000000,0.0000,32.125000000,126.027679217,0.0000,-90.0000,24.261988,17.645280,0.000000,30.000000,32.106834278,126.000000000,300.0000,-180.0000,-62.481528,85.998445,-169.411706,200.000000
74,7.4000,32.000000000,126.000000000,0.0000,32.125000000,126.027647426,0.0000,-90.0000,24.261998,17.645267,0.000000,30.000000,32.106653925,126.000000000,300.0000,-180.0000,-62.481214,85.998014,-169.412041,200.000000
75,7.5000,32.000000000,126.000000000,0.0000,32.125000000,126.027615634,0.0000,-90.0000,24.262008,17.645254,0.000000,30.000000,32.106473573,126.000000000,300.0000,-180.0000,-62.480901,85.997582,-169.412375,200.000000
76,7.6000,32.000000000,126.000000000,0.0000,32.125000000,126.027583843,0.0000,-90.0000,24.262018,17.645240,0.000000,30.000000,32.106293220,126.000000000,300.0000,-180.0000,-62.480587,85.997151,-169.412710,200.000000
77,7.7000,32.000000000,126.000000000,0.0000,32.125000000,126.027552051,0.0000,-90.0000,24.262028,17.645227,0.000000,30.000000,32.106112868,126.000000000,300.0000,-180.0000,-62.480274,85.996719,-169.413044,200.000000
78,7.8000,32.000000000,126.000000000,0.0000,32.125000000,126.027520260,0.0000,-90.0000,24.262037,17.645213,0.000000,30.000000,32.105932515,126.000000000,300.0000,-180.0000,-62.479961,85.996288,-169.413379,200.000000
79,7.9000,32.000000000,126.000000000,0.0000,32.125000000,126.027488468,0.0000,-90.0000,24.262047,17.645200,0.000000,30.000000,32.105752163,126.000000000,300.0000,-180.0000,-62.479647,85.995857,-169.413714,200.000000
80,8.0000,32.000000000,126.000000000,0.0000,32.125000000,126.027456677,0.0000,-90.0000,24.262057,17.645186,0.000000,30.000000,32.105571810,126.000000000,300.0000,-180.0000,-62.479334,85.995425,-169.414048,200.000000
81,8.1000,32.000000000,126.000000000,0.0000,32.125000000,126.027424885,0.0000,-90.0000,24.262067,17.645173,0.000000,30.000000,32.105391457,126.000000000,300.0000,-180.0000,-62.479020,85.994994,-169.414383,200.000000
82,8.2000,32.000000000,126.000000000,0.0000,32.125000000,126.027393094,0.0000,-90.0000,24.262076,17.645159,0.000000,30.000000,32.105211105,126.000000000,300.0000,-180.0000,-62.478707,85.994562,-169.414717,200.000000
83,8.3000,32.000000000,126.000000000,0.0000,32.125000000,126.027361302,0.0000,-90.0000,24.262086,17.645146,0.000000,30.000000,32.105030752,126.000000000,300.0000,-180.0000,-62.478393,85.994131,-169.415052,200.000000
84,8.4000,32.000000000,126.000000000,0.0000,32.125000000,126.027329510,0.0000,-90.0000,24.262096,17.645132,0.000000,30.000000,32.104850400,126.000000000,300.0000,-180.0000,-62.478080,85.993700,-169.415387,200.000000
85,8.5000,32.000000000,126.000000000,0.0000,32.125000000,126.027297719,0.0000,-90.0000,24.262106,17.645119,0.000000,30.000000,32.104670047,126.000000000,300.0000,-180.0000,-62.477766,85.993268,-169.415721,200.000000
86,8.6000,32.000000000,126.000000000,0.0000,32.125000000,126.027265927,0.0000,-90.0000,24.262116,17.645105,0.000000,30.000000,32.104489694,126.000000000,300.0000,-180.0000,-62.477453,85.992837,-169.416056,200.000000
87,8.7000,32.000000000,126.000000000,0.0000,32.125000000,126.027234136,0.0000,-90.0000,24.262125,17.645092,0.000000,30.000000,32.104309342,126.000000000,300.0000,-180.0000,-62.477139,85.992405,-169.416390,200.000000
88,8.8000,32.000000000,126.000000000,0.0000,32.125000000,126.027202344,0.0000,-90.0000,24.262135,17.645079,0.000000,30.000000,32.104128989,126.000000000,300.0000,-180.0000,-62.476826,85.991974,-169.416725,200.000000
89,8.9000,32.000000000,126.000000000,0.0000,32.125000000,126.027170553,0.0000,-90.0000,24.262145,17.645065,0.000000,30.000000,32.103948637,126.000000000,300.0000,-180.0000,-62.476513,85.991542,-169.417059,200.000000
90,9.0000,32.000000000,126.000000000,0.0000,32.125000000,126.027138761,0.0000,-90.0000,24.262155,17.645052,0.000000,30.000000,32.103768284,126.000000000,300.0000,-180.0000,-62.476199,85.991111,-169.417394,200.000000
91,9.1000,32.000000000,126.000000000,0.0000,32.125000000,126.027106970,0.0000,-90.0000,24.262165,17.645038,0.000000,30.000000,32.103587931,126.000000000,300.0000,-180.0000,-62.475886,85.990679,-169.417729,200.000000
92,9.2000,32.000000000,126.000000000,0.0000,32.125000000,126.027075178,0.0000,-90.0000,24.262174,17.645025,0.000000,30.000000,32.103407579,126.000000000,300.0000,-180.0000,-62.475572,85.990248,-169.418063,200.000000
93,9.3000,32.000000000,126.000000000,0.0000,32.125000000,126.027043387,0.0000,-90.0000,24.262184,17.645011,0.000000,30.000000,32.103227226,126.000000000,300.0000,-180.0000,-62.475259,85.989817,-169.418398,200.000000
94,9.4000,32.000000000,126.000000000,0.0000,32.125000000,126.027011595,0.0000,-90.0000,24.262194,17.644998,0.000000,30.000000,32.103046873,126.000000000,300.0000,-180.0000,-62.474945,85.989385,-169.418732,200.000000
95,9.5000,32.000000000,126.000000000,0.0000,32.125000000,126.026979803,0.0000,-90.0000,24.262204,17.644984,0.000000,30.000000,32.102866521,126.000000000,300.0000,-180.0000,-62.474632,85.988954,-169.419067,200.000000
96,9.6000,32.000000000,126.000000000,0.0000,32.125000000,126.026948012,0.0000,-90.0000,24.262214,17.644971,0.000000,30.000000,32.102686168,126.000000000,300.0000,-180.0000,-62.474318,85.988522,-169.419401,200.000000
97,9.7000,32.000000000,126.000000000,0.0000,32.125000000,126.026916220,0.0000,-90.0000,24.262223,17.644957,0.000000,30.000000,32.102505815,126.000000000,300.0000,-180.0000,-62.474005,85.988091,-169.419736,200.000000
98,9.8000,32.000000000,126.000000000,0.0000,32.125000000,126.026884429,0.0000,-90.0000,24.262233,17.644944,0.000000,30.000000,32.102325463,126.000000000,300.0000,-180.0000,-62.473691,85.987659,-169.420071,200.000000
99,9.9000,32.000000000,126.000000000,0.0000,32.125000000,126.026852637,0.0000,-90.0000,24.262243,17.644930,0.000000,30.000000,32.102145110,126.000000000,300.0000,-180.0000,-62.473378,85.987228,-169.420405,200.000000
100,10.0000,32.000000000,126.000000000,0.0000,32.125000000,126.026820846,0.0000,-90.0000,24.262253,17.644917,0.000000,30.000000,32.101964757,126.000000000,300.0000,-180.0000,-62.473065,85.986797,-169.420740,200.000000
101,10.1000,32.000000000,126.000000000,0.0000,32.125000000,126.026789054,0.0000,-90.0000,24.262262,17.644903,0.000000,30.000000,32.101784405,126.000000000,300.0000,-180.0000,-62.472751,85.986365,-169.421074,200.000000
102,10.2000,32.000000000,126.000000000,0.0000,32.125000000,126.026757263,0.0000,-90.0000,24.262272,17.644890,0.000000,30.000000,32.101604052,126.000000000,300.0000,-180.0000,-62.472438,85.985934,-169.421409,200.000000
103,10.3000,32.000000000,126.000000000,0.0000,32.125000000,126.026725471,0.0000,-90.0000,24.262282,17.644877,0.000000,30.000000,32.101423699,126.000000000,300.0000,-180.0000,-62.472124,85.985502,-169.421743,200.000000
104,10.4000,32.000000000,126.000000000,0.0000,32.125000000,126.026693680,0.0000,-90.0000,24.262292,17.644863,0.000000,30.000000,32.101243347,126.000000000,300.0000,-180.0000,-62.471811,85.985071,-169.422078,200.000000
105,10.5000,32.000000000,126.000000000,0.0000,32.125000000,126.026661888,0.0000,-90.0000,24.262302,17.644850,0.000000,30.000000,32.101062994,126.000000000,300.0000,-180.0000,-62.471497,85.984639,-169.422412,200.000000
106,10.6000,32.000000000,126.000000000,0.0000,32.125000000,126.026630097,0.0000,-90.0000,24.262311,17.644836,0.000000,30.000000,32.100882641,126.000000000,300.0000,-180.0000,-62.471184,85.984208,-169.422747,200.000000
107,10.7000,32.000000000,126.000000000,0.0000,32.125000000,126.026598305,0.0000,-90.0000,24.262321,17.644823,0.000000,30.000000,32.100702289,126.000000000,300.0000,-180.0000,-62.470870,85.983776,-169.423082,200.000000
108,10.8000,32.000000000,126.000000000,0.0000,32.125000000,126.026566513,0.0000,-90.0000,24.262331,17.644809,0.000000,30.000000,32.100521936,126.000000000,300.0000,-180.0000,-62.470557,85.983345,-169.423416,200.000000
109,10.9000,32.000000000,126.000000000,0.0000,32.125000000,126.026534722,0.0000,-90.0000,24.262341,17.644796,0.000000,30.000000,32.100341583,126.000000000,300.0000,-180.0000,-62.470243,85.982913,-169.423751,200.000000
110,11.0000,32.000000000,126.000000000,0.0000,32.125000000,126.026502930,0.0000,-90.0000,24.262351,17.644782,0.000000,30.000000,32.100161230,126.000000000,300.0000,-180.0000,-62.469930,85.982482,-169.424085,200.000000
111,11.1000,32.000000000,126.000000000,0.0000,32.125000000,126.026471139,0.0000,-90.0000,24.262360,17.644769,0.000000,30.000000,32.099980878,126.000000000,300.0000,-180.0000,-62.469616,85.982051,-169.424420,200.000000
112,11.2000,32.000000000,126.000000000,0.0000,32.125000000,126.026439347,0.0000,-90.0000,24.262370,17.644755,0.000000,30.000000,32.099800525,126.000000000,300.0000,-180.0000,-62.469303,85.981619,-169.424754,200.000000
113,11.3000,32.000000000,126.000000000,0.0000,32.125000000,126.026407556,0.0000,-90.0000,24.262380,17.644742,0.000000,30.000000,32.099620172,126.000000000,300.0000,-180.0000,-62.468989,85.981188,-169.425089,200.000000
114,11.4000,32.000000000,126.000000000,0.0000,32.125000000,126.026375764,0.0000,-90.0000,24.262390,17.644728,0.000000,30.000000,32.099439819,126.000000000,300.0000,-180.0000,-62.468676,85.980756,-169.425423,200.000000
115,11.5000,32.000000000,126.000000000,0.0000,32.125000000,126.026343973,0.0000,-90.0000,24.262400,17.644715,0.000000,30.000000,32.099259467,126.000000000,300.0000,-180.0000,-62.468363,85.980325,-169.425758,200.000000
116,11.6000,32.000000000,126.000000000,0.0000,32.125000000,126.026312181,0.0000,-90.0000,24.262409,17.644702,0.000000,30.000000,32.099079114,126.000000000,300.0000,-180.0000,-62.468049,85.979893,-169.426092,200.000000
117,11.7000,32.000000000,126.000000000,0.0000,32.125000000,126.026280390,0.0000,-90.0000,24.262419,17.644688,0.000000,30.000000,32.098898761,126.000000000,300.0000,-180.0000,-62.467736,85.979462,-169.426427,200.000000
118,11.8000,32.000000000,126.000000000,0.0000,32.125000000,126.026248598,0.0000,-90.0000,24.262429,17.644675,0.000000,30.000000,32.098718408,126.000000000,300.0000,-180.0000,-62.467422,85.979030,-169.426761,200.000000
119,11.9000,32.000000000,126.000000000,0.0000,32.125000000,126.026216806,0.0000,-90.0000,24.262439,17.644661,0.000000,30.000000,32.098538056,126.000000000,300.0000,-180.0000,-62.467109,85.978599,-169.427096,200.000000
120,12.0000,32.000000000,126.000000000,0.0000,32.125000000,126.026185015,0.0000,-90.0000,24.262449,17.644648,0.000000,30.000000,32.098357703,126.000000000,300.0000,-180.0000,-62.466795,85.978167,-169.427431,200.000000
121,12.1000,32.000000000,126.000000000,0.0000,32.125000000,126.026153223,0.0000,-90.0000,24.262458,17.644634,0.000000,30.000000,32.098177350,126.000000000,300.0000,-180.0000,-62.466482,85.977736,-169.427765,200.000000
122,12.2000,32.000000000,126.000000000,0.0000,32.125000000,126.026121432,0.0000,-90.0000,24.262468,17.644621,0.000000,30.000000,32.097996997,126.000000000,300.0000,-180.0000,-62.466168,85.977305,-169.428100,200.000000
123,12.3000,32.000000000,126.000000000,0.0000,32.125000000,126.026089640,0.0000,-90.0000,24.262478,17.644607,0.000000,30.000000,32.097816644,126.000000000,300.0000,-180.0000,-62.465855,85.976873,-169.428434,200.000000
124,12.4000,32.000000000,126.000000000,0.0000,32.125000000,126.026057849,0.0000,-90.0000,24.262488,17.644594,0.000000,30.000000,32.097636292,126.000000000,300.0000,-180.0000,-62.465541,85.976442,-169.428769,200.000000
125,12.5000,32.000000000,126.000000000,0.0000,32.125000000,126.026026057,0.0000,-90.0000,24.262497,17.644580,0.000000,30.000000,32.097455939,126.000000000,300.0000,-180.0000,-62.465228,85.976010,-169.429103,200.000000
126,12.6000,32.000000000,126.000000000,0.0000,32.125000000,126.025994266,0.0000,-90.0000,24.262507,17.644567,0.000000,30.000000,32.097275586,126.000000000,300.0000,-180.0000,-62.464914,85.975579,-169.429438,200.000000
127,12.7000,32.000000000,126.000000000,0.0000,32.125000000,126.025962474,0.0000,-90.0000,24.262517,17.644553,0.000000,30.000000,32.097095233,126.000000000,300.0000,-180.0000,-62.464601,85.975147,-169.429772,200.000000
128,12.8000,32.000000000,126.000000000,0.0000,32.125000000,126.025930683,0.0000,-90.0000,24.262527,17.644540,0.000000,30.000000,32.096914880,126.000000000,300.0000,-180.0000,-62.464287,85.974716,-169.430107,200.000000
129,12.9000,32.000000000,126.000000000,0.0000,32.125000000,126.025898891,0.0000,-90.0000,24.262537,17.644527,0.000000,30.000000,32.096734527,126.000000000,300.0000,-180.0000,-62.463974,85.974284,-169.430441,200.000000
130,13.0000,32.000000000,126.000000000,0.0000,32.125000000,126.025867099,0.0000,-90.0000,24.262546,17.644513,0.000000,30.000000,32.096554175,126.000000000,300.0000,-180.0000,-62.463660,85.973853,-169.430776,200.000000
131,13.1000,32.000000000,126.000000000,0.0000,32.125000000,126.025835308,0.0000,-90.0000,24.262556,17.644500,0.000000,30.000000,32.096373822,126.000000000,300.0000,-180.0000,-62.463347,85.973421,-169.431110,200.000000
132,13.2000,32.000000000,126.000000000,0.0000,32.125000000,126.025803516,0.0000,-90.0000,24.262566,17.644486,0.000000,30.000000,32.096193469,126.000000000,300.0000,-180.0000,-62.463033,85.972990,-169.431445,200.000000
133,13.3000,32.000000000,126.000000000,0.0000,32.125000000,126.025771725,0.0000,-90.0000,24.262576,17.644473,0.000000,30.000000,32.096013116,126.000000000,300.0000,-180.0000,-62.462720,85.972558,-169.431779,200.000000
134,13.4000,32.000000000,126.000000000,0.0000,32.125000000,126.025739933,0.0000,-90.0000,24.262586,17.644459,0.000000,30.000000,32.095832763,126.000000000,300.0000,-180.0000,-62.462406,85.972127,-169.432114,200.000000
135,13.5000,32.000000000,126.000000000,0.0000,32.125000000,126.025708142,0.0000,-90.0000,24.262595,17.644446,0.000000,30.000000,32.095652410,126.000000000,300.0000,-180.0000,-62.462093,85.971695,-169.432448,200.000000
136,13.6000,32.000000000,126.000000000,0.0000,32.125000000,126.025676350,0.0000,-90.0000,24.262605,17.644432,0.000000,30.000000,32.095472058,126.000000000,300.0000,-180.0000,-62.461779,85.971264,-169.432783,200.000000
137,13.7000,32.000000000,126.000000000,0.0000,32.125000000,126.025644559,0.0000,-90.0000,24.262615,17.644419,0.000000,30.000000,32.095291705,126.000000000,300.0000,-180.0000,-62.461466,85.970833,-169.433117,200.000000
138,13.8000,32.000000000,126.000000000,0.0000,32.125000000,126.025612767,0.0000,-90.0000,24.262625,17.644405,0.000000,30.000000,32.095111352,126.000000000,300.0000,-180.0000,-62.461152,85.970401,-169.433452,200.000000
139,13.9000,32.000000000,126.000000000,0.0000,32.125000000,126.025580976,0.0000,-90.0000,24.262635,17.644392,0.000000,30.000000,32.094930999,126.000000000,300.0000,-180.0000,-62.460839,85.969970,-169.433786,200.000000
140,14.0000,32.000000000,126.000000000,0.0000,32.125000000,126.025549184,0.0000,-90.0000,24.262644,17.644378,0.000000,30.000000,32.094750646,126.000000000,300.0000,-180.0000,-62.460526,85.969538,-169.434121,200.000000
141,14.1000,32.000000000,126.000000000,0.0000,32.125000000,126.025517393,0.0000,-90.0000,24.262654,17.644365,0.000000,30.000000,32.094570293,126.000000000,300.0000,-180.0000,-62.460212,85.969107,-169.434455,200.000000
142,14.2000,32.000000000,126.000000000,0.0000,32.125000000,126.025485601,0.0000,-90.0000,24.262664,17.644352,0.000000,30.000000,32.094389940,126.000000000,300.0000,-180.0000,-62.459899,85.968675,-169.434790,200.000000
143,14.3000,32.000000000,126.000000000,0.0000,32.125000000,126.025453809,0.0000,-90.0000,24.262674,17.644338,0.000000,30.000000,32.094209587,126.000000000,300.0000,-180.0000,-62.459585,85.968244,-169.435124,200.000000
144,14.4000,32.000000000,126.000000000,0.0000,32.125000000,126.025422018,0.0000,-90.0000,24.262683,17.644325,0.000000,30.000000,32.094029234,126.000000000,300.0000,-180.0000,-62.459272,85.967812,-169.435459,200.000000
145,14.5000,32.000000000,126.000000000,0.0000,32.125000000,126.025390226,0.0000,-90.0000,24.262693,17.644311,0.000000,30.000000,32.093848881,126.000000000,300.0000,-180.0000,-62.458958,85.967381,-169.435793,200.000000
146,14.6000,32.000000000,126.000000000,0.0000,32.125000000,126.025358435,0.0000,-90.0000,24.262703,17.644298,0.000000,30.000000,32.093668529,126.000000000,300.0000,-180.0000,-62.458645,85.966949,-169.436128,200.000000
147,14.7000,32.000000000,126.000000000,0.0000,32.125000000,126.025326643,0.0000,-90.0000,24.262713,17.644284,0.000000,30.000000,32.093488176,126.000000000,300.0000,-180.0000,-62.458331,85.966518,-169.436462,200.000000
148,14.8000,32.000000000,126.000000000,0.0000,32.125000000,126.025294852,0.0000,-90.0000,24.262723,17.644271,0.000000,30.000000,32.093307823,126.000000000,300.0000,-180.0000,-62.458018,85.966086,-169.436797,200.000000
149,14.9000,32.000000000,126.000000000,0.0000,32.125000000,126.025263060,0.0000,-90.0000,24.262732,17.644257,0.000000,30.000000,32.093127470,126.000000000,300.0000,-180.0000,-62.457704,85.965655,-169.437131,200.000000
150,15.0000,32.000000000,126.000000000,0.0000,32.125000000,126.025231269,0.0000,-90.0000,24.262742,17.644244,0.000000,30.000000,32.092947117,126.000000000,300.0000,-180.0000,-62.457391,85.965223,-169.437466,200.000000
151,15.1000,32.000000000,126.000000000,0.0000,32.125000000,126.025199477,0.0000,-90.0000,24.262752,17.644230,0.000000,30.000000,32.092766764,126.000000000,300.0000,-180.0000,-62.457077,85.964792,-169.437800,200.000000
152,15.2000,32.000000000,126.000000000,0.0000,32.125000000,126.025167686,0.0000,-90.0000,24.262762,17.644217,0.000000,30.000000,32.092586411,126.000000000,300.0000,-180.0000,-62.456764,85.964360,-169.438135,200.000000
153,15.3000,32.000000000,126.000000000,0.0000,32.125000000,126.025135894,0.0000,-90.0000,24.262772,17.644203,0.000000,30.000000,32.092406058,126.000000000,300.0000,-180.0000,-62.456450,85.963929,-169.438469,200.000000
154,15.4000,32.000000000,126.000000000,0.0000,32.125000000,126.025104102,0.0000,-90.0000,24.262781,17.644190,0.000000,30.000000,32.092225705,126.000000000,300.0000,-180.0000,-62.456137,85.963497,-169.438803,200.000000
155,15.5000,32.000000000,126.000000000,0.0000,32.125000000,126.025072311,0.0000,-90.0000,24.262791,17.644177,0.000000,30.000000,32.092045352,126.000000000,300.0000,-180.0000,-62.455823,85.963066,-169.439138,200.000000
156,15.6000,32.000000000,126.000000000,0.0000,32.125000000,126.025040519,0.0000,-90.0000,24.262801,17.644163,0.000000,30.000000,32.091864999,126.000000000,300.0000,-180.0000,-62.455510,85.962634,-169.439472,200.000000
157,15.7000,32.000000000,126.000000000,0.0000,32.125000000,126.025008728,0.0000,-90.0000,24.262811,17.644150,0.000000,30.000000,32.091684646,126.000000000,300.0000,-180.0000,-62.455196,85.962203,-169.439807,200.000000
158,15.8000,32.000000000,126.000000000,0.0000,32.125000000,126.024976936,0.0000,-90.0000,24.262821,17.644136,0.000000,30.000000,32.091504293,126.000000000,300.0000,-180.0000,-62.454883,85.961771,-169.440141,200.000000
159,15.9000,32.000000000,126.000000000,0.0000,32.125000000,126.024945145,0.0000,-90.0000,24.262830,17.644123,0.000000,30.000000,32.091323940,126.000000000,300.0000,-180.0000,-62.454569,85.961340,-169.440476,200.000000
160,16.0000,32.000000000,126.000000000,0.0000,32.125000000,126.024913353,0.0000,-90.0000,24.262840,17.644109,0.000000,30.000000,32.091143587,126.000000000,300.0000,-180.0000,-62.454256,85.960908,-169.440810,200.000000
161,16.1000,32.000000000,126.000000000,0.0000,32.125000000,126.024881562,0.0000,-90.0000,24.262850,17.644096,0.000000,30.000000,32.090963234,126.000000000,300.0000,-180.0000,-62.453942,85.960477,-169.441145,200.000000
162,16.2000,32.000000000,126.000000000,0.0000,32.125000000,126.024849770,0.0000,-90.0000,24.262860,17.644082,0.000000,30.000000,32.090782881,126.000000000,300.0000,-180.0000,-62.453629,85.960045,-169.441479,200.000000
163,16.3000,32.000000000,126.000000000,0.0000,32.125000000,126.024817979,0.0000,-90.0000,24.262869,17.644069,0.000000,30.000000,32.090602528,126.000000000,300.0000,-180.0000,-62.453315,85.959614,-169.441814,200.000000
164,16.4000,32.000000000,126.000000000,0.0000,32.125000000,126.024786187,0.0000,-90.0000,24.262879,17.644055,0.000000,30.000000,32.090422175,126.000000000,300.0000,-180.0000,-62.453002,85.959182,-169.442148,200.000000
165,16.5000,32.000000000,126.000000000,0.0000,32.125000000,126.024754396,0.0000,-90.0000,24.262889,17.644042,0.000000,30.000000,32.090241822,126.000000000,300.0000,-180.0000,-62.452688,85.958751,-169.442483,200.000000
166,16.6000,32.000000000,126.000000000,0.0000,32.125000000,126.024722604,0.0000,-90.0000,24.262899,17.644028,0.000000,30.000000,32.090061469,126.000000000,300.0000,-180.0000,-62.452375,85.958319,-169.442817,200.000000
167,16.7000,32.000000000,126.000000000,0.0000,32.125000000,126.024690812,0.0000,-90.0000,24.262909,17.644015,0.000000,30.000000,32.089881116,126.000000000,300.0000,-180.0000,-62.452061,85.957888,-169.443151,200.000000
168,16.8000,32.000000000,126.000000000,0.0000,32.125000000,126.024659021,0.0000,-90.0000,24.262918,17.644002,0.000000,30.000000,32.089700763,126.000000000,300.0000,-180.0000,-62.451748,85.957456,-169.443486,200.000000
169,16.9000,32.000000000,126.000000000,0.0000,32.125000000,126.024627229,0.0000,-90.0000,24.262928,17.643988,0.000000,30.000000,32.089520410,126.000000000,300.0000,-180.0000,-62.451434,85.957025,-169.443820,200.000000
170,17.0000,32.000000000,126.000000000,0.0000,32.125000000,126.024595438,0.0000,-90.0000,24.262938,17.643975,0.000000,30.000000,32.089340057,126.000000000,300.0000,-180.0000,-62.451121,85.956593,-169.444155,200.000000
171,17.1000,32.000000000,126.000000000,0.0000,32.125000000,126.024563646,0.0000,-90.0000,24.262948,17.643961,0.000000,30.000000,32.089159704,126.000000000,300.0000,-180.0000,-62.450807,85.956162,-169.444489,200.000000
172,17.2000,32.000000000,126.000000000,0.0000,32.125000000,126.024531855,0.0000,-90.0000,24.262958,17.643948,0.000000,30.000000,32.088979351,126.000000000,300.0000,-180.0000,-62.450494,85.955730,-169.444824,200.000000
173,17.3000,32.000000000,126.000000000,0.0000,32.125000000,126.024500063,0.0000,-90.0000,24.262967,17.643934,0.000000,30.000000,32.088798998,126.000000000,300.0000,-180.0000,-62.450180,85.955299,-169.445158,200.000000
174,17.4000,32.000000000,126.000000000,0.0000,32.125000000,126.024468272,0.0000,-90.0000,24.262977,17.643921,0.000000,30.000000,32.088618645,126.000000000,300.0000,-180.0000,-62.449867,85.954867,-169.445493,200.000000
175,17.5000,32.000000000,126.000000000,0.0000,32.125000000,126.024436480,0.0000,-90.0000,24.262987,17.643907,0.000000,30.000000,32.088438292,126.000000000,300.0000,-180.0000,-62.449553,85.954436,-169.445827,200.000000
176,17.6000,32.000000000,126.000000000,0.0000,32.125000000,126.024404689,0.0000,-90.0000,24.262997,17.643894,0.000000,30.000000,32.088257939,126.000000000,300.0000,-180.0000,-62.449240,85.954004,-169.446161,200.000000
177,17.7000,32.000000000,126.000000000,0.0000,32.125000000,126.024372897,0.0000,-90.0000,24.263007,17.643880,0.000000,30.000000,32.088077586,126.000000000,300.0000,-180.0000,-62.448926,85.953573,-169.446496,200.000000
178,17.8000,32.000000000,126.000000000,0.0000,32.125000000,126.024341105,0.0000,-90.0000,24.263016,17.643867,0.000000,30.000000,32.087897233,126.000000000,300.0000,-180.0000,-62.448613,85.953141,-169.446830,200.000000
179,17.9000,32.000000000,126.000000000,0.0000,32.125000000,126.024309314,0.0000,-90.0000,24.263026,17.643853,0.000000,30.000000,32.087716879,126.000000000,300.0000,-180.0000,-62.448299,85.952710,-169.447165,200.000000
180,18.0000,32.000000000,126.000000000,0.0000,32.125000000,126.024277522,0.0000,-90.0000,24.263036,17.643840,0.000000,30.000000,32.087536526,126.000000000,300.0000,-180.0000,-62.447986,85.952278,-169.447499,200.000000
181,18.1000,32.000000000,126.000000000,0.0000,32.125000000,126.024245731,0.0000,-90.0000,24.263046,17.643826,0.000000,30.000000,32.087356173,126.000000000,300.0000,-180.0000,-62.447672,85.951847,-169.447834,200.000000
182,18.2000,32.000000000,126.000000000,0.0000,32.125000000,126.024213939,0.0000,-90.0000,24.263055,17.643813,0.000000,30.000000,32.087175820,126.000000000,300.0000,-180.0000,-62.447358,85.951415,-169.448168,200.000000
183,18.3000,32.000000000,126.000000000,0.0000,32.125000000,126.024182148,0.0000,-90.0000,24.263065,17.643800,0.000000,30.000000,32.086995467,126.000000000,300.0000,-180.0000,-62.447045,85.950984,-169.448502,200.000000
184,18.4000,32.000000000,126.000000000,0.0000,32.125000000,126.024150356,0.0000,-90.0000,24.263075,17.643786,0.000000,30.000000,32.086815114,126.000000000,300.0000,-180.0000,-62.446731,85.950552,-169.448837,200.000000
185,18.5000,32.000000000,126.000000000,0.0000,32.125000000,126.024118565,0.0000,-90.0000,24.263085,17.643773,0.000000,30.000000,32.086634761,126.000000000,300.0000,-180.0000,-62.446418,85.950121,-169.449171,200.000000
186,18.6000,32.000000000,126.000000000,0.0000,32.125000000,126.024086773,0.0000,-90.0000,24.263095,17.643759,0.000000,30.000000,32.086454408,126.000000000,300.0000,-180.0000,-62.446104,85.949689,-169.449506,200.000000
187,18.7000,32.000000000,126.000000000,0.0000,32.125000000,126.024054982,0.0000,-90.0000,24.263104,17.643746,0.000000,30.000000,32.086274055,126.000000000,300.0000,-180.0000,-62.445791,85.949258,-169.449840,200.000000
188,18.8000,32.000000000,126.000000000,0.0000,32.125000000,126.024023190,0.0000,-90.0000,24.263114,17.643732,0.000000,30.000000,32.086093701,126.000000000,300.0000,-180.0000,-62.445477,85.948826,-169.450175,200.000000
189,18.9000,32.000000000,126.000000000,0.0000,32.125000000,126.023991398,0.0000,-90.0000,24.263124,17.643719,0.000000,30.000000,32.085913348,126.000000000,300.0000,-180.0000,-62.445164,85.948395,-169.450509,200.000000
190,19.0000,32.000000000,126.000000000,0.0000,32.125000000,126.023959607,0.0000,-90.0000,24.263134,17.643705,0.000000,30.000000,32.085732995,126.000000000,300.0000,-180.0000,-62.444850,85.947963,-169.450843,200.000000
191,19.1000,32.000000000,126.000000000,0.0000,32.125000000,126.023927815,0.0000,-90.0000,24.263144,17.643692,0.000000,30.000000,32.085552642,126.000000000,300.0000,-180.0000,-62.444537,85.947532,-169.451178,200.000000
192,19.2000,32.000000000,126.000000000,0.0000,32.125000000,126.023896024,0.0000,-90.0000,24.263153,17.643678,0.000000,30.000000,32.085372289,126.000000000,300.0000,-180.0000,-62.444223,85.947100,-169.451512,200.000000
193,19.3000,32.000000000,126.000000000,0.0000,32.125000000,126.023864232,0.0000,-90.0000,24.263163,17.643665,0.000000,30.000000,32.085191936,126.000000000,300.0000,-180.0000,-62.443910,85.946669,-169.451847,200.000000
194,19.4000,32.000000000,126.000000000,0.0000,32.125000000,126.023832441,0.0000,-90.0000,24.263173,17.643651,0.000000,30.000000,32.085011583,126.000000000,300.0000,-180.0000,-62.443596,85.946237,-169.452181,200.000000
195,19.5000,32.000000000,126.000000000,0.0000,32.125000000,126.023800649,0.0000,-90.0000,24.263183,17.643638,0.000000,30.000000,32.084831229,126.000000000,300.0000,-180.0000,-62.443283,85.945805,-169.452515,200.000000
196,19.6000,32.000000000,126.000000000,0.0000,32.125000000,126.023768858,0.0000,-90.0000,24.263193,17.643625,0.000000,30.000000,32.084650876,126.000000000,300.0000,-180.0000,-62.442969,85.945374,-169.452850,200.000000
197,19.7000,32.000000000,126.000000000,0.0000,32.125000000,126.023737066,0.0000,-90.0000,24.263202,17.643611,0.000000,30.000000,32.084470523,126.000000000,300.0000,-180.0000,-62.442656,85.944942,-169.453184,200.000000
198,19.8000,32.000000000,126.000000000,0.0000,32.125000000,126.023705275,0.0000,-90.0000,24.263212,17.643598,0.000000,30.000000,32.084290170,126.000000000,300.0000,-180.0000,-62.442342,85.944511,-169.453519,200.000000
199,19.9000,32.000000000,126.000000000,0.0000,32.125000000,126.023673483,0.0000,-90.0000,24.263222,17.643584,0.000000,30.000000,32.084109817,126.000000000,300.0000,-180.0000,-62.442029,85.944079,-169.453853,200.000000
200,20.0000,32.000000000,126.000000000,0.0000,32.125000000,126.023641692,0.0000,-90.0000,24.263232,17.643571,0.000000,30.000000,32.083929463,126.000000000,300.0000,-180.0000,-62.441715,85.943648,-169.454187,200.000000
201,20.1000,32.000000000,126.000000000,0.0000,32.125000000,126.023609900,0.0000,-90.0000,24.263242,17.643557,0.000000,30.000000,32.083749110,126.000000000,300.0000,-180.0000,-62.441402,85.943216,-169.454522,200.000000
202,20.2000,32.000000000,126.000000000,0.0000,32.125000000,126.023578108,0.0000,-90.0000,24.263251,17.643544,0.000000,30.000000,32.083568757,126.000000000,300.0000,-180.0000,-62.441088,85.942785,-169.454856,200.000000
203,20.3000,32.000000000,126.000000000,0.0000,32.125000000,126.023546317,0.0000,-90.0000,24.263261,17.643530,0.000000,30.000000,32.083388404,126.000000000,300.0000,-180.0000,-62.440775,85.942353,-169.455191,200.000000
204,20.4000,32.000000000,126.000000000,0.0000,32.125000000,126.023514525,0.0000,-90.0000,24.263271,17.643517,0.000000,30.000000,32.083208051,126.000000000,300.0000,-180.0000,-62.440461,85.941922,-169.455525,200.000000
205,20.5000,32.000000000,126.000000000,0.0000,32.125000000,126.023482734,0.0000,-90.0000,24.263281,17.643503,0.000000,30.000000,32.083027697,126.000000000,300.0000,-180.0000,-62.440148,85.941490,-169.455859,200.000000
206,20.6000,32.000000000,126.000000000,0.0000,32.125000000,126.023450942,0.0000,-90.0000,24.263290,17.643490,0.000000,30.000000,32.082847344,126.000000000,300.0000,-180.0000,-62.439834,85.941059,-169.456194,200.000000
207,20.7000,32.000000000,126.000000000,0.0000,32.125000000,126.023419151,0.0000,-90.0000,24.263300,17.643476,0.000000,30.000000,32.082666991,126.000000000,300.0000,-180.0000,-62.439520,85.940627,-169.456528,200.000000
208,20.8000,32.000000000,126.000000000,0.0000,32.125000000,126.023387359,0.0000,-90.0000,24.263310,17.643463,0.000000,30.000000,32.082486638,126.000000000,300.0000,-180.0000,-62.439207,85.940196,-169.456862,200.000000
209,20.9000,32.000000000,126.000000000,0.0000,32.125000000,126.023355568,0.0000,-90.0000,24.263320,17.643450,0.000000,30.000000,32.082306284,126.000000000,300.0000,-180.0000,-62.438893,85.939764,-169.457197,200.000000
210,21.0000,32.000000000,126.000000000,0.0000,32.125000000,126.023323776,0.0000,-90.0000,24.263330,17.643436,0.000000,30.000000,32.082125931,126.000000000,300.0000,-180.0000,-62.438580,85.939332,-169.457531,200.000000
211,21.1000,32.000000000,126.000000000,0.0000,32.125000000,126.023291985,0.0000,-90.0000,24.263339,17.643423,0.000000,30.000000,32.081945578,126.000000000,300.0000,-180.0000,-62.438266,85.938901,-169.457866,200.000000
212,21.2000,32.000000000,126.000000000,0.0000,32.125000000,126.023260193,0.0000,-90.0000,24.263349,17.643409,0.000000,30.000000,32.081765225,126.000000000,300.0000,-180.0000,-62.437953,85.938469,-169.458200,200.000000
213,21.3000,32.000000000,126.000000000,0.0000,32.125000000,126.023228401,0.0000,-90.0000,24.263359,17.643396,0.000000,30.000000,32.081584871,126.000000000,300.0000,-180.0000,-62.437639,85.938038,-169.458534,200.000000
214,21.4000,32.000000000,126.000000000,0.0000,32.125000000,126.023196610,0.0000,-90.0000,24.263369,17.643382,0.000000,30.000000,32.081404518,126.000000000,300.0000,-180.0000,-62.437326,85.937606,-169.458869,200.000000
215,21.5000,32.000000000,126.000000000,0.0000,32.125000000,126.023164818,0.0000,-90.0000,24.263379,17.643369,0.000000,30.000000,32.081224165,126.000000000,300.0000,-180.0000,-62.437012,85.937175,-169.459203,200.000000
216,21.6000,32.000000000,126.000000000,0.0000,32.125000000,126.023133027,0.0000,-90.0000,24.263388,17.643355,0.000000,30.000000,32.081043812,126.000000000,300.0000,-180.0000,-62.436699,85.936743,-169.459537,200.000000
217,21.7000,32.000000000,126.000000000,0.0000,32.125000000,126.023101235,0.0000,-90.0000,24.263398,17.643342,0.000000,30.000000,32.080863458,126.000000000,300.0000,-180.0000,-62.436385,85.936312,-169.459872,200.000000
218,21.8000,32.000000000,126.000000000,0.0000,32.125000000,126.023069444,0.0000,-90.0000,24.263408,17.643328,0.000000,30.000000,32.080683105,126.000000000,300.0000,-180.0000,-62.436072,85.935880,-169.460206,200.000000
219,21.9000,32.000000000,126.000000000,0.0000,32.125000000,126.023037652,0.0000,-90.0000,24.263418,17.643315,0.000000,30.000000,32.080502752,126.000000000,300.0000,-180.0000,-62.435758,85.935449,-169.460541,200.000000
220,22.0000,32.000000000,126.000000000,0.0000,32.125000000,126.023005861,0.0000,-90.0000,24.263428,17.643301,0.000000,30.000000,32.080322398,126.000000000,300.0000,-180.0000,-62.435445,85.935017,-169.460875,200.000000
221,22.1000,32.000000000,126.000000000,0.0000,32.125000000,126.022974069,0.0000,-90.0000,24.263437,17.643288,0.000000,30.000000,32.080142045,126.000000000,300.0000,-180.0000,-62.435131,85.934585,-169.461209,200.000000
222,22.2000,32.000000000,126.000000000,0.0000,32.125000000,126.022942278,0.0000,-90.0000,24.263447,17.643275,0.000000,30.000000,32.079961692,126.000000000,300.0000,-180.0000,-62.434817,85.934154,-169.461544,200.000000
223,22.3000,32.000000000,126.000000000,0.0000,32.125000000,126.022910486,0.0000,-90.0000,24.263457,17.643261,0.000000,30.000000,32.079781339,126.000000000,300.0000,-180.0000,-62.434504,85.933722,-169.461878,200.000000
224,22.4000,32.000000000,126.000000000,0.0000,32.125000000,126.022878695,0.0000,-90.0000,24.263467,17.643248,0.000000,30.000000,32.079600985,126.000000000,300.0000,-180.0000,-62.434190,85.933291,-169.462212,200.000000
225,22.5000,32.000000000,126.000000000,0.0000,32.125000000,126.022846903,0.0000,-90.0000,24.263476,17.643234,0.000000,30.000000,32.079420632,126.000000000,300.0000,-180.0000,-62.433877,85.932859,-169.462547,200.000000
226,22.6000,32.000000000,126.000000000,0.0000,32.125000000,126.022815111,0.0000,-90.0000,24.263486,17.643221,0.000000,30.000000,32.079240279,126.000000000,300.0000,-180.0000,-62.433563,85.932428,-169.462881,200.000000
227,22.7000,32.000000000,126.000000000,0.0000,32.125000000,126.022783320,0.0000,-90.0000,24.263496,17.643207,0.000000,30.000000,32.079059925,126.000000000,300.0000,-180.0000,-62.433250,85.931996,-169.463215,200.000000
228,22.8000,32.000000000,126.000000000,0.0000,32.125000000,126.022751528,0.0000,-90.0000,24.263506,17.643194,0.000000,30.000000,32.078879572,126.000000000,300.0000,-180.0000,-62.432936,85.931565,-169.463550,200.000000
229,22.9000,32.000000000,126.000000000,0.0000,32.125000000,126.022719737,0.0000,-90.0000,24.263516,17.643180,0.000000,30.000000,32.078699219,126.000000000,300.0000,-180.0000,-62.432623,85.931133,-169.463884,200.000000
230,23.0000,32.000000000,126.000000000,0.0000,32.125000000,126.022687945,0.0000,-90.0000,24.263525,17.643167,0.000000,30.000000,32.078518865,126.000000000,300.0000,-180.0000,-62.432309,85.930702,-169.464218,200.000000
231,23.1000,32.000000000,126.000000000,0.0000,32.125000000,126.022656154,0.0000,-90.0000,24.263535,17.643153,0.000000,30.000000,32.078338512,126.000000000,300.0000,-180.0000,-62.431996,85.930270,-169.464553,200.000000
232,23.2000,32.000000000,126.000000000,0.0000,32.125000000,126.022624362,0.0000,-90.0000,24.263545,17.643140,0.000000,30.000000,32.078158158,126.000000000,300.0000,-180.0000,-62.431682,85.929838,-169.464887,200.000000
233,23.3000,32.000000000,126.000000000,0.0000,32.125000000,126.022592571,0.0000,-90.0000,24.263555,17.643126,0.000000,30.000000,32.077977805,126.000000000,300.0000,-180.0000,-62.431368,85.929407,-169.465221,200.000000
234,23.4000,32.000000000,126.000000000,0.0000,32.125000000,126.022560779,0.0000,-90.0000,24.263565,17.643113,0.000000,30.000000,32.077797452,126.000000000,300.0000,-180.0000,-62.431055,85.928975,-169.465556,200.000000
235,23.5000,32.000000000,126.000000000,0.0000,32.125000000,126.022528988,0.0000,-90.0000,24.263574,17.643099,0.000000,30.000000,32.077617098,126.000000000,300.0000,-180.0000,-62.430741,85.928544,-169.465890,200.000000
236,23.6000,32.000000000,126.000000000,0.0000,32.125000000,126.022497196,0.0000,-90.0000,24.263584,17.643086,0.000000,30.000000,32.077436745,126.000000000,300.0000,-180.0000,-62.430428,85.928112,-169.466224,200.000000
237,23.7000,32.000000000,126.000000000,0.0000,32.125000000,126.022465404,0.0000,-90.0000,24.263594,17.643073,0.000000,30.000000,32.077256392,126.000000000,300.0000,-180.0000,-62.430114,85.927681,-169.466559,200.000000
238,23.8000,32.000000000,126.000000000,0.0000,32.125000000,126.022433613,0.0000,-90.0000,24.263604,17.643059,0.000000,30.000000,32.077076038,126.000000000,300.0000,-180.0000,-62.429801,85.927249,-169.466893,200.000000
239,23.9000,32.000000000,126.000000000,0.0000,32.125000000,126.022401821,0.0000,-90.0000,24.263614,17.643046,0.000000,30.000000,32.076895685,126.000000000,300.0000,-180.0000,-62.429487,85.926817,-169.467227,200.000000
240,24.0000,32.000000000,126.000000000,0.0000,32.125000000,126.022370030,0.0000,-90.0000,24.263623,17.643032,0.000000,30.000000,32.076715331,126.000000000,300.0000,-180.0000,-62.429174,85.926386,-169.467562,200.000000
241,24.1000,32.000000000,126.000000000,0.0000,32.125000000,126.022338238,0.0000,-90.0000,24.263633,17.643019,0.000000,30.000000,32.076534978,126.000000000,300.0000,-180.0000,-62.428860,85.925954,-169.467896,200.000000
242,24.2000,32.000000000,126.000000000,0.0000,32.125000000,126.022306447,0.0000,-90.0000,24.263643,17.643005,0.000000,30.000000,32.076354625,126.000000000,300.0000,-180.0000,-62.428547,85.925523,-169.468230,200.000000
243,24.3000,32.000000000,126.000000000,0.0000,32.125000000,126.022274655,0.0000,-90.0000,24.263653,17.642992,0.000000,30.000000,32.076174271,126.000000000,300.0000,-180.0000,-62.428233,85.925091,-169.468565,200.000000
244,24.4000,32.000000000,126.000000000,0.0000,32.125000000,126.022242864,0.0000,-90.0000,24.263662,17.642978,0.000000,30.000000,32.075993918,126.000000000,300.0000,-180.0000,-62.427919,85.924660,-169.468899,200.000000
245,24.5000,32.000000000,126.000000000,0.0000,32.125000000,126.022211072,0.0000,-90.0000,24.263672,17.642965,0.000000,30.000000,32.075813564,126.000000000,300.0000,-180.0000,-62.427606,85.924228,-169.469233,200.000000
246,24.6000,32.000000000,126.000000000,0.0000,32.125000000,126.022179281,0.0000,-90.0000,24.263682,17.642951,0.000000,30.000000,32.075633211,126.000000000,300.0000,-180.0000,-62.427292,85.923797,-169.469568,200.000000
247,24.7000,32.000000000,126.000000000,0.0000,32.125000000,126.022147489,0.0000,-90.0000,24.263692,17.642938,0.000000,30.000000,32.075452857,126.000000000,300.0000,-180.0000,-62.426979,85.923365,-169.469902,200.000000
248,24.8000,32.000000000,126.000000000,0.0000,32.125000000,126.022115697,0.0000,-90.0000,24.263702,17.642924,0.000000,30.000000,32.075272504,126.000000000,300.0000,-180.0000,-62.426665,85.922933,-169.470236,200.000000
249,24.9000,32.000000000,126.000000000,0.0000,32.125000000,126.022083906,0.0000,-90.0000,24.263711,17.642911,0.000000,30.000000,32.075092151,126.000000000,300.0000,-180.0000,-62.426352,85.922502,-169.470571,200.000000
250,25.0000,32.000000000,126.000000000,0.0000,32.125000000,126.022052114,0.0000,-90.0000,24.263721,17.642898,0.000000,30.000000,32.074911797,126.000000000,300.0000,-180.0000,-62.426038,85.922070,-169.470905,200.000000
251,25.1000,32.000000000,126.000000000,0.0000,32.125000000,126.022020323,0.0000,-90.0000,24.263731,17.642884,0.000000,30.000000,32.074731444,126.000000000,300.0000,-180.0000,-62.425725,85.921639,-169.471239,200.000000
252,25.2000,32.000000000,126.000000000,0.0000,32.125000000,126.021988531,0.0000,-90.0000,24.263741,17.642871,0.000000,30.000000,32.074551090,126.000000000,300.0000,-180.0000,-62.425411,85.921207,-169.471574,200.000000
253,25.3000,32.000000000,126.000000000,0.0000,32.125000000,126.021956740,0.0000,-90.0000,24.263751,17.642857,0.000000,30.000000,32.074370737,126.000000000,300.0000,-180.0000,-62.425097,85.920776,-169.471908,200.000000
254,25.4000,32.000000000,126.000000000,0.0000,32.125000000,126.021924948,0.0000,-90.0000,24.263760,17.642844,0.000000,30.000000,32.074190383,126.000000000,300.0000,-180.0000,-62.424784,85.920344,-169.472242,200.000000
255,25.5000,32.000000000,126.000000000,0.0000,32.125000000,126.021893157,0.0000,-90.0000,24.263770,17.642830,0.000000,30.000000,32.074010030,126.000000000,300.0000,-180.0000,-62.424470,85.919912,-169.472576,200.000000
256,25.6000,32.000000000,126.000000000,0.0000,32.125000000,126.021861365,0.0000,-90.0000,24.263780,17.642817,0.000000,30.000000,32.073829676,126.000000000,300.0000,-180.0000,-62.424157,85.919481,-169.472911,200.000000
257,25.7000,32.000000000,126.000000000,0.0000,32.125000000,126.021829574,0.0000,-90.0000,24.263790,17.642803,0.000000,30.000000,32.073649323,126.000000000,300.0000,-180.0000,-62.423843,85.919049,-169.473245,200.000000
258,25.8000,32.000000000,126.000000000,0.0000,32.125000000,126.021797782,0.0000,-90.0000,24.263800,17.642790,0.000000,30.000000,32.073468969,126.000000000,300.0000,-180.0000,-62.423530,85.918618,-169.473579,200.000000
259,25.9000,32.000000000,126.000000000,0.0000,32.125000000,126.021765991,0.0000,-90.0000,24.263809,17.642776,0.000000,30.000000,32.073288616,126.000000000,300.0000,-180.0000,-62.423216,85.918186,-169.473914,200.000000
260,26.0000,32.000000000,126.000000000,0.0000,32.125000000,126.021734199,0.0000,-90.0000,24.263819,17.642763,0.000000,30.000000,32.073108262,126.000000000,300.0000,-180.0000,-62.422903,85.917754,-169.474248,200.000000
261,26.1000,32.000000000,126.000000000,0.0000,32.125000000,126.021702407,0.0000,-90.0000,24.263829,17.642749,0.000000,30.000000,32.072927909,126.000000000,300.0000,-180.0000,-62.422589,85.917323,-169.474582,200.000000
262,26.2000,32.000000000,126.000000000,0.0000,32.125000000,126.021670616,0.0000,-90.0000,24.263839,17.642736,0.000000,30.000000,32.072747555,126.000000000,300.0000,-180.0000,-62.422275,85.916891,-169.474917,200.000000
263,26.3000,32.000000000,126.000000000,0.0000,32.125000000,126.021638824,0.0000,-90.0000,24.263848,17.642723,0.000000,30.000000,32.072567202,126.000000000,300.0000,-180.0000,-62.421962,85.916460,-169.475251,200.000000
264,26.4000,32.000000000,126.000000000,0.0000,32.125000000,126.021607033,0.0000,-90.0000,24.263858,17.642709,0.000000,30.000000,32.072386848,126.000000000,300.0000,-180.0000,-62.421648,85.916028,-169.475585,200.000000
265,26.5000,32.000000000,126.000000000,0.0000,32.125000000,126.021575241,0.0000,-90.0000,24.263868,17.642696,0.000000,30.000000,32.072206495,126.000000000,300.0000,-180.0000,-62.421335,85.915597,-169.475919,200.000000
266,26.6000,32.000000000,126.000000000,0.0000,32.125000000,126.021543450,0.0000,-90.0000,24.263878,17.642682,0.000000,30.000000,32.072026141,126.000000000,300.0000,-180.0000,-62.421021,85.915165,-169.476254,200.000000
267,26.7000,32.000000000,126.000000000,0.0000,32.125000000,126.021511658,0.0000,-90.0000,24.263888,17.642669,0.000000,30.000000,32.071845788,126.000000000,300.0000,-180.0000,-62.420708,85.914733,-169.476588,200.000000
268,26.8000,32.000000000,126.000000000,0.0000,32.125000000,126.021479867,0.0000,-90.0000,24.263897,17.642655,0.000000,30.000000,32.071665434,126.000000000,300.0000,-180.0000,-62.420394,85.914302,-169.476922,200.000000
269,26.9000,32.000000000,126.000000000,0.0000,32.125000000,126.021448075,0.0000,-90.0000,24.263907,17.642642,0.000000,30.000000,32.071485081,126.000000000,300.0000,-180.0000,-62.420080,85.913870,-169.477256,200.000000
270,27.0000,32.000000000,126.000000000,0.0000,32.125000000,126.021416284,0.0000,-90.0000,24.263917,17.642628,0.000000,30.000000,32.071304727,126.000000000,300.0000,-180.0000,-62.419767,85.913439,-169.477591,200.000000
271,27.1000,32.000000000,126.000000000,0.0000,32.125000000,126.021384492,0.0000,-90.0000,24.263927,17.642615,0.000000,30.000000,32.071124373,126.000000000,300.0000,-180.0000,-62.419453,85.913007,-169.477925,200.000000
272,27.2000,32.000000000,126.000000000,0.0000,32.125000000,126.021352700,0.0000,-90.0000,24.263937,17.642601,0.000000,30.000000,32.070944020,126.000000000,300.0000,-180.0000,-62.419140,85.912575,-169.478259,200.000000
273,27.3000,32.000000000,126.000000000,0.0000,32.125000000,126.021320909,0.0000,-90.0000,24.263946,17.642588,0.000000,30.000000,32.070763666,126.000000000,300.0000,-180.0000,-62.418826,85.912144,-169.478594,200.000000
274,27.4000,32.000000000,126.000000000,0.0000,32.125000000,126.021289117,0.0000,-90.0000,24.263956,17.642574,0.000000,30.000000,32.070583313,126.000000000,300.0000,-180.0000,-62.418513,85.911712,-169.478928,200.000000
275,27.5000,32.000000000,126.000000000,0.0000,32.125000000,126.021257326,0.0000,-90.0000,24.263966,17.642561,0.000000,30.000000,32.070402959,126.000000000,300.0000,-180.0000,-62.418199,85.911281,-169.479262,200.000000
276,27.6000,32.000000000,126.000000000,0.0000,32.125000000,126.021225534,0.0000,-90.0000,24.263976,17.642548,0.000000,30.000000,32.070222606,126.000000000,300.0000,-180.0000,-62.417885,85.910849,-169.479596,200.000000
277,27.7000,32.000000000,126.000000000,0.0000,32.125000000,126.021193743,0.0000,-90.0000,24.263986,17.642534,0.000000,30.000000,32.070042252,126.000000000,300.0000,-180.0000,-62.417572,85.910417,-169.479931,200.000000
278,27.8000,32.000000000,126.000000000,0.0000,32.125000000,126.021161951,0.0000,-90.0000,24.263995,17.642521,0.000000,30.000000,32.069861898,126.000000000,300.0000,-180.0000,-62.417258,85.909986,-169.480265,200.000000
279,27.9000,32.000000000,126.000000000,0.0000,32.125000000,126.021130160,0.0000,-90.0000,24.264005,17.642507,0.000000,30.000000,32.069681545,126.000000000,300.0000,-180.0000,-62.416945,85.909554,-169.480599,200.000000
280,28.0000,32.000000000,126.000000000,0.0000,32.125000000,126.021098368,0.0000,-90.0000,24.264015,17.642494,0.000000,30.000000,32.069501191,126.000000000,300.0000,-180.0000,-62.416631,85.909123,-169.480933,200.000000
281,28.1000,32.000000000,126.000000000,0.0000,32.125000000,126.021066577,0.0000,-90.0000,24.264025,17.642480,0.000000,30.000000,32.069320838,126.000000000,300.0000,-180.0000,-62.416318,85.908691,-169.481268,200.000000
282,28.2000,32.000000000,126.000000000,0.0000,32.125000000,126.021034785,0.0000,-90.0000,24.264034,17.642467,0.000000,30.000000,32.069140484,126.000000000,300.0000,-180.0000,-62.416004,85.908259,-169.481602,200.000000
283,28.3000,32.000000000,126.000000000,0.0000,32.125000000,126.021002994,0.0000,-90.0000,24.264044,17.642453,0.000000,30.000000,32.068960130,126.000000000,300.0000,-180.0000,-62.415690,85.907828,-169.481936,200.000000
284,28.4000,32.000000000,126.000000000,0.0000,32.125000000,126.020971202,0.0000,-90.0000,24.264054,17.642440,0.000000,30.000000,32.068779777,126.000000000,300.0000,-180.0000,-62.415377,85.907396,-169.482270,200.000000
285,28.5000,32.000000000,126.000000000,0.0000,32.125000000,126.020939410,0.0000,-90.0000,24.264064,17.642426,0.000000,30.000000,32.068599423,126.000000000,300.0000,-180.0000,-62.415063,85.906965,-169.482605,200.000000
286,28.6000,32.000000000,126.000000000,0.0000,32.125000000,126.020907619,0.0000,-90.0000,24.264074,17.642413,0.000000,30.000000,32.068419069,126.000000000,300.0000,-180.0000,-62.414750,85.906533,-169.482939,200.000000
287,28.7000,32.000000000,126.000000000,0.0000,32.125000000,126.020875827,0.0000,-90.0000,24.264083,17.642399,0.000000,30.000000,32.068238716,126.000000000,300.0000,-180.0000,-62.414436,85.906101,-169.483273,200.000000
288,28.8000,32.000000000,126.000000000,0.0000,32.125000000,126.020844036,0.0000,-90.0000,24.264093,17.642386,0.000000,30.000000,32.068058362,126.000000000,300.0000,-180.0000,-62.414123,85.905670,-169.483607,200.000000
289,28.9000,32.000000000,126.000000000,0.0000,32.125000000,126.020812244,0.0000,-90.0000,24.264103,17.642372,0.000000,30.000000,32.067878009,126.000000000,300.0000,-180.0000,-62.413809,85.905238,-169.483942,200.000000
290,29.0000,32.000000000,126.000000000,0.0000,32.125000000,126.020780453,0.0000,-90.0000,24.264113,17.642359,0.000000,30.000000,32.067697655,126.000000000,300.0000,-180.0000,-62.413495,85.904807,-169.484276,200.000000
291,29.1000,32.000000000,126.000000000,0.0000,32.125000000,126.020748661,0.0000,-90.0000,24.264123,17.642346,0.000000,30.000000,32.067517301,126.000000000,300.0000,-180.0000,-62.413182,85.904375,-169.484610,200.000000
292,29.2000,32.000000000,126.000000000,0.0000,32.125000000,126.020716870,0.0000,-90.0000,24.264132,17.642332,0.000000,30.000000,32.067336948,126.000000000,300.0000,-180.0000,-62.412868,85.903943,-169.484944,200.000000
293,29.3000,32.000000000,126.000000000,0.0000,32.125000000,126.020685078,0.0000,-90.0000,24.264142,17.642319,0.000000,30.000000,32.067156594,126.000000000,300.0000,-180.0000,-62.412555,85.903512,-169.485279,200.000000
294,29.4000,32.000000000,126.000000000,0.0000,32.125000000,126.020653287,0.0000,-90.0000,24.264152,17.642305,0.000000,30.000000,32.066976240,126.000000000,300.0000,-180.0000,-62.412241,85.903080,-169.485613,200.000000
295,29.5000,32.000000000,126.000000000,0.0000,32.125000000,126.020621495,0.0000,-90.0000,24.264162,17.642292,0.000000,30.000000,32.066795887,126.000000000,300.0000,-180.0000,-62.411927,85.902649,-169.485947,200.000000
296,29.6000,32.000000000,126.000000000,0.0000,32.125000000,126.020589703,0.0000,-90.0000,24.264172,17.642278,0.000000,30.000000,32.066615533,126.000000000,300.0000,-180.0000,-62.411614,85.902217,-169.486281,200.000000
297,29.7000,32.000000000,126.000000000,0.0000,32.125000000,126.020557912,0.0000,-90.0000,24.264181,17.642265,0.000000,30.000000,32.066435179,126.000000000,300.0000,-180.0000,-62.411300,85.901785,-169.486616,200.000000
298,29.8000,32.000000000,126.000000000,0.0000,32.125000000,126.020526120,0.0000,-90.0000,24.264191,17.642251,0.000000,30.000000,32.066254825,126.000000000,300.0000,-180.0000,-62.410987,85.901354,-169.486950,200.000000
299,29.9000,32.000000000,126.000000000,0.0000,32.125000000,126.020494329,0.0000,-90.0000,24.264201,17.642238,0.000000,30.000000,32.066074472,126.000000000,300.0000,-180.0000,-62.410673,85.900922,-169.487284,200.000000
300,30.0000,32.000000000,126.000000000,0.0000,32.125000000,126.020462537,0.0000,-90.0000,24.264211,17.642224,0.000000,30.000000,32.065894118,126.000000000,300.0000,-180.0000,-62.410360,85.900490,-169.487618,200.000000
301,30.1000,32.000000000,126.000000000,0.0000,32.125000000,126.020430746,0.0000,-90.0000,24.264220,17.642211,0.000000,30.000000,32.065713764,126.000000000,300.0000,-180.0000,-62.410046,85.900059,-169.487953,200.000000
302,30.2000,32.000000000,126.000000000,0.0000,32.125000000,126.020398954,0.0000,-90.0000,24.264230,17.642197,0.000000,30.000000,32.065533411,126.000000000,300.0000,-180.0000,-62.409732,85.899627,-169.488287,200.000000
303,30.3000,32.000000000,126.000000000,0.0000,32.125000000,126.020367163,0.0000,-90.0000,24.264240,17.642184,0.000000,30.000000,32.065353057,126.000000000,300.0000,-180.0000,-62.409419,85.899196,-169.488621,200.000000
304,30.4000,32.000000000,126.000000000,0.0000,32.125000000,126.020335371,0.0000,-90.0000,24.264250,17.642171,0.000000,30.000000,32.065172703,126.000000000,300.0000,-180.0000,-62.409105,85.898764,-169.488955,200.000000
305,30.5000,32.000000000,126.000000000,0.0000,32.125000000,126.020303580,0.0000,-90.0000,24.264260,17.642157,0.000000,30.000000,32.064992349,126.000000000,300.0000,-180.0000,-62.408792,85.898332,-169.489289,200.000000
306,30.6000,32.000000000,126.000000000,0.0000,32.125000000,126.020271788,0.0000,-90.0000,24.264269,17.642144,0.000000,30.000000,32.064811996,126.000000000,300.0000,-180.0000,-62.408478,85.897901,-169.489624,200.000000
307,30.7000,32.000000000,126.000000000,0.0000,32.125000000,126.020239996,0.0000,-90.0000,24.264279,17.642130,0.000000,30.000000,32.064631642,126.000000000,300.0000,-180.0000,-62.408164,85.897469,-169.489958,200.000000
308,30.8000,32.000000000,126.000000000,0.0000,32.125000000,126.020208205,0.0000,-90.0000,24.264289,17.642117,0.000000,30.000000,32.064451288,126.000000000,300.0000,-180.0000,-62.407851,85.897038,-169.490292,200.000000
309,30.9000,32.000000000,126.000000000,0.0000,32.125000000,126.020176413,0.0000,-90.0000,24.264299,17.642103,0.000000,30.000000,32.064270934,126.000000000,300.0000,-180.0000,-62.407537,85.896606,-169.490626,200.000000
310,31.0000,32.000000000,126.000000000,0.0000,32.125000000,126.020144622,0.0000,-90.0000,24.264309,17.642090,0.000000,30.000000,32.064090581,126.000000000,300.0000,-180.0000,-62.407224,85.896174,-169.490960,200.000000
311,31.1000,32.000000000,126.000000000,0.0000,32.125000000,126.020112830,0.0000,-90.0000,24.264318,17.642076,0.000000,30.000000,32.063910227,126.000000000,300.0000,-180.0000,-62.406910,85.895743,-169.491295,200.000000
312,31.2000,32.000000000,126.000000000,0.0000,32.125000000,126.020081039,0.0000,-90.0000,24.264328,17.642063,0.000000,30.000000,32.063729873,126.000000000,300.0000,-180.0000,-62.406596,85.895311,-169.491629,200.000000
313,31.3000,32.000000000,126.000000000,0.0000,32.125000000,126.020049247,0.0000,-90.0000,24.264338,17.642049,0.000000,30.000000,32.063549519,126.000000000,300.0000,-180.0000,-62.406283,85.894879,-169.491963,200.000000
314,31.4000,32.000000000,126.000000000,0.0000,32.125000000,126.020017456,0.0000,-90.0000,24.264348,17.642036,0.000000,30.000000,32.063369166,126.000000000,300.0000,-180.0000,-62.405969,85.894448,-169.492297,200.000000
315,31.5000,32.000000000,126.000000000,0.0000,32.125000000,126.019985664,0.0000,-90.0000,24.264357,17.642022,0.000000,30.000000,32.063188812,126.000000000,300.0000,-180.0000,-62.405656,85.894016,-169.492632,200.000000
316,31.6000,32.000000000,126.000000000,0.0000,32.125000000,126.019953873,0.0000,-90.0000,24.264367,17.642009,0.000000,30.000000,32.063008458,126.000000000,300.0000,-180.0000,-62.405342,85.893585,-169.492966,200.000000
317,31.7000,32.000000000,126.000000000,0.0000,32.125000000,126.019922081,0.0000,-90.0000,24.264377,17.641996,0.000000,30.000000,32.062828104,126.000000000,300.0000,-180.0000,-62.405028,85.893153,-169.493300,200.000000
318,31.8000,32.000000000,126.000000000,0.0000,32.125000000,126.019890290,0.0000,-90.0000,24.264387,17.641982,0.000000,30.000000,32.062647750,126.000000000,300.0000,-180.0000,-62.404715,85.892721,-169.493634,200.000000
319,31.9000,32.000000000,126.000000000,0.0000,32.125000000,126.019858498,0.0000,-90.0000,24.264397,17.641969,0.000000,30.000000,32.062467397,126.000000000,300.0000,-180.0000,-62.404401,85.892290,-169.493968,200.000000
320,32.0000,32.000000000,126.000000000,0.0000,32.125000000,126.019826706,0.0000,-90.0000,24.264406,17.641955,0.000000,30.000000,32.062287043,126.000000000,300.0000,-180.0000,-62.404088,85.891858,-169.494303,200.000000
321,32.1000,32.000000000,126.000000000,0.0000,32.125000000,126.019794915,0.0000,-90.0000,24.264416,17.641942,0.000000,30.000000,32.062106689,126.000000000,300.0000,-180.0000,-62.403774,85.891426,-169.494637,200.000000
322,32.2000,32.000000000,126.000000000,0.0000,32.125000000,126.019763123,0.0000,-90.0000,24.264426,17.641928,0.000000,30.000000,32.061926335,126.000000000,300.0000,-180.0000,-62.403460,85.890995,-169.494971,200.000000
323,32.3000,32.000000000,126.000000000,0.0000,32.125000000,126.019731332,0.0000,-90.0000,24.264436,17.641915,0.000000,30.000000,32.061745981,126.000000000,300.0000,-180.0000,-62.403147,85.890563,-169.495305,200.000000
324,32.4000,32.000000000,126.000000000,0.0000,32.125000000,126.019699540,0.0000,-90.0000,24.264446,17.641901,0.000000,30.000000,32.061565627,126.000000000,300.0000,-180.0000,-62.402833,85.890131,-169.495639,200.000000
325,32.5000,32.000000000,126.000000000,0.0000,32.125000000,126.019667749,0.0000,-90.0000,24.264455,17.641888,0.000000,30.000000,32.061385274,126.000000000,300.0000,-180.0000,-62.402520,85.889700,-169.495973,200.000000
326,32.6000,32.000000000,126.000000000,0.0000,32.125000000,126.019635957,0.0000,-90.0000,24.264465,17.641874,0.000000,30.000000,32.061204920,126.000000000,300.0000,-180.0000,-62.402206,85.889268,-169.496308,200.000000
327,32.7000,32.000000000,126.000000000,0.0000,32.125000000,126.019604166,0.0000,-90.0000,24.264475,17.641861,0.000000,30.000000,32.061024566,126.000000000,300.0000,-180.0000,-62.401892,85.888837,-169.496642,200.000000
328,32.8000,32.000000000,126.000000000,0.0000,32.125000000,126.019572374,0.0000,-90.0000,24.264485,17.641847,0.000000,30.000000,32.060844212,126.000000000,300.0000,-180.0000,-62.401579,85.888405,-169.496976,200.000000
329,32.9000,32.000000000,126.000000000,0.0000,32.125000000,126.019540583,0.0000,-90.0000,24.264495,17.641834,0.000000,30.000000,32.060663858,126.000000000,300.0000,-180.0000,-62.401265,85.887973,-169.497310,200.000000
330,33.0000,32.000000000,126.000000000,0.0000,32.125000000,126.019508791,0.0000,-90.0000,24.264504,17.641820,0.000000,30.000000,32.060483504,126.000000000,300.0000,-180.0000,-62.400952,85.887542,-169.497644,200.000000
331,33.1000,32.000000000,126.000000000,0.0000,32.125000000,126.019476999,0.0000,-90.0000,24.264514,17.641807,0.000000,30.000000,32.060303151,126.000000000,300.0000,-180.0000,-62.400638,85.887110,-169.497979,200.000000
332,33.2000,32.000000000,126.000000000,0.0000,32.125000000,126.019445208,0.0000,-90.0000,24.264524,17.641794,0.000000,30.000000,32.060122797,126.000000000,300.0000,-180.0000,-62.400324,85.886678,-169.498313,200.000000
333,33.3000,32.000000000,126.000000000,0.0000,32.125000000,126.019413416,0.0000,-90.0000,24.264534,17.641780,0.000000,30.000000,32.059942443,126.000000000,300.0000,-180.0000,-62.400011,85.886247,-169.498647,200.000000
334,33.4000,32.000000000,126.000000000,0.0000,32.125000000,126.019381625,0.0000,-90.0000,24.264543,17.641767,0.000000,30.000000,32.059762089,126.000000000,300.0000,-180.0000,-62.399697,85.885815,-169.498981,200.000000
335,33.5000,32.000000000,126.000000000,0.0000,32.125000000,126.019349833,0.0000,-90.0000,24.264553,17.641753,0.000000,30.000000,32.059581735,126.000000000,300.0000,-180.0000,-62.399384,85.885383,-169.499315,200.000000
336,33.6000,32.000000000,126.000000000,0.0000,32.125000000,126.019318042,0.0000,-90.0000,24.264563,17.641740,0.000000,30.000000,32.059401381,126.000000000,300.0000,-180.0000,-62.399070,85.884952,-169.499649,200.000000
337,33.7000,32.000000000,126.000000000,0.0000,32.125000000,126.019286250,0.0000,-90.0000,24.264573,17.641726,0.000000,30.000000,32.059221027,126.000000000,300.0000,-180.0000,-62.398756,85.884520,-169.499984,200.000000
338,33.8000,32.000000000,126.000000000,0.0000,32.125000000,126.019254459,0.0000,-90.0000,24.264583,17.641713,0.000000,30.000000,32.059040673,126.000000000,300.0000,-180.0000,-62.398443,85.884088,-169.500318,200.000000
339,33.9000,32.000000000,126.000000000,0.0000,32.125000000,126.019222667,0.0000,-90.0000,24.264592,17.641699,0.000000,30.000000,32.058860319,126.000000000,300.0000,-180.0000,-62.398129,85.883657,-169.500652,200.000000
340,34.0000,32.000000000,126.000000000,0.0000,32.125000000,126.019190876,0.0000,-90.0000,24.264602,17.641686,0.000000,30.000000,32.058679965,126.000000000,300.0000,-180.0000,-62.397815,85.883225,-169.500986,200.000000
341,34.1000,32.000000000,126.000000000,0.0000,32.125000000,126.019159084,0.0000,-90.0000,24.264612,17.641672,0.000000,30.000000,32.058499612,126.000000000,300.0000,-180.0000,-62.397502,85.882793,-169.501320,200.000000
342,34.2000,32.000000000,126.000000000,0.0000,32.125000000,126.019127293,0.0000,-90.0000,24.264622,17.641659,0.000000,30.000000,32.058319258,126.000000000,300.0000,-180.0000,-62.397188,85.882362,-169.501654,200.000000
343,34.3000,32.000000000,126.000000000,0.0000,32.125000000,126.019095501,0.0000,-90.0000,24.264632,17.641645,0.000000,30.000000,32.058138904,126.000000000,300.0000,-180.0000,-62.396875,85.881930,-169.501988,200.000000
344,34.4000,32.000000000,126.000000000,0.0000,32.125000000,126.019063709,0.0000,-90.0000,24.264641,17.641632,0.000000,30.000000,32.057958550,126.000000000,300.0000,-180.0000,-62.396561,85.881499,-169.502323,200.000000
345,34.5000,32.000000000,126.000000000,0.0000,32.125000000,126.019031918,0.0000,-90.0000,24.264651,17.641619,0.000000,30.000000,32.057778196,126.000000000,300.0000,-180.0000,-62.396247,85.881067,-169.502657,200.000000
346,34.6000,32.000000000,126.000000000,0.0000,32.125000000,126.019000126,0.0000,-90.0000,24.264661,17.641605,0.000000,30.000000,32.057597842,126.000000000,300.0000,-180.0000,-62.395934,85.880635,-169.502991,200.000000
347,34.7000,32.000000000,126.000000000,0.0000,32.125000000,126.018968335,0.0000,-90.0000,24.264671,17.641592,0.000000,30.000000,32.057417488,126.000000000,300.0000,-180.0000,-62.395620,85.880204,-169.503325,200.000000
348,34.8000,32.000000000,126.000000000,0.0000,32.125000000,126.018936543,0.0000,-90.0000,24.264681,17.641578,0.000000,30.000000,32.057237134,126.000000000,300.0000,-180.0000,-62.395307,85.879772,-169.503659,200.000000
349,34.9000,32.000000000,126.000000000,0.0000,32.125000000,126.018904752,0.0000,-90.0000,24.264690,17.641565,0.000000,30.000000,32.057056780,126.000000000,300.0000,-180.0000,-62.394993,85.879340,-169.503993,200.000000
350,35.0000,32.000000000,126.000000000,0.0000,32.125000000,126.018872960,0.0000,-90.0000,24.264700,17.641551,0.000000,30.000000,32.056876426,126.000000000,300.0000,-180.0000,-62.394679,85.878909,-169.504328,200.000000
351,35.1000,32.000000000,126.000000000,0.0000,32.125000000,126.018841169,0.0000,-90.0000,24.264710,17.641538,0.000000,30.000000,32.056696072,126.000000000,300.0000,-180.0000,-62.394366,85.878477,-169.504662,200.000000
352,35.2000,32.000000000,126.000000000,0.0000,32.125000000,126.018809377,0.0000,-90.0000,24.264720,17.641524,0.000000,30.000000,32.056515718,126.000000000,300.0000,-180.0000,-62.394052,85.878045,-169.504996,200.000000
353,35.3000,32.000000000,126.000000000,0.0000,32.125000000,126.018777586,0.0000,-90.0000,24.264729,17.641511,0.000000,30.000000,32.056335364,126.000000000,300.0000,-180.0000,-62.393738,85.877614,-169.505330,200.000000
354,35.4000,32.000000000,126.000000000,0.0000,32.125000000,126.018745794,0.0000,-90.0000,24.264739,17.641497,0.000000,30.000000,32.056155010,126.000000000,300.0000,-180.0000,-62.393425,85.877182,-169.505664,200.000000
355,35.5000,32.000000000,126.000000000,0.0000,32.125000000,126.018714002,0.0000,-90.0000,24.264749,17.641484,0.000000,30.000000,32.055974656,126.000000000,300.0000,-180.0000,-62.393111,85.876750,-169.505998,200.000000
356,35.6000,32.000000000,126.000000000,0.0000,32.125000000,126.018682211,0.0000,-90.0000,24.264759,17.641470,0.000000,30.000000,32.055794302,126.000000000,300.0000,-180.0000,-62.392798,85.876319,-169.506332,200.000000
357,35.7000,32.000000000,126.000000000,0.0000,32.125000000,126.018650419,0.0000,-90.0000,24.264769,17.641457,0.000000,30.000000,32.055613948,126.000000000,300.0000,-180.0000,-62.392484,85.875887,-169.506666,200.000000
358,35.8000,32.000000000,126.000000000,0.0000,32.125000000,126.018618628,0.0000,-90.0000,24.264778,17.641443,0.000000,30.000000,32.055433594,126.000000000,300.0000,-180.0000,-62.392170,85.875455,-169.507001,200.000000
359,35.9000,32.000000000,126.000000000,0.0000,32.125000000,126.018586836,0.0000,-90.0000,24.264788,17.641430,0.000000,30.000000,32.055253240,126.000000000,300.0000,-180.0000,-62.391857,85.875024,-169.507335,200.000000
360,36.0000,32.000000000,126.000000000,0.0000,32.125000000,126.018555045,0.0000,-90.0000,24.264798,17.641417,0.000000,30.000000,32.055072886,126.000000000,300.0000,-180.0000,-62.391543,85.874592,-169.507669,200.000000
361,36.1000,32.000000000,126.000000000,0.0000,32.125000000,126.018523253,0.0000,-90.0000,24.264808,17.641403,0.000000,30.000000,32.054892532,126.000000000,300.0000,-180.0000,-62.391229,85.874160,-169.508003,200.000000
362,36.2000,32.000000000,126.000000000,0.0000,32.125000000,126.018491462,0.0000,-90.0000,24.264818,17.641390,0.000000,30.000000,32.054712178,126.000000000,300.0000,-180.0000,-62.390916,85.873729,-169.508337,200.000000
363,36.3000,32.000000000,126.000000000,0.0000,32.125000000,126.018459670,0.0000,-90.0000,24.264827,17.641376,0.000000,30.000000,32.054531824,126.000000000,300.0000,-180.0000,-62.390602,85.873297,-169.508671,200.000000
364,36.4000,32.000000000,126.000000000,0.0000,32.125000000,126.018427879,0.0000,-90.0000,24.264837,17.641363,0.000000,30.000000,32.054351470,126.000000000,300.0000,-180.0000,-62.390289,85.872865,-169.509005,200.000000
365,36.5000,32.000000000,126.000000000,0.0000,32.125000000,126.018396087,0.0000,-90.0000,24.264847,17.641349,0.000000,30.000000,32.054171116,126.000000000,300.0000,-180.0000,-62.389975,85.872434,-169.509339,200.000000
366,36.6000,32.000000000,126.000000000,0.0000,32.125000000,126.018364295,0.0000,-90.0000,24.264857,17.641336,0.000000,30.000000,32.053990762,126.000000000,300.0000,-180.0000,-62.389661,85.872002,-169.509674,200.000000
367,36.7000,32.000000000,126.000000000,0.0000,32.125000000,126.018332504,0.0000,-90.0000,24.264867,17.641322,0.000000,30.000000,32.053810408,126.000000000,300.0000,-180.0000,-62.389348,85.871570,-169.510008,200.000000
368,36.8000,32.000000000,126.000000000,0.0000,32.125000000,126.018300712,0.0000,-90.0000,24.264876,17.641309,0.000000,30.000000,32.053630054,126.000000000,300.0000,-180.0000,-62.389034,85.871139,-169.510342,200.000000
369,36.9000,32.000000000,126.000000000,0.0000,32.125000000,126.018268921,0.0000,-90.0000,24.264886,17.641295,0.000000,30.000000,32.053449700,126.000000000,300.0000,-180.0000,-62.388720,85.870707,-169.510676,200.000000
370,37.0000,32.000000000,126.000000000,0.0000,32.125000000,126.018237129,0.0000,-90.0000,24.264896,17.641282,0.000000,30.000000,32.053269346,126.000000000,300.0000,-180.0000,-62.388407,85.870275,-169.511010,200.000000
371,37.1000,32.000000000,126.000000000,0.0000,32.125000000,126.018205338,0.0000,-90.0000,24.264906,17.641268,0.000000,30.000000,32.053088992,126.000000000,300.0000,-180.0000,-62.388093,85.869844,-169.511344,200.000000
372,37.2000,32.000000000,126.000000000,0.0000,32.125000000,126.018173546,0.0000,-90.0000,24.264915,17.641255,0.000000,30.000000,32.052908638,126.000000000,300.0000,-180.0000,-62.387780,85.869412,-169.511678,200.000000
373,37.3000,32.000000000,126.000000000,0.0000,32.125000000,126.018141755,0.0000,-90.0000,24.264925,17.641242,0.000000,30.000000,32.052728283,126.000000000,300.0000,-180.0000,-62.387466,85.868980,-169.512012,200.000000
374,37.4000,32.000000000,126.000000000,0.0000,32.125000000,126.018109963,0.0000,-90.0000,24.264935,17.641228,0.000000,30.000000,32.052547929,126.000000000,300.0000,-180.0000,-62.387152,85.868548,-169.512346,200.000000
375,37.5000,32.000000000,126.000000000,0.0000,32.125000000,126.018078172,0.0000,-90.0000,24.264945,17.641215,0.000000,30.000000,32.052367575,126.000000000,300.0000,-180.0000,-62.386839,85.868117,-169.512681,200.000000
376,37.6000,32.000000000,126.000000000,0.0000,32.125000000,126.018046380,0.0000,-90.0000,24.264955,17.641201,0.000000,30.000000,32.052187221,126.000000000,300.0000,-180.0000,-62.386525,85.867685,-169.513015,200.000000
377,37.7000,32.000000000,126.000000000,0.0000,32.125000000,126.018014589,0.0000,-90.0000,24.264964,17.641188,0.000000,30.000000,32.052006867,126.000000000,300.0000,-180.0000,-62.386211,85.867253,-169.513349,200.000000
378,37.8000,32.000000000,126.000000000,0.0000,32.125000000,126.017982797,0.0000,-90.0000,24.264974,17.641174,0.000000,30.000000,32.051826513,126.000000000,300.0000,-180.0000,-62.385898,85.866822,-169.513683,200.000000
379,37.9000,32.000000000,126.000000000,0.0000,32.125000000,126.017951005,0.0000,-90.0000,24.264984,17.641161,0.000000,30.000000,32.051646159,126.000000000,300.0000,-180.0000,-62.385584,85.866390,-169.514017,200.000000
380,38.0000,32.000000000,126.000000000,0.0000,32.125000000,126.017919214,0.0000,-90.0000,24.264994,17.641147,0.000000,30.000000,32.051465805,126.000000000,300.0000,-180.0000,-62.385270,85.865958,-169.514351,200.000000
381,38.1000,32.000000000,126.000000000,0.0000,32.125000000,126.017887422,0.0000,-90.0000,24.265004,17.641134,0.000000,30.000000,32.051285451,126.000000000,300.0000,-180.0000,-62.384957,85.865527,-169.514685,200.000000
382,38.2000,32.000000000,126.000000000,0.0000,32.125000000,126.017855631,0.0000,-90.0000,24.265013,17.641120,0.000000,30.000000,32.051105096,126.000000000,300.0000,-180.0000,-62.384643,85.865095,-169.515019,200.000000
383,38.3000,32.000000000,126.000000000,0.0000,32.125000000,126.017823839,0.0000,-90.0000,24.265023,17.641107,0.000000,30.000000,32.050924742,126.000000000,300.0000,-180.0000,-62.384330,85.864663,-169.515353,200.000000
384,38.4000,32.000000000,126.000000000,0.0000,32.125000000,126.017792048,0.0000,-90.0000,24.265033,17.641093,0.000000,30.000000,32.050744388,126.000000000,300.0000,-180.0000,-62.384016,85.864232,-169.515687,200.000000
385,38.5000,32.000000000,126.000000000,0.0000,32.125000000,126.017760256,0.0000,-90.0000,24.265043,17.641080,0.000000,30.000000,32.050564034,126.000000000,300.0000,-180.0000,-62.383702,85.863800,-169.516022,200.000000
386,38.6000,32.000000000,126.000000000,0.0000,32.125000000,126.017728465,0.0000,-90.0000,24.265052,17.641067,0.000000,30.000000,32.050383680,126.000000000,300.0000,-180.0000,-62.383389,85.863368,-169.516356,200.000000
387,38.7000,32.000000000,126.000000000,0.0000,32.125000000,126.017696673,0.0000,-90.0000,24.265062,17.641053,0.000000,30.000000,32.050203326,126.000000000,300.0000,-180.0000,-62.383075,85.862937,-169.516690,200.000000
388,38.8000,32.000000000,126.000000000,0.0000,32.125000000,126.017664882,0.0000,-90.0000,24.265072,17.641040,0.000000,30.000000,32.050022972,126.000000000,300.0000,-180.0000,-62.382761,85.862505,-169.517024,200.000000
389,38.9000,32.000000000,126.000000000,0.0000,32.125000000,126.017633090,0.0000,-90.0000,24.265082,17.641026,0.000000,30.000000,32.049842617,126.000000000,300.0000,-180.0000,-62.382448,85.862073,-169.517358,200.000000
390,39.0000,32.000000000,126.000000000,0.0000,32.125000000,126.017601298,0.0000,-90.0000,24.265092,17.641013,0.000000,30.000000,32.049662263,126.000000000,300.0000,-180.0000,-62.382134,85.861641,-169.517692,200.000000
391,39.1000,32.000000000,126.000000000,0.0000,32.125000000,126.017569507,0.0000,-90.0000,24.265101,17.640999,0.000000,30.000000,32.049481909,126.000000000,300.0000,-180.0000,-62.381820,85.861210,-169.518026,200.000000
392,39.2000,32.000000000,126.000000000,0.0000,32.125000000,126.017537715,0.0000,-90.0000,24.265111,17.640986,0.000000,30.000000,32.049301555,126.000000000,300.0000,-180.0000,-62.381507,85.860778,-169.518360,200.000000
393,39.3000,32.000000000,126.000000000,0.0000,32.125000000,126.017505924,0.0000,-90.0000,24.265121,17.640972,0.000000,30.000000,32.049121201,126.000000000,300.0000,-180.0000,-62.381193,85.860346,-169.518694,200.000000
394,39.4000,32.000000000,126.000000000,0.0000,32.125000000,126.017474132,0.0000,-90.0000,24.265131,17.640959,0.000000,30.000000,32.048940846,126.000000000,300.0000,-180.0000,-62.380879,85.859915,-169.519028,200.000000
395,39.5000,32.000000000,126.000000000,0.0000,32.125000000,126.017442341,0.0000,-90.0000,24.265141,17.640945,0.000000,30.000000,32.048760492,126.000000000,300.0000,-180.0000,-62.380566,85.859483,-169.519362,200.000000
396,39.6000,32.000000000,126.000000000,0.0000,32.125000000,126.017410549,0.0000,-90.0000,24.265150,17.640932,0.000000,30.000000,32.048580138,126.000000000,300.0000,-180.0000,-62.380252,85.859051,-169.519696,200.000000
397,39.7000,32.000000000,126.000000000,0.0000,32.125000000,126.017378758,0.0000,-90.0000,24.265160,17.640918,0.000000,30.000000,32.048399784,126.000000000,300.0000,-180.0000,-62.379939,85.858620,-169.520030,200.000000
398,39.8000,32.000000000,126.000000000,0.0000,32.125000000,126.017346966,0.0000,-90.0000,24.265170,17.640905,0.000000,30.000000,32.048219430,126.000000000,300.0000,-180.0000,-62.379625,85.858188,-169.520364,200.000000
399,39.9000,32.000000000,126.000000000,0.0000,32.125000000,126.017315175,0.0000,-90.0000,24.265180,17.640891,0.000000,30.000000,32.048039075,126.000000000,300.0000,-180.0000,-62.379311,85.857756,-169.520699,200.000000
400,40.0000,32.000000000,126.000000000,0.0000,32.125000000,126.017283383,0.0000,-90.0000,24.265190,17.640878,0.000000,30.000000,32.047858721,126.000000000,300.0000,-180.0000,-62.378998,85.857325,-169.521033,200.000000
401,40.1000,32.000000000,126.000000000,0.0000,32.125000000,126.017251592,0.0000,-90.0000,24.265199,17.640865,0.000000,30.000000,32.047678367,126.000000000,300.0000,-180.0000,-62.378684,85.856893,-169.521367,200.000000
402,40.2000,32.000000000,126.000000000,0.0000,32.125000000,126.017219800,0.0000,-90.0000,24.265209,17.640851,0.000000,30.000000,32.047498013,126.000000000,300.0000,-180.0000,-62.378370,85.856461,-169.521701,200.000000
403,40.3000,32.000000000,126.000000000,0.0000,32.125000000,126.017188008,0.0000,-90.0000,24.265219,17.640838,0.000000,30.000000,32.047317659,126.000000000,300.0000,-180.0000,-62.378057,85.856029,-169.522035,200.000000
404,40.4000,32.000000000,126.000000000,0.0000,32.125000000,126.017156217,0.0000,-90.0000,24.265229,17.640824,0.000000,30.000000,32.047137304,126.000000000,300.0000,-180.0000,-62.377743,85.855598,-169.522369,200.000000
405,40.5000,32.000000000,126.000000000,0.0000,32.125000000,126.017124425,0.0000,-90.0000,24.265238,17.640811,0.000000,30.000000,32.046956950,126.000000000,300.0000,-180.0000,-62.377429,85.855166,-169.522703,200.000000
406,40.6000,32.000000000,126.000000000,0.0000,32.125000000,126.017092634,0.0000,-90.0000,24.265248,17.640797,0.000000,30.000000,32.046776596,126.000000000,300.0000,-180.0000,-62.377116,85.854734,-169.523037,200.000000
407,40.7000,32.000000000,126.000000000,0.0000,32.125000000,126.017060842,0.0000,-90.0000,24.265258,17.640784,0.000000,30.000000,32.046596242,126.000000000,300.0000,-180.0000,-62.376802,85.854303,-169.523371,200.000000
408,40.8000,32.000000000,126.000000000,0.0000,32.125000000,126.017029051,0.0000,-90.0000,24.265268,17.640770,0.000000,30.000000,32.046415887,126.000000000,300.0000,-180.0000,-62.376488,85.853871,-169.523705,200.000000
409,40.9000,32.000000000,126.000000000,0.0000,32.125000000,126.016997259,0.0000,-90.0000,24.265278,17.640757,0.000000,30.000000,32.046235533,126.000000000,300.0000,-180.0000,-62.376175,85.853439,-169.524039,200.000000
410,41.0000,32.000000000,126.000000000,0.0000,32.125000000,126.016965468,0.0000,-90.0000,24.265287,17.640743,0.000000,30.000000,32.046055179,126.000000000,300.0000,-180.0000,-62.375861,85.853007,-169.524373,200.000000
411,41.1000,32.000000000,126.000000000,0.0000,32.125000000,126.016933676,0.0000,-90.0000,24.265297,17.640730,0.000000,30.000000,32.045874824,126.000000000,300.0000,-180.0000,-62.375547,85.852576,-169.524707,200.000000
412,41.2000,32.000000000,126.000000000,0.0000,32.125000000,126.016901885,0.0000,-90.0000,24.265307,17.640716,0.000000,30.000000,32.045694470,126.000000000,300.0000,-180.0000,-62.375234,85.852144,-169.525041,200.000000
413,41.3000,32.000000000,126.000000000,0.0000,32.125000000,126.016870093,0.0000,-90.0000,24.265317,17.640703,0.000000,30.000000,32.045514116,126.000000000,300.0000,-180.0000,-62.374920,85.851712,-169.525375,200.000000
414,41.4000,32.000000000,126.000000000,0.0000,32.125000000,126.016838301,0.0000,-90.0000,24.265327,17.640690,0.000000,30.000000,32.045333762,126.000000000,300.0000,-180.0000,-62.374606,85.851281,-169.525709,200.000000
415,41.5000,32.000000000,126.000000000,0.0000,32.125000000,126.016806510,0.0000,-90.0000,24.265336,17.640676,0.000000,30.000000,32.045153407,126.000000000,300.0000,-180.0000,-62.374293,85.850849,-169.526043,200.000000
416,41.6000,32.000000000,126.000000000,0.0000,32.125000000,126.016774718,0.0000,-90.0000,24.265346,17.640663,0.000000,30.000000,32.044973053,126.000000000,300.0000,-180.0000,-62.373979,85.850417,-169.526377,200.000000
417,41.7000,32.000000000,126.000000000,0.0000,32.125000000,126.016742927,0.0000,-90.0000,24.265356,17.640649,0.000000,30.000000,32.044792699,126.000000000,300.0000,-180.0000,-62.373665,85.849985,-169.526711,200.000000
418,41.8000,32.000000000,126.000000000,0.0000,32.125000000,126.016711135,0.0000,-90.0000,24.265366,17.640636,0.000000,30.000000,32.044612344,126.000000000,300.0000,-180.0000,-62.373352,85.849554,-169.527045,200.000000
419,41.9000,32.000000000,126.000000000,0.0000,32.125000000,126.016679344,0.0000,-90.0000,24.265376,17.640622,0.000000,30.000000,32.044431990,126.000000000,300.0000,-180.0000,-62.373038,85.849122,-169.527379,200.000000
420,42.0000,32.000000000,126.000000000,0.0000,32.125000000,126.016647552,0.0000,-90.0000,24.265385,17.640609,0.000000,30.000000,32.044251636,126.000000000,300.0000,-180.0000,-62.372724,85.848690,-169.527713,200.000000
421,42.1000,32.000000000,126.000000000,0.0000,32.125000000,126.016615761,0.0000,-90.0000,24.265395,17.640595,0.000000,30.000000,32.044071281,126.000000000,300.0000,-180.0000,-62.372411,85.848259,-169.528047,200.000000
422,42.2000,32.000000000,126.000000000,0.0000,32.125000000,126.016583969,0.0000,-90.0000,24.265405,17.640582,0.000000,30.000000,32.043890927,126.000000000,300.0000,-180.0000,-62.372097,85.847827,-169.528381,200.000000
423,42.3000,32.000000000,126.000000000,0.0000,32.125000000,126.016552178,0.0000,-90.0000,24.265415,17.640568,0.000000,30.000000,32.043710573,126.000000000,300.0000,-180.0000,-62.371783,85.847395,-169.528715,200.000000
424,42.4000,32.000000000,126.000000000,0.0000,32.125000000,126.016520386,0.0000,-90.0000,24.265424,17.640555,0.000000,30.000000,32.043530218,126.000000000,300.0000,-180.0000,-62.371470,85.846963,-169.529050,200.000000
425,42.5000,32.000000000,126.000000000,0.0000,32.125000000,126.016488594,0.0000,-90.0000,24.265434,17.640541,0.000000,30.000000,32.043349864,126.000000000,300.0000,-180.0000,-62.371156,85.846532,-169.529384,200.000000
426,42.6000,32.000000000,126.000000000,0.0000,32.125000000,126.016456803,0.0000,-90.0000,24.265444,17.640528,0.000000,30.000000,32.043169510,126.000000000,300.0000,-180.0000,-62.370842,85.846100,-169.529718,200.000000
427,42.7000,32.000000000,126.000000000,0.0000,32.125000000,126.016425011,0.0000,-90.0000,24.265454,17.640514,0.000000,30.000000,32.042989155,126.000000000,300.0000,-180.0000,-62.370529,85.845668,-169.530052,200.000000
428,42.8000,32.000000000,126.000000000,0.0000,32.125000000,126.016393220,0.0000,-90.0000,24.265464,17.640501,0.000000,30.000000,32.042808801,126.000000000,300.0000,-180.0000,-62.370215,85.845236,-169.530386,200.000000
429,42.9000,32.000000000,126.000000000,0.0000,32.125000000,126.016361428,0.0000,-90.0000,24.265473,17.640488,0.000000,30.000000,32.042628447,126.000000000,300.0000,-180.0000,-62.369901,85.844805,-169.530720,200.000000
430,43.0000,32.000000000,126.000000000,0.0000,32.125000000,126.016329637,0.0000,-90.0000,24.265483,17.640474,0.000000,30.000000,32.042448092,126.000000000,300.0000,-180.0000,-62.369588,85.844373,-169.531054,200.000000
431,43.1000,32.000000000,126.000000000,0.0000,32.125000000,126.016297845,0.0000,-90.0000,24.265493,17.640461,0.000000,30.000000,32.042267738,126.000000000,300.0000,-180.0000,-62.369274,85.843941,-169.531388,200.000000
432,43.2000,32.000000000,126.000000000,0.0000,32.125000000,126.016266054,0.0000,-90.0000,24.265503,17.640447,0.000000,30.000000,32.042087383,126.000000000,300.0000,-180.0000,-62.368960,85.843510,-169.531722,200.000000
433,43.3000,32.000000000,126.000000000,0.0000,32.125000000,126.016234262,0.0000,-90.0000,24.265513,17.640434,0.000000,30.000000,32.041907029,126.000000000,300.0000,-180.0000,-62.368647,85.843078,-169.532056,200.000000
434,43.4000,32.000000000,126.000000000,0.0000,32.125000000,126.016202471,0.0000,-90.0000,24.265522,17.640420,0.000000,30.000000,32.041726675,126.000000000,300.0000,-180.0000,-62.368333,85.842646,-169.532390,200.000000
435,43.5000,32.000000000,126.000000000,0.0000,32.125000000,126.016170679,0.0000,-90.0000,24.265532,17.640407,0.000000,30.000000,32.041546320,126.000000000,300.0000,-180.0000,-62.368019,85.842214,-169.532724,200.000000
436,43.6000,32.000000000,126.000000000,0.0000,32.125000000,126.016138888,0.0000,-90.0000,24.265542,17.640393,0.000000,30.000000,32.041365966,126.000000000,300.0000,-180.0000,-62.367706,85.841783,-169.533058,200.000000
437,43.7000,32.000000000,126.000000000,0.0000,32.125000000,126.016107096,0.0000,-90.0000,24.265552,17.640380,0.000000,30.000000,32.041185611,126.000000000,300.0000,-180.0000,-62.367392,85.841351,-169.533392,200.000000
438,43.8000,32.000000000,126.000000000,0.0000,32.125000000,126.016075304,0.0000,-90.0000,24.265561,17.640366,0.000000,30.000000,32.041005257,126.000000000,300.0000,-180.0000,-62.367078,85.840919,-169.533726,200.000000
439,43.9000,32.000000000,126.000000000,0.0000,32.125000000,126.016043513,0.0000,-90.0000,24.265571,17.640353,0.000000,30.000000,32.040824903,126.000000000,300.0000,-180.0000,-62.366765,85.840487,-169.534060,200.000000
440,44.0000,32.000000000,126.000000000,0.0000,32.125000000,126.016011721,0.0000,-90.0000,24.265581,17.640339,0.000000,30.000000,32.040644548,126.000000000,300.0000,-180.0000,-62.366451,85.840056,-169.534394,200.000000
441,44.1000,32.000000000,126.000000000,0.0000,32.125000000,126.015979930,0.0000,-90.0000,24.265591,17.640326,0.000000,30.000000,32.040464194,126.000000000,300.0000,-180.0000,-62.366137,85.839624,-169.534728,200.000000
442,44.2000,32.000000000,126.000000000,0.0000,32.125000000,126.015948138,0.0000,-90.0000,24.265601,17.640313,0.000000,30.000000,32.040283839,126.000000000,300.0000,-180.0000,-62.365824,85.839192,-169.535062,200.000000
443,44.3000,32.000000000,126.000000000,0.0000,32.125000000,126.015916347,0.0000,-90.0000,24.265610,17.640299,0.000000,30.000000,32.040103485,126.000000000,300.0000,-180.0000,-62.365510,85.838760,-169.535396,200.000000
444,44.4000,32.000000000,126.000000000,0.0000,32.125000000,126.015884555,0.0000,-90.0000,24.265620,17.640286,0.000000,30.000000,32.039923130,126.000000000,300.0000,-180.0000,-62.365196,85.838329,-169.535730,200.000000
445,44.5000,32.000000000,126.000000000,0.0000,32.125000000,126.015852764,0.0000,-90.0000,24.265630,17.640272,0.000000,30.000000,32.039742776,126.000000000,300.0000,-180.0000,-62.364883,85.837897,-169.536064,200.000000
446,44.6000,32.000000000,126.000000000,0.0000,32.125000000,126.015820972,0.0000,-90.0000,24.265640,17.640259,0.000000,30.000000,32.039562421,126.000000000,300.0000,-180.0000,-62.364569,85.837465,-169.536398,200.000000
447,44.7000,32.000000000,126.000000000,0.0000,32.125000000,126.015789181,0.0000,-90.0000,24.265650,17.640245,0.000000,30.000000,32.039382067,126.000000000,300.0000,-180.0000,-62.364255,85.837034,-169.536732,200.000000
448,44.8000,32.000000000,126.000000000,0.0000,32.125000000,126.015757389,0.0000,-90.0000,24.265659,17.640232,0.000000,30.000000,32.039201713,126.000000000,300.0000,-180.0000,-62.363942,85.836602,-169.537065,200.000000
449,44.9000,32.000000000,126.000000000,0.0000,32.125000000,126.015725597,0.0000,-90.0000,24.265669,17.640218,0.000000,30.000000,32.039021358,126.000000000,300.0000,-180.0000,-62.363628,85.836170,-169.537399,200.000000
450,45.0000,32.000000000,126.000000000,0.0000,32.125000000,126.015693806,0.0000,-90.0000,24.265679,17.640205,0.000000,30.000000,32.038841004,126.000000000,300.0000,-180.0000,-62.363314,85.835738,-169.537733,200.000000
451,45.1000,32.000000000,126.000000000,0.0000,32.125000000,126.015662014,0.0000,-90.0000,24.265689,17.640191,0.000000,30.000000,32.038660649,126.000000000,300.0000,-180.0000,-62.363001,85.835307,-169.538067,200.000000
452,45.2000,32.000000000,126.000000000,0.0000,32.125000000,126.015630223,0.0000,-90.0000,24.265699,17.640178,0.000000,30.000000,32.038480295,126.000000000,300.0000,-180.0000,-62.362687,85.834875,-169.538401,200.000000
453,45.3000,32.000000000,126.000000000,0.0000,32.125000000,126.015598431,0.0000,-90.0000,24.265708,17.640164,0.000000,30.000000,32.038299940,126.000000000,300.0000,-180.0000,-62.362373,85.834443,-169.538735,200.000000
454,45.4000,32.000000000,126.000000000,0.0000,32.125000000,126.015566640,0.0000,-90.0000,24.265718,17.640151,0.000000,30.000000,32.038119586,126.000000000,300.0000,-180.0000,-62.362060,85.834011,-169.539069,200.000000
455,45.5000,32.000000000,126.000000000,0.0000,32.125000000,126.015534848,0.0000,-90.0000,24.265728,17.640137,0.000000,30.000000,32.037939231,126.000000000,300.0000,-180.0000,-62.361746,85.833580,-169.539403,200.000000
456,45.6000,32.000000000,126.000000000,0.0000,32.125000000,126.015503057,0.0000,-90.0000,24.265738,17.640124,0.000000,30.000000,32.037758877,126.000000000,300.0000,-180.0000,-62.361432,85.833148,-169.539737,200.000000
457,45.7000,32.000000000,126.000000000,0.0000,32.125000000,126.015471265,0.0000,-90.0000,24.265747,17.640111,0.000000,30.000000,32.037578522,126.000000000,300.0000,-180.0000,-62.361119,85.832716,-169.540071,200.000000
458,45.8000,32.000000000,126.000000000,0.0000,32.125000000,126.015439474,0.0000,-90.0000,24.265757,17.640097,0.000000,30.000000,32.037398168,126.000000000,300.0000,-180.0000,-62.360805,85.832284,-169.540405,200.000000
459,45.9000,32.000000000,126.000000000,0.0000,32.125000000,126.015407682,0.0000,-90.0000,24.265767,17.640084,0.000000,30.000000,32.037217813,126.000000000,300.0000,-180.0000,-62.360491,85.831853,-169.540739,200.000000
460,46.0000,32.000000000,126.000000000,0.0000,32.125000000,126.015375891,0.0000,-90.0000,24.265777,17.640070,0.000000,30.000000,32.037037459,126.000000000,300.0000,-180.0000,-62.360177,85.831421,-169.541073,200.000000
461,46.1000,32.000000000,126.000000000,0.0000,32.125000000,126.015344099,0.0000,-90.0000,24.265787,17.640057,0.000000,30.000000,32.036857104,126.000000000,300.0000,-180.0000,-62.359864,85.830989,-169.541407,200.000000
462,46.2000,32.000000000,126.000000000,0.0000,32.125000000,126.015312307,0.0000,-90.0000,24.265796,17.640043,0.000000,30.000000,32.036676749,126.000000000,300.0000,-180.0000,-62.359550,85.830557,-169.541741,200.000000
463,46.3000,32.000000000,126.000000000,0.0000,32.125000000,126.015280516,0.0000,-90.0000,24.265806,17.640030,0.000000,30.000000,32.036496395,126.000000000,300.0000,-180.0000,-62.359236,85.830126,-169.542075,200.000000
464,46.4000,32.000000000,126.000000000,0.0000,32.125000000,126.015248724,0.0000,-90.0000,24.265816,17.640016,0.000000,30.000000,32.036316040,126.000000000,300.0000,-180.0000,-62.358923,85.829694,-169.542409,200.000000
465,46.5000,32.000000000,126.000000000,0.0000,32.125000000,126.015216933,0.0000,-90.0000,24.265826,17.640003,0.000000,30.000000,32.036135686,126.000000000,300.0000,-180.0000,-62.358609,85.829262,-169.542743,200.000000
466,46.6000,32.000000000,126.000000000,0.0000,32.125000000,126.015185141,0.0000,-90.0000,24.265836,17.639989,0.000000,30.000000,32.035955331,126.000000000,300.0000,-180.0000,-62.358295,85.828830,-169.543077,200.000000
467,46.7000,32.000000000,126.000000000,0.0000,32.125000000,126.015153350,0.0000,-90.0000,24.265845,17.639976,0.000000,30.000000,32.035774977,126.000000000,300.0000,-180.0000,-62.357982,85.828398,-169.543411,200.000000
468,46.8000,32.000000000,126.000000000,0.0000,32.125000000,126.015121558,0.0000,-90.0000,24.265855,17.639962,0.000000,30.000000,32.035594622,126.000000000,300.0000,-180.0000,-62.357668,85.827967,-169.543745,200.000000
469,46.9000,32.000000000,126.000000000,0.0000,32.125000000,126.015089767,0.0000,-90.0000,24.265865,17.639949,0.000000,30.000000,32.035414267,126.000000000,300.0000,-180.0000,-62.357354,85.827535,-169.544079,200.000000
470,47.0000,32.000000000,126.000000000,0.0000,32.125000000,126.015057975,0.0000,-90.0000,24.265875,17.639936,0.000000,30.000000,32.035233913,126.000000000,300.0000,-180.0000,-62.357041,85.827103,-169.544413,200.000000
471,47.1000,32.000000000,126.000000000,0.0000,32.125000000,126.015026184,0.0000,-90.0000,24.265884,17.639922,0.000000,30.000000,32.035053558,126.000000000,300.0000,-180.0000,-62.356727,85.826671,-169.544747,200.000000
472,47.2000,32.000000000,126.000000000,0.0000,32.125000000,126.014994392,0.0000,-90.0000,24.265894,17.639909,0.000000,30.000000,32.034873204,126.000000000,300.0000,-180.0000,-62.356413,85.826240,-169.545081,200.000000
473,47.3000,32.000000000,126.000000000,0.0000,32.125000000,126.014962600,0.0000,-90.0000,24.265904,17.639895,0.000000,30.000000,32.034692849,126.000000000,300.0000,-180.0000,-62.356099,85.825808,-169.545414,200.000000
474,47.4000,32.000000000,126.000000000,0.0000,32.125000000,126.014930809,0.0000,-90.0000,24.265914,17.639882,0.000000,30.000000,32.034512495,126.000000000,300.0000,-180.0000,-62.355786,85.825376,-169.545748,200.000000
475,47.5000,32.000000000,126.000000000,0.0000,32.125000000,126.014899017,0.0000,-90.0000,24.265924,17.639868,0.000000,30.000000,32.034332140,126.000000000,300.0000,-180.0000,-62.355472,85.824944,-169.546082,200.000000
476,47.6000,32.000000000,126.000000000,0.0000,32.125000000,126.014867226,0.0000,-90.0000,24.265933,17.639855,0.000000,30.000000,32.034151785,126.000000000,300.0000,-180.0000,-62.355158,85.824513,-169.546416,200.000000
477,47.7000,32.000000000,126.000000000,0.0000,32.125000000,126.014835434,0.0000,-90.0000,24.265943,17.639841,0.000000,30.000000,32.033971431,126.000000000,300.0000,-180.0000,-62.354845,85.824081,-169.546750,200.000000
478,47.8000,32.000000000,126.000000000,0.0000,32.125000000,126.014803643,0.0000,-90.0000,24.265953,17.639828,0.000000,30.000000,32.033791076,126.000000000,300.0000,-180.0000,-62.354531,85.823649,-169.547084,200.000000
479,47.9000,32.000000000,126.000000000,0.0000,32.125000000,126.014771851,0.0000,-90.0000,24.265963,17.639814,0.000000,30.000000,32.033610721,126.000000000,300.0000,-180.0000,-62.354217,85.823217,-169.547418,200.000000
480,48.0000,32.000000000,126.000000000,0.0000,32.125000000,126.014740060,0.0000,-90.0000,24.265973,17.639801,0.000000,30.000000,32.033430367,126.000000000,300.0000,-180.0000,-62.353904,85.822786,-169.547752,200.000000
481,48.1000,32.000000000,126.000000000,0.0000,32.125000000,126.014708268,0.0000,-90.0000,24.265982,17.639787,0.000000,30.000000,32.033250012,126.000000000,300.0000,-180.0000,-62.353590,85.822354,-169.548086,200.000000
482,48.2000,32.000000000,126.000000000,0.0000,32.125000000,126.014676477,0.0000,-90.0000,24.265992,17.639774,0.000000,30.000000,32.033069658,126.000000000,300.0000,-180.0000,-62.353276,85.821922,-169.548420,200.000000
483,48.3000,32.000000000,126.000000000,0.0000,32.125000000,126.014644685,0.0000,-90.0000,24.266002,17.639760,0.000000,30.000000,32.032889303,126.000000000,300.0000,-180.0000,-62.352962,85.821490,-169.548754,200.000000
484,48.4000,32.000000000,126.000000000,0.0000,32.125000000,126.014612893,0.0000,-90.0000,24.266012,17.639747,0.000000,30.000000,32.032708948,126.000000000,300.0000,-180.0000,-62.352649,85.821058,-169.549088,200.000000
485,48.5000,32.000000000,126.000000000,0.0000,32.125000000,126.014581102,0.0000,-90.0000,24.266022,17.639734,0.000000,30.000000,32.032528594,126.000000000,300.0000,-180.0000,-62.352335,85.820627,-169.549422,200.000000
486,48.6000,32.000000000,126.000000000,0.0000,32.125000000,126.014549310,0.0000,-90.0000,24.266031,17.639720,0.000000,30.000000,32.032348239,126.000000000,300.0000,-180.0000,-62.352021,85.820195,-169.549755,200.000000
487,48.7000,32.000000000,126.000000000,0.0000,32.125000000,126.014517519,0.0000,-90.0000,24.266041,17.639707,0.000000,30.000000,32.032167884,126.000000000,300.0000,-180.0000,-62.351708,85.819763,-169.550089,200.000000
488,48.8000,32.000000000,126.000000000,0.0000,32.125000000,126.014485727,0.0000,-90.0000,24.266051,17.639693,0.000000,30.000000,32.031987530,126.000000000,300.0000,-180.0000,-62.351394,85.819331,-169.550423,200.000000
489,48.9000,32.000000000,126.000000000,0.0000,32.125000000,126.014453936,0.0000,-90.0000,24.266061,17.639680,0.000000,30.000000,32.031807175,126.000000000,300.0000,-180.0000,-62.351080,85.818900,-169.550757,200.000000
490,49.0000,32.000000000,126.000000000,0.0000,32.125000000,126.014422144,0.0000,-90.0000,24.266070,17.639666,0.000000,30.000000,32.031626820,126.000000000,300.0000,-180.0000,-62.350767,85.818468,-169.551091,200.000000
491,49.1000,32.000000000,126.000000000,0.0000,32.125000000,126.014390353,0.0000,-90.0000,24.266080,17.639653,0.000000,30.000000,32.031446466,126.000000000,300.0000,-180.0000,-62.350453,85.818036,-169.551425,200.000000
492,49.2000,32.000000000,126.000000000,0.0000,32.125000000,126.014358561,0.0000,-90.0000,24.266090,17.639639,0.000000,30.000000,32.031266111,126.000000000,300.0000,-180.0000,-62.350139,85.817604,-169.551759,200.000000
493,49.3000,32.000000000,126.000000000,0.0000,32.125000000,126.014326770,0.0000,-90.0000,24.266100,17.639626,0.000000,30.000000,32.031085756,126.000000000,300.0000,-180.0000,-62.349825,85.817172,-169.552093,200.000000
494,49.4000,32.000000000,126.000000000,0.0000,32.125000000,126.014294978,0.0000,-90.0000,24.266110,17.639612,0.000000,30.000000,32.030905401,126.000000000,300.0000,-180.0000,-62.349512,85.816741,-169.552427,200.000000
495,49.5000,32.000000000,126.000000000,0.0000,32.125000000,126.014263187,0.0000,-90.0000,24.266119,17.639599,0.000000,30.000000,32.030725047,126.000000000,300.0000,-180.0000,-62.349198,85.816309,-169.552761,200.000000
496,49.6000,32.000000000,126.000000000,0.0000,32.125000000,126.014231395,0.0000,-90.0000,24.266129,17.639585,0.000000,30.000000,32.030544692,126.000000000,300.0000,-180.0000,-62.348884,85.815877,-169.553095,200.000000
497,49.7000,32.000000000,126.000000000,0.0000,32.125000000,126.014199603,0.0000,-90.0000,24.266139,17.639572,0.000000,30.000000,32.030364337,126.000000000,300.0000,-180.0000,-62.348571,85.815445,-169.553428,200.000000
498,49.8000,32.000000000,126.000000000,0.0000,32.125000000,126.014167812,0.0000,-90.0000,24.266149,17.639559,0.000000,30.000000,32.030183983,126.000000000,300.0000,-180.0000,-62.348257,85.815013,-169.553762,200.000000
499,49.9000,32.000000000,126.000000000,0.0000,32.125000000,126.014136020,0.0000,-90.0000,24.266159,17.639545,0.000000,30.000000,32.030003628,126.000000000,300.0000,-180.0000,-62.347943,85.814582,-169.554096,200.000000
500,50.0000,32.000000000,126.000000000,0.0000,32.125000000,126.014104229,0.0000,-90.0000,24.266168,17.639532,0.000000,30.000000,32.029823273,126.000000000,300.0000,-180.0000,-62.347629,85.814150,-169.554430,200.000000
501,50.1000,32.000000000,126.000000000,0.0000,32.125000000,126.014072437,0.0000,-90.0000,24.266178,17.639518,0.000000,30.000000,32.029642918,126.000000000,300.0000,-180.0000,-62.347316,85.813718,-169.554764,200.000000
502,50.2000,32.000000000,126.000000000,0.0000,32.125000000,126.014040646,0.0000,-90.0000,24.266188,17.639505,0.000000,30.000000,32.029462564,126.000000000,300.0000,-180.0000,-62.347002,85.813286,-169.555098,200.000000
503,50.3000,32.000000000,126.000000000,0.0000,32.125000000,126.014008854,0.0000,-90.0000,24.266198,17.639491,0.000000,30.000000,32.029282209,126.000000000,300.0000,-180.0000,-62.346688,85.812855,-169.555432,200.000000
504,50.4000,32.000000000,126.000000000,0.0000,32.125000000,126.013977063,0.0000,-90.0000,24.266207,17.639478,0.000000,30.000000,32.029101854,126.000000000,300.0000,-180.0000,-62.346375,85.812423,-169.555766,200.000000
505,50.5000,32.000000000,126.000000000,0.0000,32.125000000,126.013945271,0.0000,-90.0000,24.266217,17.639464,0.000000,30.000000,32.028921499,126.000000000,300.0000,-180.0000,-62.346061,85.811991,-169.556100,200.000000
506,50.6000,32.000000000,126.000000000,0.0000,32.125000000,126.013913480,0.0000,-90.0000,24.266227,17.639451,0.000000,30.000000,32.028741145,126.000000000,300.0000,-180.0000,-62.345747,85.811559,-169.556433,200.000000
507,50.7000,32.000000000,126.000000000,0.0000,32.125000000,126.013881688,0.0000,-90.0000,24.266237,17.639437,0.000000,30.000000,32.028560790,126.000000000,300.0000,-180.0000,-62.345433,85.811127,-169.556767,200.000000
508,50.8000,32.000000000,126.000000000,0.0000,32.125000000,126.013849896,0.0000,-90.0000,24.266247,17.639424,0.000000,30.000000,32.028380435,126.000000000,300.0000,-180.0000,-62.345120,85.810696,-169.557101,200.000000
509,50.9000,32.000000000,126.000000000,0.0000,32.125000000,126.013818105,0.0000,-90.0000,24.266256,17.639410,0.000000,30.000000,32.028200080,126.000000000,300.0000,-180.0000,-62.344806,85.810264,-169.557435,200.000000
510,51.0000,32.000000000,126.000000000,0.0000,32.125000000,126.013786313,0.0000,-90.0000,24.266266,17.639397,0.000000,30.000000,32.028019725,126.000000000,300.0000,-180.0000,-62.344492,85.809832,-169.557769,200.000000
511,51.1000,32.000000000,126.000000000,0.0000,32.125000000,126.013754522,0.0000,-90.0000,24.266276,17.639383,0.000000,30.000000,32.027839371,126.000000000,300.0000,-180.0000,-62.344179,85.809400,-169.558103,200.000000
512,51.2000,32.000000000,126.000000000,0.0000,32.125000000,126.013722730,0.0000,-90.0000,24.266286,17.639370,0.000000,30.000000,32.027659016,126.000000000,300.0000,-180.0000,-62.343865,85.808968,-169.558437,200.000000
513,51.3000,32.000000000,126.000000000,0.0000,32.125000000,126.013690939,0.0000,-90.0000,24.266296,17.639357,0.000000,30.000000,32.027478661,126.000000000,300.0000,-180.0000,-62.343551,85.808537,-169.558771,200.000000
514,51.4000,32.000000000,126.000000000,0.0000,32.125000000,126.013659147,0.0000,-90.0000,24.266305,17.639343,0.000000,30.000000,32.027298306,126.000000000,300.0000,-180.0000,-62.343237,85.808105,-169.559104,200.000000
515,51.5000,32.000000000,126.000000000,0.0000,32.125000000,126.013627356,0.0000,-90.0000,24.266315,17.639330,0.000000,30.000000,32.027117951,126.000000000,300.0000,-180.0000,-62.342924,85.807673,-169.559438,200.000000
516,51.6000,32.000000000,126.000000000,0.0000,32.125000000,126.013595564,0.0000,-90.0000,24.266325,17.639316,0.000000,30.000000,32.026937597,126.000000000,300.0000,-180.0000,-62.342610,85.807241,-169.559772,200.000000
517,51.7000,32.000000000,126.000000000,0.0000,32.125000000,126.013563773,0.0000,-90.0000,24.266335,17.639303,0.000000,30.000000,32.026757242,126.000000000,300.0000,-180.0000,-62.342296,85.806809,-169.560106,200.000000
518,51.8000,32.000000000,126.000000000,0.0000,32.125000000,126.013531981,0.0000,-90.0000,24.266345,17.639289,0.000000,30.000000,32.026576887,126.000000000,300.0000,-180.0000,-62.341982,85.806378,-169.560440,200.000000
519,51.9000,32.000000000,126.000000000,0.0000,32.125000000,126.013500189,0.0000,-90.0000,24.266354,17.639276,0.000000,30.000000,32.026396532,126.000000000,300.0000,-180.0000,-62.341669,85.805946,-169.560774,200.000000
520,52.0000,32.000000000,126.000000000,0.0000,32.125000000,126.013468398,0.0000,-90.0000,24.266364,17.639262,0.000000,30.000000,32.026216177,126.000000000,300.0000,-180.0000,-62.341355,85.805514,-169.561108,200.000000
521,52.1000,32.000000000,126.000000000,0.0000,32.125000000,126.013436606,0.0000,-90.0000,24.266374,17.639249,0.000000,30.000000,32.026035822,126.000000000,300.0000,-180.0000,-62.341041,85.805082,-169.561442,200.000000
522,52.2000,32.000000000,126.000000000,0.0000,32.125000000,126.013404815,0.0000,-90.0000,24.266384,17.639235,0.000000,30.000000,32.025855468,126.000000000,300.0000,-180.0000,-62.340728,85.804650,-169.561775,200.000000
523,52.3000,32.000000000,126.000000000,0.0000,32.125000000,126.013373023,0.0000,-90.0000,24.266393,17.639222,0.000000,30.000000,32.025675113,126.000000000,300.0000,-180.0000,-62.340414,85.804219,-169.562109,200.000000
524,52.4000,32.000000000,126.000000000,0.0000,32.125000000,126.013341232,0.0000,-90.0000,24.266403,17.639208,0.000000,30.000000,32.025494758,126.000000000,300.0000,-180.0000,-62.340100,85.803787,-169.562443,200.000000
525,52.5000,32.000000000,126.000000000,0.0000,32.125000000,126.013309440,0.0000,-90.0000,24.266413,17.639195,0.000000,30.000000,32.025314403,126.000000000,300.0000,-180.0000,-62.339786,85.803355,-169.562777,200.000000
526,52.6000,32.000000000,126.000000000,0.0000,32.125000000,126.013277649,0.0000,-90.0000,24.266423,17.639182,0.000000,30.000000,32.025134048,126.000000000,300.0000,-180.0000,-62.339473,85.802923,-169.563111,200.000000
527,52.7000,32.000000000,126.000000000,0.0000,32.125000000,126.013245857,0.0000,-90.0000,24.266433,17.639168,0.000000,30.000000,32.024953693,126.000000000,300.0000,-180.0000,-62.339159,85.802491,-169.563445,200.000000
528,52.8000,32.000000000,126.000000000,0.0000,32.125000000,126.013214066,0.0000,-90.0000,24.266442,17.639155,0.000000,30.000000,32.024773338,126.000000000,300.0000,-180.0000,-62.338845,85.802059,-169.563778,200.000000
529,52.9000,32.000000000,126.000000000,0.0000,32.125000000,126.013182274,0.0000,-90.0000,24.266452,17.639141,0.000000,30.000000,32.024592983,126.000000000,300.0000,-180.0000,-62.338531,85.801628,-169.564112,200.000000
530,53.0000,32.000000000,126.000000000,0.0000,32.125000000,126.013150483,0.0000,-90.0000,24.266462,17.639128,0.000000,30.000000,32.024412629,126.000000000,300.0000,-180.0000,-62.338218,85.801196,-169.564446,200.000000
531,53.1000,32.000000000,126.000000000,0.0000,32.125000000,126.013118691,0.0000,-90.0000,24.266472,17.639114,0.000000,30.000000,32.024232274,126.000000000,300.0000,-180.0000,-62.337904,85.800764,-169.564780,200.000000
532,53.2000,32.000000000,126.000000000,0.0000,32.125000000,126.013086899,0.0000,-90.0000,24.266482,17.639101,0.000000,30.000000,32.024051919,126.000000000,300.0000,-180.0000,-62.337590,85.800332,-169.565114,200.000000
533,53.3000,32.000000000,126.000000000,0.0000,32.125000000,126.013055108,0.0000,-90.0000,24.266491,17.639087,0.000000,30.000000,32.023871564,126.000000000,300.0000,-180.0000,-62.337277,85.799900,-169.565448,200.000000
534,53.4000,32.000000000,126.000000000,0.0000,32.125000000,126.013023316,0.0000,-90.0000,24.266501,17.639074,0.000000,30.000000,32.023691209,126.000000000,300.0000,-180.0000,-62.336963,85.799469,-169.565782,200.000000
535,53.5000,32.000000000,126.000000000,0.0000,32.125000000,126.012991525,0.0000,-90.0000,24.266511,17.639060,0.000000,30.000000,32.023510854,126.000000000,300.0000,-180.0000,-62.336649,85.799037,-169.566115,200.000000
536,53.6000,32.000000000,126.000000000,0.0000,32.125000000,126.012959733,0.0000,-90.0000,24.266521,17.639047,0.000000,30.000000,32.023330499,126.000000000,300.0000,-180.0000,-62.336335,85.798605,-169.566449,200.000000
537,53.7000,32.000000000,126.000000000,0.0000,32.125000000,126.012927942,0.0000,-90.0000,24.266530,17.639033,0.000000,30.000000,32.023150144,126.000000000,300.0000,-180.0000,-62.336022,85.798173,-169.566783,200.000000
538,53.8000,32.000000000,126.000000000,0.0000,32.125000000,126.012896150,0.0000,-90.0000,24.266540,17.639020,0.000000,30.000000,32.022969789,126.000000000,300.0000,-180.0000,-62.335708,85.797741,-169.567117,200.000000
539,53.9000,32.000000000,126.000000000,0.0000,32.125000000,126.012864359,0.0000,-90.0000,24.266550,17.639006,0.000000,30.000000,32.022789434,126.000000000,300.0000,-180.0000,-62.335394,85.797309,-169.567451,200.000000
540,54.0000,32.000000000,126.000000000,0.0000,32.125000000,126.012832567,0.0000,-90.0000,24.266560,17.638993,0.000000,30.000000,32.022609079,126.000000000,300.0000,-180.0000,-62.335080,85.796878,-169.567784,200.000000
541,54.1000,32.000000000,126.000000000,0.0000,32.125000000,126.012800776,0.0000,-90.0000,24.266570,17.638980,0.000000,30.000000,32.022428724,126.000000000,300.0000,-180.0000,-62.334767,85.796446,-169.568118,200.000000
542,54.2000,32.000000000,126.000000000,0.0000,32.125000000,126.012768984,0.0000,-90.0000,24.266579,17.638966,0.000000,30.000000,32.022248370,126.000000000,300.0000,-180.0000,-62.334453,85.796014,-169.568452,200.000000
543,54.3000,32.000000000,126.000000000,0.0000,32.125000000,126.012737192,0.0000,-90.0000,24.266589,17.638953,0.000000,30.000000,32.022068015,126.000000000,300.0000,-180.0000,-62.334139,85.795582,-169.568786,200.000000
544,54.4000,32.000000000,126.000000000,0.0000,32.125000000,126.012705401,0.0000,-90.0000,24.266599,17.638939,0.000000,30.000000,32.021887660,126.000000000,300.0000,-180.0000,-62.333825,85.795150,-169.569120,200.000000
545,54.5000,32.000000000,126.000000000,0.0000,32.125000000,126.012673609,0.0000,-90.0000,24.266609,17.638926,0.000000,30.000000,32.021707305,126.000000000,300.0000,-180.0000,-62.333512,85.794719,-169.569454,200.000000
546,54.6000,32.000000000,126.000000000,0.0000,32.125000000,126.012641818,0.0000,-90.0000,24.266619,17.638912,0.000000,30.000000,32.021526950,126.000000000,300.0000,-180.0000,-62.333198,85.794287,-169.569787,200.000000
547,54.7000,32.000000000,126.000000000,0.0000,32.125000000,126.012610026,0.0000,-90.0000,24.266628,17.638899,0.000000,30.000000,32.021346595,126.000000000,300.0000,-180.0000,-62.332884,85.793855,-169.570121,200.000000
548,54.8000,32.000000000,126.000000000,0.0000,32.125000000,126.012578235,0.0000,-90.0000,24.266638,17.638885,0.000000,30.000000,32.021166240,126.000000000,300.0000,-180.0000,-62.332570,85.793423,-169.570455,200.000000
549,54.9000,32.000000000,126.000000000,0.0000,32.125000000,126.012546443,0.0000,-90.0000,24.266648,17.638872,0.000000,30.000000,32.020985885,126.000000000,300.0000,-180.0000,-62.332257,85.792991,-169.570789,200.000000
550,55.0000,32.000000000,126.000000000,0.0000,32.125000000,126.012514652,0.0000,-90.0000,24.266658,17.638858,0.000000,30.000000,32.020805530,126.000000000,300.0000,-180.0000,-62.331943,85.792559,-169.571123,200.000000
551,55.1000,32.000000000,126.000000000,0.0000,32.125000000,126.012482860,0.0000,-90.0000,24.266667,17.638845,0.000000,30.000000,32.020625175,126.000000000,300.0000,-180.0000,-62.331629,85.792128,-169.571456,200.000000
552,55.2000,32.000000000,126.000000000,0.0000,32.125000000,126.012451069,0.0000,-90.0000,24.266677,17.638831,0.000000,30.000000,32.020444820,126.000000000,300.0000,-180.0000,-62.331315,85.791696,-169.571790,200.000000
553,55.3000,32.000000000,126.000000000,0.0000,32.125000000,126.012419277,0.0000,-90.0000,24.266687,17.638818,0.000000,30.000000,32.020264465,126.000000000,300.0000,-180.0000,-62.331002,85.791264,-169.572124,200.000000
554,55.4000,32.000000000,126.000000000,0.0000,32.125000000,126.012387486,0.0000,-90.0000,24.266697,17.638804,0.000000,30.000000,32.020084110,126.000000000,300.0000,-180.0000,-62.330688,85.790832,-169.572458,200.000000
555,55.5000,32.000000000,126.000000000,0.0000,32.125000000,126.012355694,0.0000,-90.0000,24.266707,17.638791,0.000000,30.000000,32.019903755,126.000000000,300.0000,-180.0000,-62.330374,85.790400,-169.572792,200.000000
556,55.6000,32.000000000,126.000000000,0.0000,32.125000000,126.012323902,0.0000,-90.0000,24.266716,17.638778,0.000000,30.000000,32.019723400,126.000000000,300.0000,-180.0000,-62.330060,85.789968,-169.573125,200.000000
557,55.7000,32.000000000,126.000000000,0.0000,32.125000000,126.012292111,0.0000,-90.0000,24.266726,17.638764,0.000000,30.000000,32.019543045,126.000000000,300.0000,-180.0000,-62.329747,85.789537,-169.573459,200.000000
558,55.8000,32.000000000,126.000000000,0.0000,32.125000000,126.012260319,0.0000,-90.0000,24.266736,17.638751,0.000000,30.000000,32.019362690,126.000000000,300.0000,-180.0000,-62.329433,85.789105,-169.573793,200.000000
559,55.9000,32.000000000,126.000000000,0.0000,32.125000000,126.012228528,0.0000,-90.0000,24.266746,17.638737,0.000000,30.000000,32.019182335,126.000000000,300.0000,-180.0000,-62.329119,85.788673,-169.574127,200.000000
560,56.0000,32.000000000,126.000000000,0.0000,32.125000000,126.012196736,0.0000,-90.0000,24.266756,17.638724,0.000000,30.000000,32.019001980,126.000000000,300.0000,-180.0000,-62.328805,85.788241,-169.574461,200.000000
561,56.1000,32.000000000,126.000000000,0.0000,32.125000000,126.012164945,0.0000,-90.0000,24.266765,17.638710,0.000000,30.000000,32.018821624,126.000000000,300.0000,-180.0000,-62.328492,85.787809,-169.574794,200.000000
562,56.2000,32.000000000,126.000000000,0.0000,32.125000000,126.012133153,0.0000,-90.0000,24.266775,17.638697,0.000000,30.000000,32.018641269,126.000000000,300.0000,-180.0000,-62.328178,85.787377,-169.575128,200.000000
563,56.3000,32.000000000,126.000000000,0.0000,32.125000000,126.012101362,0.0000,-90.0000,24.266785,17.638683,0.000000,30.000000,32.018460914,126.000000000,300.0000,-180.0000,-62.327864,85.786945,-169.575462,200.000000
564,56.4000,32.000000000,126.000000000,0.0000,32.125000000,126.012069570,0.0000,-90.0000,24.266795,17.638670,0.000000,30.000000,32.018280559,126.000000000,300.0000,-180.0000,-62.327550,85.786514,-169.575796,200.000000
565,56.5000,32.000000000,126.000000000,0.0000,32.125000000,126.012037779,0.0000,-90.0000,24.266805,17.638656,0.000000,30.000000,32.018100204,126.000000000,300.0000,-180.0000,-62.327237,85.786082,-169.576130,200.000000
566,56.6000,32.000000000,126.000000000,0.0000,32.125000000,126.012005987,0.0000,-90.0000,24.266814,17.638643,0.000000,30.000000,32.017919849,126.000000000,300.0000,-180.0000,-62.326923,85.785650,-169.576463,200.000000
567,56.7000,32.000000000,126.000000000,0.0000,32.125000000,126.011974195,0.0000,-90.0000,24.266824,17.638629,0.000000,30.000000,32.017739494,126.000000000,300.0000,-180.0000,-62.326609,85.785218,-169.576797,200.000000
568,56.8000,32.000000000,126.000000000,0.0000,32.125000000,126.011942404,0.0000,-90.0000,24.266834,17.638616,0.000000,30.000000,32.017559139,126.000000000,300.0000,-180.0000,-62.326295,85.784786,-169.577131,200.000000
569,56.9000,32.000000000,126.000000000,0.0000,32.125000000,126.011910612,0.0000,-90.0000,24.266844,17.638603,0.000000,30.000000,32.017378784,126.000000000,300.0000,-180.0000,-62.325982,85.784354,-169.577465,200.000000
570,57.0000,32.000000000,126.000000000,0.0000,32.125000000,126.011878821,0.0000,-90.0000,24.266853,17.638589,0.000000,30.000000,32.017198429,126.000000000,300.0000,-180.0000,-62.325668,85.783923,-169.577799,200.000000
571,57.1000,32.000000000,126.000000000,0.0000,32.125000000,126.011847029,0.0000,-90.0000,24.266863,17.638576,0.000000,30.000000,32.017018074,126.000000000,300.0000,-180.0000,-62.325354,85.783491,-169.578132,200.000000
572,57.2000,32.000000000,126.000000000,0.0000,32.125000000,126.011815238,0.0000,-90.0000,24.266873,17.638562,0.000000,30.000000,32.016837719,126.000000000,300.0000,-180.0000,-62.325040,85.783059,-169.578466,200.000000
573,57.3000,32.000000000,126.000000000,0.0000,32.125000000,126.011783446,0.0000,-90.0000,24.266883,17.638549,0.000000,30.000000,32.016657363,126.000000000,300.0000,-180.0000,-62.324727,85.782627,-169.578800,200.000000
574,57.4000,32.000000000,126.000000000,0.0000,32.125000000,126.011751655,0.0000,-90.0000,24.266893,17.638535,0.000000,30.000000,32.016477008,126.000000000,300.0000,-180.0000,-62.324413,85.782195,-169.579134,200.000000
575,57.5000,32.000000000,126.000000000,0.0000,32.125000000,126.011719863,0.0000,-90.0000,24.266902,17.638522,0.000000,30.000000,32.016296653,126.000000000,300.0000,-180.0000,-62.324099,85.781763,-169.579467,200.000000
576,57.6000,32.000000000,126.000000000,0.0000,32.125000000,126.011688072,0.0000,-90.0000,24.266912,17.638508,0.000000,30.000000,32.016116298,126.000000000,300.0000,-180.0000,-62.323785,85.781331,-169.579801,200.000000
577,57.7000,32.000000000,126.000000000,0.0000,32.125000000,126.011656280,0.0000,-90.0000,24.266922,17.638495,0.000000,30.000000,32.015935943,126.000000000,300.0000,-180.0000,-62.323472,85.780900,-169.580135,200.000000
578,57.8000,32.000000000,126.000000000,0.0000,32.125000000,126.011624488,0.0000,-90.0000,24.266932,17.638481,0.000000,30.000000,32.015755588,126.000000000,300.0000,-180.0000,-62.323158,85.780468,-169.580469,200.000000
579,57.9000,32.000000000,126.000000000,0.0000,32.125000000,126.011592697,0.0000,-90.0000,24.266942,17.638468,0.000000,30.000000,32.015575233,126.000000000,300.0000,-180.0000,-62.322844,85.780036,-169.580802,200.000000
580,58.0000,32.000000000,126.000000000,0.0000,32.125000000,126.011560905,0.0000,-90.0000,24.266951,17.638454,0.000000,30.000000,32.015394878,126.000000000,300.0000,-180.0000,-62.322530,85.779604,-169.581136,200.000000
581,58.1000,32.000000000,126.000000000,0.0000,32.125000000,126.011529114,0.0000,-90.0000,24.266961,17.638441,0.000000,30.000000,32.015214522,126.000000000,300.0000,-180.0000,-62.322217,85.779172,-169.581470,200.000000
582,58.2000,32.000000000,126.000000000,0.0000,32.125000000,126.011497322,0.0000,-90.0000,24.266971,17.638427,0.000000,30.000000,32.015034167,126.000000000,300.0000,-180.0000,-62.321903,85.778740,-169.581804,200.000000
583,58.3000,32.000000000,126.000000000,0.0000,32.125000000,126.011465531,0.0000,-90.0000,24.266981,17.638414,0.000000,30.000000,32.014853812,126.000000000,300.0000,-180.0000,-62.321589,85.778308,-169.582137,200.000000
584,58.4000,32.000000000,126.000000000,0.0000,32.125000000,126.011433739,0.0000,-90.0000,24.266990,17.638401,0.000000,30.000000,32.014673457,126.000000000,300.0000,-180.0000,-62.321275,85.777877,-169.582471,200.000000
585,58.5000,32.000000000,126.000000000,0.0000,32.125000000,126.011401948,0.0000,-90.0000,24.267000,17.638387,0.000000,30.000000,32.014493102,126.000000000,300.0000,-180.0000,-62.320962,85.777445,-169.582805,200.000000
586,58.6000,32.000000000,126.000000000,0.0000,32.125000000,126.011370156,0.0000,-90.0000,24.267010,17.638374,0.000000,30.000000,32.014312747,126.000000000,300.0000,-180.0000,-62.320648,85.777013,-169.583139,200.000000
587,58.7000,32.000000000,126.000000000,0.0000,32.125000000,126.011338365,0.0000,-90.0000,24.267020,17.638360,0.000000,30.000000,32.014132391,126.000000000,300.0000,-180.0000,-62.320334,85.776581,-169.583472,200.000000
588,58.8000,32.000000000,126.000000000,0.0000,32.125000000,126.011306573,0.0000,-90.0000,24.267030,17.638347,0.000000,30.000000,32.013952036,126.000000000,300.0000,-180.0000,-62.320020,85.776149,-169.583806,200.000000
589,58.9000,32.000000000,126.000000000,0.0000,32.125000000,126.011274782,0.0000,-90.0000,24.267039,17.638333,0.000000,30.000000,32.013771681,126.000000000,300.0000,-180.0000,-62.319706,85.775717,-169.584140,200.000000
590,59.0000,32.000000000,126.000000000,0.0000,32.125000000,126.011242990,0.0000,-90.0000,24.267049,17.638320,0.000000,30.000000,32.013591326,126.000000000,300.0000,-180.0000,-62.319393,85.775285,-169.584474,200.000000
591,59.1000,32.000000000,126.000000000,0.0000,32.125000000,126.011211198,0.0000,-90.0000,24.267059,17.638306,0.000000,30.000000,32.013410971,126.000000000,300.0000,-180.0000,-62.319079,85.774854,-169.584807,200.000000
592,59.2000,32.000000000,126.000000000,0.0000,32.125000000,126.011179407,0.0000,-90.0000,24.267069,17.638293,0.000000,30.000000,32.013230615,126.000000000,300.0000,-180.0000,-62.318765,85.774422,-169.585141,200.000000
593,59.3000,32.000000000,126.000000000,0.0000,32.125000000,126.011147615,0.0000,-90.0000,24.267079,17.638279,0.000000,30.000000,32.013050260,126.000000000,300.0000,-180.0000,-62.318451,85.773990,-169.585475,200.000000
594,59.4000,32.000000000,126.000000000,0.0000,32.125000000,126.011115824,0.0000,-90.0000,24.267088,17.638266,0.000000,30.000000,32.012869905,126.000000000,300.0000,-180.0000,-62.318138,85.773558,-169.585809,200.000000
595,59.5000,32.000000000,126.000000000,0.0000,32.125000000,126.011084032,0.0000,-90.0000,24.267098,17.638252,0.000000,30.000000,32.012689550,126.000000000,300.0000,-180.0000,-62.317824,85.773126,-169.586142,200.000000
596,59.6000,32.000000000,126.000000000,0.0000,32.125000000,126.011052241,0.0000,-90.0000,24.267108,17.638239,0.000000,30.000000,32.012509195,126.000000000,300.0000,-180.0000,-62.317510,85.772694,-169.586476,200.000000
597,59.7000,32.000000000,126.000000000,0.0000,32.125000000,126.011020449,0.0000,-90.0000,24.267118,17.638226,0.000000,30.000000,32.012328839,126.000000000,300.0000,-180.0000,-62.317196,85.772262,-169.586810,200.000000
598,59.8000,32.000000000,126.000000000,0.0000,32.125000000,126.010988658,0.0000,-90.0000,24.267127,17.638212,0.000000,30.000000,32.012148484,126.000000000,300.0000,-180.0000,-62.316883,85.771830,-169.587144,200.000000
599,59.9000,32.000000000,126.000000000,0.0000,32.125000000,126.010956866,0.0000,-90.0000,24.267137,17.638199,0.000000,30.000000,32.011968129,126.000000000,300.0000,-180.0000,-62.316569,85.771399,-169.587477,200.000000
600,60.0000,32.000000000,126.000000000,0.0000,32.125000000,126.010925075,0.0000,-90.0000,24.267147,17.638185,0.000000,30.000000,32.011787774,126.000000000,300.0000,-180.0000,-62.316255,85.770967,-169.587811,200.000000
