step,time,pf_lat,pf_lon,pf_alt,t1_lat,t1_lon,t1_alt,t1_yaw,t1_vx,t1_vy,t1_vz,t1_spd,t2_lat,t2_lon,t2_alt,t2_yaw,t2_vx,t2_vy,t2_vz,t2_spd,t3_lat,t3_lon,t3_alt,t3_yaw,t3_vx,t3_vy,t3_vz,t3_spd
0,0.0000,32.000000000,126.000000000,0.0000,32.120000000,126.000000000,300.0000,-180.0000,-62.504408,86.029937,-169.387275,200.000000,32.120000000,126.000000000,300.0000,-180.0000,-62.504408,86.029937,-169.387275,200.000000,32.120000000,126.000000000,300.0000,-180.0000,-62.504408,86.029937,-169.387275,200.000000
1,0.1000,32.000000000,126.000000000,0.0000,32.119819648,126.000000000,300.0000,-180.0000,-62.504094,86.029505,-169.387610,200.000000,32.119819648,126.000000000,300.0000,-180.0000,-62.504094,86.029505,-169.387610,200.000000,32.119819648,126.000000000,300.0000,-180.0000,-62.504094,86.029505,-169.387610,200.000000
2,0.2000,32.000000000,126.000000000,0.0000,32.119639296,126.000000000,300.0000,-180.0000,-62.503781,86.029074,-169.387945,200.000000,32.119639296,126.000000000,300.0000,-180.0000,-62.503781,86.029074,-169.387945,200.000000,32.119639296,126.000000000,300.0000,-180.0000,-62.503781,86.029074,-169.387945,200.000000
3,0.3000,32.000000000,126.000000000,0.0000,32.119458943,126.000000000,300.0000,-180.0000,-62.503467,86.028642,-169.388280,200.000000,32.119458943,126.000000000,300.0000,-180.0000,-62.503467,86.028642,-169.388280,200.000000,32.119458943,126.000000000,300.0000,-180.0000,-62.503467,86.028642,-169.388280,200.000000
4,0.4000,32.000000000,126.000000000,0.0000,32.119278591,126.000000000,300.0000,-180.0000,-62.503154,86.028211,-169.388614,200.000000,32.119278591,126.000000000,300.0000,-180.0000,-62.503154,86.028211,-169.388614,200.000000,32.119278591,126.000000000,300.0000,-180.0000,-62.503154,86.028211,-169.388614,200.000000
5,0.5000,32.000000000,126.000000000,0.0000,32.119098239,126.000000000,300.0000,-180.0000,-62.502841,86.027780,-169.388949,200.000000,32.119098239,126.000000000,300.0000,-180.0000,-62.502841,86.027780,-169.388949,200.000000,32.119098239,126.000000000,300.0000,-180.0000,-62.502841,86.027780,-169.388949,200.000000
6,0.6000,32.000000000,126.000000000,0.0000,32.118917887,126.000000000,300.0000,-180.0000,-62.502527,86.027348,-169.389284,200.000000,32.118917887,126.000000000,300.0000,-180.0000,-62.502527,86.027348,-169.389284,200.000000,32.118917887,126.000000000,300.0000,-180.0000,-62.502527,86.027348,-169.389284,200.000000
7,0.7000,32.000000000,126.000000000,0.0000,32.118737535,126.000000000,300.0000,-180.0000,-62.502214,86.026917,-169.389618,200.000000,32.118737535,126.000000000,300.0000,-180.0000,-62.502214,86.026917,-169.389618,200.000000,32.118737535,126.000000000,300.0000,-180.0000,-62.502214,86.026917,-169.389618,200.000000
8,0.8000,32.000000000,126.000000000,0.0000,32.118557182,126.000000000,300.0000,-180.0000,-62.501900,86.026486,-169.389953,200.000000,32.118557182,126.000000000,300.0000,-180.0000,-62.501900,86.026486,-169.389953,200.000000,32.118557182,126.000000000,300.0000,-180.0000,-62.501900,86.026486,-169.389953,200.000000
9,0.9000,32.000000000,126.000000000,0.0000,32.118376830,126.000000000,300.0000,-180.0000,-62.501587,86.026054,-169.390288,200.000000,32.118376830,126.000000000,300.0000,-180.0000,-62.501587,86.026054,-169.390288,200.000000,32.118376830,126.000000000,300.0000,-180.0000,-62.501587,86.026054,-169.390288,200.000000
10,1.0000,32.000000000,126.000000000,0.0000,32.118196478,126.000000000,300.0000,-180.0000,-62.501274,86.025623,-169.390623,200.000000,32.118196478,126.000000000,300.0000,-180.0000,-62.501274,86.025623,-169.390623,200.000000,32.118196478,126.000000000,300.0000,-180.0000,-62.501274,86.025623,-169.390623,200.000000
11,1.1000,32.000000000,126.000000000,0.0000,32.118016126,126.000000000,300.0000,-180.0000,-62.500960,86.025192,-169.390957,200.000000,32.118016126,126.000000000,300.0000,-180.0000,-62.500960,86.025192,-169.390957,200.000000,32.118016126,126.000000000,300.0000,-180.0000,-62.500960,86.025192,-169.390957,200.000000
12,1.2000,32.000000000,126.000000000,0.0000,32.117835774,126.000000000,300.0000,-180.0000,-62.500647,86.024760,-169.391292,200.000000,32.117835774,126.000000000,300.0000,-180.0000,-62.500647,86.024760,-169.391292,200.000000,32.117835774,126.000000000,300.0000,-180.0000,-62.500647,86.024760,-169.391292,200.000000
13,1.3000,32.000000000,126.000000000,0.0000,32.117655421,126.000000000,300.0000,-180.0000,-62.500333,86.024329,-169.391627,200.000000,32.117655421,126.000000000,300.0000,-180.0000,-62.500333,86.024329,-169.391627,200.000000,32.117655421,126.000000000,300.0000,-180.0000,-62.500333,86.024329,-169.391627,200.000000
14,1.4000,32.000000000,126.000000000,0.0000,32.117475069,126.000000000,300.0000,-180.0000,-62.500020,86.023897,-169.391961,200.000000,32.117475069,126.000000000,300.0000,-180.0000,-62.500020,86.023897,-169.391961,200.000000,32.117475069,126.000000000,300.0000,-180.0000,-62.500020,86.023897,-169.391961,200.000000
15,1.5000,32.000000000,126.000000000,0.0000,32.117294717,126.000000000,300.0000,-180.0000,-62.499707,86.023466,-169.392296,200.000000,32.117294717,126.000000000,300.0000,-180.0000,-62.499707,86.023466,-169.392296,200.000000,32.117294717,126.000000000,300.0000,-180.0000,-62.499707,86.023466,-169.392296,200.000000
16,1.6000,32.000000000,126.000000000,0.0000,32.117114365,126.000000000,300.0000,-180.0000,-62.499393,86.023035,-169.392631,200.000000,32.117114365,126.000000000,300.0000,-180.0000,-62.499393,86.023035,-169.392631,200.000000,32.117114365,126.000000000,300.0000,-180.0000,-62.499393,86.023035,-169.392631,200.000000
17,1.7000,32.000000000,126.000000000,0.0000,32.116934012,126.000000000,300.0000,-180.0000,-62.499080,86.022603,-169.392965,200.000000,32.116934012,126.000000000,300.0000,-180.0000,-62.499080,86.022603,-169.392965,200.000000,32.116934012,126.000000000,300.0000,-180.0000,-62.499080,86.022603,-169.392965,200.000000
18,1.8000,32.000000000,126.000000000,0.0000,32.116753660,126.000000000,300.0000,-180.0000,-62.498766,86.022172,-169.393300,200.000000,32.116753660,126.000000000,300.0000,-180.0000,-62.498766,86.022172,-169.393300,200.000000,32.116753660,126.000000000,300.0000,-180.0000,-62.498766,86.022172,-169.393300,200.000000
19,1.9000,32.000000000,126.000000000,0.0000,32.116573308,126.000000000,300.0000,-180.0000,-62.498453,86.021741,-169.393635,200.000000,32.116573308,126.000000000,300.0000,-180.0000,-62.498453,86.021741,-169.393635,200.000000,32.116573308,126.000000000,300.0000,-180.0000,-62.498453,86.021741,-169.393635,200.000000
20,2.0000,32.000000000,126.000000000,0.0000,32.116392956,126.000000000,300.0000,-180.0000,-62.498139,86.021309,-169.393970,200.000000,32.116392956,126.000000000,300.0000,-180.0000,-62.498139,86.021309,-169.393970,200.000000,32.116392956,126.000000000,300.0000,-180.0000,-62.498139,86.021309,-169.393970,200.000000
21,2.1000,32.000000000,126.000000000,0.0000,32.116212603,126.000000000,300.0000,-180.0000,-62.497826,86.020878,-169.394304,200.000000,32.116212603,126.000000000,300.0000,-180.0000,-62.497826,86.020878,-169.394304,200.000000,32.116212603,126.000000000,300.0000,-180.0000,-62.497826,86.020878,-169.394304,200.000000
22,2.2000,32.000000000,126.000000000,0.0000,32.116032251,126.000000000,300.0000,-180.0000,-62.497513,86.020446,-169.394639,200.000000,32.116032251,126.000000000,300.0000,-180.0000,-62.497513,86.020446,-169.394639,200.000000,32.116032251,126.000000000,300.0000,-180.0000,-62.497513,86.020446,-169.394639,200.000000
23,2.3000,32.000000000,126.000000000,0.0000,32.115851899,126.000000000,300.0000,-180.0000,-62.497199,86.020015,-169.394974,200.000000,32.115851899,126.000000000,300.0000,-180.0000,-62.497199,86.020015,-169.394974,200.000000,32.115851899,126.000000000,300.0000,-180.0000,-62.497199,86.020015,-169.394974,200.000000
24,2.4000,32.000000000,126.000000000,0.0000,32.115671546,126.000000000,300.0000,-180.0000,-62.496886,86.019584,-169.395308,200.000000,32.115671546,126.000000000,300.0000,-180.0000,-62.496886,86.019584,-169.395308,200.000000,32.115671546,126.000000000,300.0000,-180.0000,-62.496886,86.019584,-169.395308,200.000000
25,2.5000,32.000000000,126.000000000,0.0000,32.115491194,126.000000000,300.0000,-180.0000,-62.496572,86.019152,-169.395643,200.000000,32.115491194,126.000000000,300.0000,-180.0000,-62.496572,86.019152,-169.395643,200.000000,32.115491194,126.000000000,300.0000,-180.0000,-62.496572,86.019152,-169.395643,200.000000
26,2.6000,32.000000000,126.000000000,0.0000,32.115310842,126.000000000,300.0000,-180.0000,-62.496259,86.018721,-169.395978,200.000000,32.115310842,126.000000000,300.0000,-180.0000,-62.496259,86.018721,-169.395978,200.000000,32.115310842,126.000000000,300.0000,-180.0000,-62.496259,86.018721,-169.395978,200.000000
27,2.7000,32.000000000,126.000000000,0.0000,32.115130490,126.000000000,300.0000,-180.0000,-62.495946,86.018290,-169.396312,200.000000,32.115130490,126.000000000,300.0000,-180.0000,-62.495946,86.018290,-169.396312,200.000000,32.115130490,126.000000000,300.0000,-180.0000,-62.495946,86.018290,-169.396312,200.000000
28,2.8000,32.000000000,126.000000000,0.0000,32.114950137,126.000000000,300.0000,-180.0000,-62.495632,86.017858,-169.396647,200.000000,32.114950137,126.000000000,300.0000,-180.0000,-62.495632,86.017858,-169.396647,200.000000,32.114950137,126.000000000,300.0000,-180.0000,-62.495632,86.017858,-169.396647,200.000000
29,2.9000,32.000000000,126.000000000,0.0000,32.114769785,126.000000000,300.0000,-180.0000,-62.495319,86.017427,-169.396982,200.000000,32.114769785,126.000000000,300.0000,-180.0000,-62.495319,86.017427,-169.396982,200.000000,32.114769785,126.000000000,300.0000,-180.0000,-62.495319,86.017427,-169.396982,200.000000
30,3.0000,32.000000000,126.000000000,0.0000,32.114589433,126.000000000,300.0000,-180.0000,-62.495005,86.016995,-169.397316,200.000000,32.114589433,126.000000000,300.0000,-180.0000,-62.495005,86.016995,-169.397316,200.000000,32.114589433,126.000000000,300.0000,-180.0000,-62.495005,86.016995,-169.397316,200.000000
31,3.1000,32.000000000,126.000000000,0.0000,32.114409080,126.000000000,300.0000,-180.0000,-62.494692,86.016564,-169.397651,200.000000,32.114409080,126.000000000,300.0000,-180.0000,-62.494692,86.016564,-169.397651,200.000000,32.114409080,126.000000000,300.0000,-180.0000,-62.494692,86.016564,-169.397651,200.000000
32,3.2000,32.000000000,126.000000000,0.0000,32.114228728,126.000000000,300.0000,-180.0000,-62.494378,86.016133,-169.397986,200.000000,32.114228728,126.000000000,300.0000,-180.0000,-62.494378,86.016133,-169.397986,200.000000,32.114228728,126.000000000,300.0000,-180.0000,-62.494378,86.016133,-169.397986,200.000000
33,3.3000,32.000000000,126.000000000,0.0000,32.114048376,126.000000000,300.0000,-180.0000,-62.494065,86.015701,-169.398320,200.000000,32.114048376,126.000000000,300.0000,-180.0000,-62.494065,86.015701,-169.398320,200.000000,32.114048376,126.000000000,300.0000,-180.0000,-62.494065,86.015701,-169.398320,200.000000
34,3.4000,32.000000000,126.000000000,0.0000,32.113868023,126.000000000,300.0000,-180.0000,-62.493752,86.015270,-169.398655,200.000000,32.113868023,126.000000000,300.0000,-180.0000,-62.493752,86.015270,-169.398655,200.000000,32.113868023,126.000000000,300.0000,-180.0000,-62.493752,86.015270,-169.398655,200.000000
35,3.5000,32.000000000,126.000000000,0.0000,32.113687671,126.000000000,300.0000,-180.0000,-62.493438,86.014839,-169.398990,200.000000,32.113687671,126.000000000,300.0000,-180.0000,-62.493438,86.014839,-169.398990,200.000000,32.113687671,126.000000000,300.0000,-180.0000,-62.493438,86.014839,-169.398990,200.000000
36,3.6000,32.000000000,126.000000000,0.0000,32.113507319,126.000000000,300.0000,-180.0000,-62.493125,86.014407,-169.399324,200.000000,32.113507319,126.000000000,300.0000,-180.0000,-62.493125,86.014407,-169.399324,200.000000,32.113507319,126.000000000,300.0000,-180.0000,-62.493125,86.014407,-169.399324,200.000000
37,3.7000,32.000000000,126.000000000,0.0000,32.113326966,126.000000000,300.0000,-180.0000,-62.492811,86.013976,-169.399659,200.000000,32.113326966,126.000000000,300.0000,-180.0000,-62.492811,86.013976,-169.399659,200.000000,32.113326966,126.000000000,300.0000,-180.0000,-62.492811,86.013976,-169.399659,200.000000
38,3.8000,32.000000000,126.000000000,0.0000,32.113146614,126.000000000,300.0000,-180.0000,-62.492498,86.013544,-169.399994,200.000000,32.113146614,126.000000000,300.0000,-180.0000,-62.492498,86.013544,-169.399994,200.000000,32.113146614,126.000000000,300.0000,-180.0000,-62.492498,86.013544,-169.399994,200.000000
39,3.9000,32.000000000,126.000000000,0.0000,32.112966262,126.000000000,300.0000,-180.0000,-62.492185,86.013113,-169.400328,200.000000,32.112966262,126.000000000,300.0000,-180.0000,-62.492185,86.013113,-169.400328,200.000000,32.112966262,126.000000000,300.0000,-180.0000,-62.492185,86.013113,-169.400328,200.000000
40,4.0000,32.000000000,126.000000000,0.0000,32.112785909,126.000000000,300.0000,-180.0000,-62.491871,86.012682,-169.400663,200.000000,32.112785909,126.000000000,300.0000,-180.0000,-62.491871,86.012682,-169.400663,200.000000,32.112785909,126.000000000,300.0000,-180.0000,-62.491871,86.012682,-169.400663,200.000000
41,4.1000,32.000000000,126.000000000,0.0000,32.112605557,126.000000000,300.0000,-180.0000,-62.491558,86.012250,-169.400998,200.000000,32.112605557,126.000000000,300.0000,-180.0000,-62.491558,86.012250,-169.400998,200.000000,32.112605557,126.000000000,300.0000,-180.0000,-62.491558,86.012250,-169.400998,200.000000
42,4.2000,32.000000000,126.000000000,0.0000,32.112425204,126.000000000,300.0000,-180.0000,-62.491244,86.011819,-169.401332,200.000000,32.112425204,126.000000000,300.0000,-180.0000,-62.491244,86.011819,-169.401332,200.000000,32.112425204,126.000000000,300.0000,-180.0000,-62.491244,86.011819,-169.401332,200.000000
43,4.3000,32.000000000,126.000000000,0.0000,32.112244852,126.000000000,300.0000,-180.0000,-62.490931,86.011387,-169.401667,200.000000,32.112244852,126.000000000,300.0000,-180.0000,-62.490931,86.011387,-169.401667,200.000000,32.112244852,126.000000000,300.0000,-180.0000,-62.490931,86.011387,-169.401667,200.000000
44,4.4000,32.000000000,126.000000000,0.0000,32.112064500,126.000000000,300.0000,-180.0000,-62.490617,86.010956,-169.402002,200.000000,32.112064500,126.000000000,300.0000,-180.0000,-62.490617,86.010956,-169.402002,200.000000,32.112064500,126.000000000,300.0000,-180.0000,-62.490617,86.010956,-169.402002,200.000000
45,4.5000,32.000000000,126.000000000,0.0000,32.111884147,126.000000000,300.0000,-180.0000,-62.490304,86.010525,-169.402336,200.000000,32.111884147,126.000000000,300.0000,-180.0000,-62.490304,86.010525,-169.402336,200.000000,32.111884147,126.000000000,300.0000,-180.0000,-62.490304,86.010525,-169.402336,200.000000
46,4.6000,32.000000000,126.000000000,0.0000,32.111703795,126.000000000,300.0000,-180.0000,-62.489991,86.010093,-169.402671,200.000000,32.111703795,126.000000000,300.0000,-180.0000,-62.489991,86.010093,-169.402671,200.000000,32.111703795,126.000000000,300.0000,-180.0000,-62.489991,86.010093,-169.402671,200.000000
47,4.7000,32.000000000,126.000000000,0.0000,32.111523442,126.000000000,300.0000,-180.0000,-62.489677,86.009662,-169.403006,200.000000,32.111523442,126.000000000,300.0000,-180.0000,-62.489677,86.009662,-169.403006,200.000000,32.111523442,126.000000000,300.0000,-180.0000,-62.489677,86.009662,-169.403006,200.000000
48,4.8000,32.000000000,126.000000000,0.0000,32.111343090,126.000000000,300.0000,-180.0000,-62.489364,86.009230,-169.403340,200.000000,32.111343090,126.000000000,300.0000,-180.0000,-62.489364,86.009230,-169.403340,200.000000,32.111343090,126.000000000,300.0000,-180.0000,-62.489364,86.009230,-169.403340,200.000000
49,4.9000,32.000000000,126.000000000,0.0000,32.111162738,126.000000000,300.0000,-180.0000,-62.489050,86.008799,-169.403675,200.000000,32.111162738,126.000000000,300.0000,-180.0000,-62.489050,86.008799,-169.403675,200.000000,32.111162738,126.000000000,300.0000,-180.0000,-62.489050,86.008799,-169.403675,200.000000
50,5.0000,32.000000000,126.000000000,0.0000,32.110982385,126.000000000,300.0000,-180.0000,-62.488737,86.008368,-169.404010,200.000000,32.110982385,126.000000000,300.0000,-180.0000,-62.488737,86.008368,-169.404010,200.000000,32.110982385,126.000000000,300.0000,-180.0000,-62.488737,86.008368,-169.404010,200.000000
51,5.1000,32.000000000,126.000000000,0.0000,32.110802033,126.000000000,300.0000,-180.0000,-62.488423,86.007936,-169.404344,200.000000,32.110802033,126.000000000,300.0000,-180.0000,-62.488423,86.007936,-169.404344,200.000000,32.110802033,126.000000000,300.0000,-180.0000,-62.488423,86.007936,-169.404344,200.000000
52,5.2000,32.000000000,126.000000000,0.0000,32.110621680,126.000000000,300.0000,-180.0000,-62.488110,86.007505,-169.404679,200.000000,32.110621680,126.000000000,300.0000,-180.0000,-62.488110,86.007505,-169.404679,200.000000,32.110621680,126.000000000,300.0000,-180.0000,-62.488110,86.007505,-169.404679,200.000000
53,5.3000,32.000000000,126.000000000,0.0000,32.110441328,126.000000000,300.0000,-180.0000,-62.487797,86.007073,-169.405014,200.000000,32.110441328,126.000000000,300.0000,-180.0000,-62.487797,86.007073,-169.405014,200.000000,32.110441328,126.000000000,300.0000,-180.0000,-62.487797,86.007073,-169.405014,200.000000
54,5.4000,32.000000000,126.000000000,0.0000,32.110260975,126.000000000,300.0000,-180.0000,-62.487483,86.006642,-169.405348,200.000000,32.110260975,126.000000000,300.0000,-180.0000,-62.487483,86.006642,-169.405348,200.000000,32.110260975,126.000000000,300.0000,-180.0000,-62.487483,86.006642,-169.405348,200.000000
55,5.5000,32.000000000,126.000000000,0.0000,32.110080623,126.000000000,300.0000,-180.0000,-62.487170,86.006211,-169.405683,200.000000,32.110080623,126.000000000,300.0000,-180.0000,-62.487170,86.006211,-169.405683,200.000000,32.110080623,126.000000000,300.0000,-180.0000,-62.487170,86.006211,-169.405683,200.000000
56,5.6000,32.000000000,126.000000000,0.0000,32.109900270,126.000000000,300.0000,-180.0000,-62.486856,86.005779,-169.406017,200.000000,32.109900270,126.000000000,300.0000,-180.0000,-62.486856,86.005779,-169.406017,200.000000,32.109900270,126.000000000,300.0000,-180.0000,-62.486856,86.005779,-169.406017,200.000000
57,5.7000,32.000000000,126.000000000,0.0000,32.109719918,126.000000000,300.0000,-180.0000,-62.486543,86.005348,-169.406352,200.000000,32.109719918,126.000000000,300.0000,-180.0000,-62.486543,86.005348,-169.406352,200.000000,32.109719918,126.000000000,300.0000,-180.0000,-62.486543,86.005348,-169.406352,200.000000
58,5.8000,32.000000000,126.000000000,0.0000,32.109539566,126.000000000,300.0000,-180.0000,-62.486229,86.004916,-169.406687,200.000000,32.109539566,126.000000000,300.0000,-180.0000,-62.486229,86.004916,-169.406687,200.000000,32.109539566,126.000000000,300.0000,-180.0000,-62.486229,86.004916,-169.406687,200.000000
59,5.9000,32.000000000,126.000000000,0.0000,32.109359213,126.000000000,300.0000,-180.0000,-62.485916,86.004485,-169.407021,200.000000,32.109359213,126.000000000,300.0000,-180.0000,-62.485916,86.004485,-169.407021,200.000000,32.109359213,126.000000000,300.0000,-180.0000,-62.485916,86.004485,-169.407021,200.000000
60,6.0000,32.000000000,126.000000000,0.0000,32.109178861,126.000000000,300.0000,-180.0000,-62.485602,86.004054,-169.407356,200.000000,32.109178861,126.000000000,300.0000,-180.0000,-62.485602,86.004054,-169.407356,200.000000,32.109178861,126.000000000,300.0000,-180.0000,-62.485602,86.004054,-169.407356,200.000000
61,6.1000,32.000000000,126.000000000,0.0000,32.108998508,126.000000000,300.0000,-180.0000,-62.485289,86.003622,-169.407691,200.000000,32.108998508,126.000000000,300.0000,-180.0000,-62.485289,86.003622,-169.407691,200.000000,32.108998508,126.000000000,300.0000,-180.0000,-62.485289,86.003622,-169.407691,200.000000
62,6.2000,32.000000000,126.000000000,0.0000,32.108818156,126.000000000,300.0000,-180.0000,-62.484976,86.003191,-169.408025,200.000000,32.108818156,126.000000000,300.0000,-180.0000,-62.484976,86.003191,-169.408025,200.000000,32.108818156,126.000000000,300.0000,-180.0000,-62.484976,86.003191,-169.408025,200.000000
63,6.3000,32.000000000,126.000000000,0.0000,32.108637803,126.000000000,300.0000,-180.0000,-62.484662,86.002759,-169.408360,200.000000,32.108637803,126.000000000,300.0000,-180.0000,-62.484662,86.002759,-169.408360,200.000000,32.108637803,126.000000000,300.0000,-180.0000,-62.484662,86.002759,-169.408360,200.000000
64,6.4000,32.000000000,126.000000000,0.0000,32.108457451,126.000000000,300.0000,-180.0000,-62.484349,86.002328,-169.408694,200.000000,32.108457451,126.000000000,300.0000,-180.0000,-62.484349,86.002328,-169.408694,200.000000,32.108457451,126.000000000,300.0000,-180.0000,-62.484349,86.002328,-169.408694,200.000000
65,6.5000,32.000000000,126.000000000,0.0000,32.108277098,126.000000000,300.0000,-180.0000,-62.484035,86.001897,-169.409029,200.000000,32.108277098,126.000000000,300.0000,-180.0000,-62.484035,86.001897,-169.409029,200.000000,32.108277098,126.000000000,300.0000,-180.0000,-62.484035,86.001897,-169.409029,200.000000
66,6.6000,32.000000000,126.000000000,0.0000,32.108096746,126.000000000,300.0000,-180.0000,-62.483722,86.001465,-169.409364,200.000000,32.108096746,126.000000000,300.0000,-180.0000,-62.483722,86.001465,-169.409364,200.000000,32.108096746,126.000000000,300.0000,-180.0000,-62.483722,86.001465,-169.409364,200.000000
67,6.7000,32.000000000,126.000000000,0.0000,32.107916393,126.000000000,300.0000,-180.0000,-62.483408,86.001034,-169.409698,200.000000,32.107916393,126.000000000,300.0000,-180.0000,-62.483408,86.001034,-169.409698,200.000000,32.107916393,126.000000000,300.0000,-180.0000,-62.483408,86.001034,-169.409698,200.000000
68,6.8000,32.000000000,126.000000000,0.0000,32.107736041,126.000000000,300.0000,-180.0000,-62.483095,86.000602,-169.410033,200.000000,32.107736041,126.000000000,300.0000,-180.0000,-62.483095,86.000602,-169.410033,200.000000,32.107736041,126.000000000,300.0000,-180.0000,-62.483095,86.000602,-169.410033,200.000000
69,6.9000,32.000000000,126.000000000,0.0000,32.107555688,126.000000000,300.0000,-180.0000,-62.482782,86.000171,-169.410368,200.000000,32.107555688,126.000000000,300.0000,-180.0000,-62.482782,86.000171,-169.410368,200.000000,32.107555688,126.000000000,300.0000,-180.0000,-62.482782,86.000171,-169.410368,200.000000
70,7.0000,32.000000000,126.000000000,0.0000,32.107375336,126.000000000,300.0000,-180.0000,-62.482468,85.999739,-169.410702,200.000000,32.107375336,126.000000000,300.0000,-180.0000,-62.482468,85.999739,-169.410702,200.000000,32.107375336,126.000000000,300.0000,-180.0000,-62.482468,85.999739,-169.410702,200.000000
71,7.1000,32.000000000,126.000000000,0.0000,32.107194983,126.000000000,300.0000,-180.0000,-62.482155,85.999308,-169.411037,200.000000,32.107194983,126.000000000,300.0000,-180.0000,-62.482155,85.999308,-169.411037,200.000000,32.107194983,126.000000000,300.0000,-180.0000,-62.482155,85.999308,-169.411037,200.000000
72,7.2000,32.000000000,126.000000000,0.0000,32.107014631,126.000000000,300.0000,-180.0000,-62.481841,85.998877,-169.411371,200.000000,32.107014631,126.000000000,300.0000,-180.0000,-62.481841,85.998877,-169.411371,200.000000,32.107014631,126.000000000,300.0000,-180.0000,-62.481841,85.998877,-169.411371,200.000000
73,7.3000,32.000000000,126.000000000,0.0000,32.106834278,126.000000000,300.0000,-180.0000,-62.481528,85.998445,-169.411706,200.000000,32.106834278,126.000000000,300.0000,-180.0000,-62.481528,85.998445,-169.411706,200.000000,32.106834278,126.000000000,300.0000,-180.0000,-62.481528,85.998445,-169.411706,200.000000
74,7.4000,32.000000000,126.000000000,0.0000,32.106653925,126.000000000,300.0000,-180.0000,-62.481214,85.998014,-169.412041,200.000000,32.106653925,126.000000000,300.0000,-180.0000,-62.481214,85.998014,-169.412041,200.000000,32.106653925,126.000000000,300.0000,-180.0000,-62.481214,85.998014,-169.412041,200.000000
75,7.5000,32.000000000,126.000000000,0.0000,32.106473573,126.000000000,300.0000,-180.0000,-62.480901,85.997582,-169.412375,200.000000,32.106473573,126.000000000,300.0000,-180.0000,-62.480901,85.997582,-169.412375,200.000000,32.106473573,126.000000000,300.0000,-180.0000,-62.480901,85.997582,-169.412375,200.000000
76,7.6000,32.000000000,126.000000000,0.0000,32.106293220,126.000000000,300.0000,-180.0000,-62.480587,85.997151,-169.412710,200.000000,32.106293220,126.000000000,300.0000,-180.0000,-62.480587,85.997151,-169.412710,200.000000,32.106293220,126.000000000,300.0000,-180.0000,-62.480587,85.997151,-169.412710,200.000000
77,7.7000,32.000000000,126.000000000,0.0000,32.106112868,126.000000000,300.0000,-180.0000,-62.480274,85.996719,-169.413044,200.000000,32.106112868,126.000000000,300.0000,-180.0000,-62.480274,85.996719,-169.413044,200.000000,32.106112868,126.000000000,300.0000,-180.0000,-62.480274,85.996719,-169.413044,200.000000
78,7.8000,32.000000000,126.000000000,0.0000,32.105932515,126.000000000,300.0000,-180.0000,-62.479961,85.996288,-169.413379,200.000000,32.105932515,126.000000000,300.0000,-180.0000,-62.479961,85.996288,-169.413379,200.000000,32.105932515,126.000000000,300.0000,-180.0000,-62.479961,85.996288,-169.413379,200.000000
79,7.9000,32.000000000,126.000000000,0.0000,32.105752163,126.000000000,300.0000,-180.0000,-62.479647,85.995857,-169.413714,200.000000,32.105752163,126.000000000,300.0000,-180.0000,-62.479647,85.995857,-169.413714,200.000000,32.105752163,126.000000000,300.0000,-180.0000,-62.479647,85.995857,-169.413714,200.000000
80,8.0000,32.000000000,126.000000000,0.0000,32.105571810,126.000000000,300.0000,-180.0000,-62.479334,85.995425,-169.414048,200.000000,32.105571810,126.000000000,300.0000,-180.0000,-62.479334,85.995425,-169.414048,200.000000,32.105571810,126.000000000,300.0000,-180.0000,-62.479334,85.995425,-169.414048,200.000000
81,8.1000,32.000000000,126.000000000,0.0000,32.105391457,126.000000000,300.0000,-180.0000,-62.479020,85.994994,-169.414383,200.000000,32.105391457,126.000000000,300.0000,-180.0000,-62.479020,85.994994,-169.414383,200.000000,32.105391457,126.000000000,300.0000,-180.0000,-62.479020,85.994994,-169.414383,200.000000
82,8.2000,32.000000000,126.000000000,0.0000,32.105211105,126.000000000,300.0000,-180.0000,-62.478707,85.994562,-169.414717,200.000000,32.105211105,126.000000000,300.0000,-180.0000,-62.478707,85.994562,-169.414717,200.000000,32.105211105,126.000000000,300.0000,-180.0000,-62.478707,85.994562,-169.414717,200.000000
83,8.3000,32.000000000,126.000000000,0.0000,32.105030752,126.000000000,300.0000,-180.0000,-62.478393,85.994131,-169.415052,200.000000,32.105030752,126.000000000,300.0000,-180.0000,-62.478393,85.994131,-169.415052,200.000000,32.105030752,126.000000000,300.0000,-180.0000,-62.478393,85.994131,-169.415052,200.000000
84,8.4000,32.000000000,126.000000000,0.0000,32.104850400,126.000000000,300.0000,-180.0000,-62.478080,85.993700,-169.415387,200.000000,32.104850400,126.000000000,300.0000,-180.0000,-62.478080,85.993700,-169.415387,200.000000,32.104850400,126.000000000,300.0000,-180.0000,-62.478080,85.993700,-169.415387,200.000000
85,8.5000,32.000000000,126.000000000,0.0000,32.104670047,126.000000000,300.0000,-180.0000,-62.477766,85.993268,-169.415721,200.000000,32.104670047,126.000000000,300.0000,-180.0000,-62.477766,85.993268,-169.415721,200.000000,32.104670047,126.000000000,300.0000,-180.0000,-62.477766,85.993268,-169.415721,200.000000
86,8.6000,32.000000000,126.000000000,0.0000,32.104489694,126.000000000,300.0000,-180.0000,-62.477453,85.992837,-169.416056,200.000000,32.104489694,126.000000000,300.0000,-180.0000,-62.477453,85.992837,-169.416056,200.000000,32.104489694,126.000000000,300.0000,-180.0000,-62.477453,85.992837,-169.416056,200.000000
87,8.7000,32.000000000,126.000000000,0.0000,32.104309342,126.000000000,300.0000,-180.0000,-62.477139,85.992405,-169.416390,200.000000,32.104309342,126.000000000,300.0000,-180.0000,-62.477139,85.992405,-169.416390,200.000000,32.104309342,126.000000000,300.0000,-180.0000,-62.477139,85.992405,-169.416390,200.000000
88,8.8000,32.000000000,126.000000000,0.0000,32.104128989,126.000000000,300.0000,-180.0000,-62.476826,85.991974,-169.416725,200.000000,32.104128989,126.000000000,300.0000,-180.0000,-62.476826,85.991974,-169.416725,200.000000,32.104128989,126.000000000,300.0000,-180.0000,-62.476826,85.991974,-169.416725,200.000000
89,8.9000,32.000000000,126.000000000,0.0000,32.103948637,126.000000000,300.0000,-180.0000,-62.476513,85.991542,-169.417059,200.000000,32.103948637,126.000000000,300.0000,-180.0000,-62.476513,85.991542,-169.417059,200.000000,32.103948637,126.000000000,300.0000,-180.0000,-62.476513,85.991542,-169.417059,200.000000
90,9.0000,32.000000000,126.000000000,0.0000,32.103768284,126.000000000,300.0000,-180.0000,-62.476199,85.991111,-169.417394,200.000000,32.103768284,126.000000000,300.0000,-180.0000,-62.476199,85.991111,-169.417394,200.000000,32.103768284,126.000000000,300.0000,-180.0000,-62.476199,85.991111,-169.417394,200.000000
91,9.1000,32.000000000,126.000000000,0.0000,32.103587931,126.000000000,300.0000,-180.0000,-62.475886,85.990679,-169.417729,200.000000,32.103587931,126.000000000,300.0000,-180.0000,-62.475886,85.990679,-169.417729,200.000000,32.103587931,126.000000000,300.0000,-180.0000,-62.475886,85.990679,-169.417729,200.000000
92,9.2000,32.000000000,126.000000000,0.0000,32.103407579,126.000000000,300.0000,-180.0000,-62.475572,85.990248,-169.418063,200.000000,32.103407579,126.000000000,300.0000,-180.0000,-62.475572,85.990248,-169.418063,200.000000,32.103407579,126.000000000,300.0000,-180.0000,-62.475572,85.990248,-169.418063,200.000000
93,9.3000,32.000000000,126.000000000,0.0000,32.103227226,126.000000000,300.0000,-180.0000,-62.475259,85.989817,-169.418398,200.000000,32.103227226,126.000000000,300.0000,-180.0000,-62.475259,85.989817,-169.418398,200.000000,32.103227226,126.000000000,300.0000,-180.0000,-62.475259,85.989817,-169.418398,200.000000
94,9.4000,32.000000000,126.000000000,0.0000,32.103046873,126.000000000,300.0000,-180.0000,-62.474945,85.989385,-169.418732,200.000000,32.103046873,126.000000000,300.0000,-180.0000,-62.474945,85.989385,-169.418732,200.000000,32.103046873,126.000000000,300.0000,-180.0000,-62.474945,85.989385,-169.418732,200.000000
95,9.5000,32.000000000,126.000000000,0.0000,32.102866521,126.000000000,300.0000,-180.0000,-62.474632,85.988954,-169.419067,200.000000,32.102866521,126.000000000,300.0000,-180.0000,-62.474632,85.988954,-169.419067,200.000000,32.102866521,126.000000000,300.0000,-180.0000,-62.474632,85.988954,-169.419067,200.000000
96,9.6000,32.000000000,126.000000000,0.0000,32.102686168,126.000000000,300.0000,-180.0000,-62.474318,85.988522,-169.419401,200.000000,32.102686168,126.000000000,300.0000,-180.0000,-62.474318,85.988522,-169.419401,200.000000,32.102686168,126.000000000,300.0000,-180.0000,-62.474318,85.988522,-169.419401,200.000000
97,9.7000,32.000000000,126.000000000,0.0000,32.102505815,126.000000000,300.0000,-180.0000,-62.474005,85.988091,-169.419736,200.000000,32.102505815,126.000000000,300.0000,-180.0000,-62.474005,85.988091,-169.419736,200.000000,32.102505815,126.000000000,300.0000,-180.0000,-62.474005,85.988091,-169.419736,200.000000
98,9.8000,32.000000000,126.000000000,0.0000,32.102325463,126.000000000,300.0000,-180.0000,-62.473691,85.987659,-169.420071,200.000000,32.102325463,126.000000000,300.0000,-180.0000,-62.473691,85.987659,-169.420071,200.000000,32.102325463,126.000000000,300.0000,-180.0000,-62.473691,85.987659,-169.420071,200.000000
99,9.9000,32.000000000,126.000000000,0.0000,32.102145110,126.000000000,300.0000,-180.0000,-62.473378,85.987228,-169.420405,200.000000,32.102145110,126.000000000,300.0000,-180.0000,-62.473378,85.987228,-169.420405,200.000000,32.102145110,126.000000000,300.0000,-180.0000,-62.473378,85.987228,-169.420405,200.000000
100,10.0000,32.000000000,126.000000000,0.0000,32.101964757,126.000000000,300.0000,-180.0000,-62.473065,85.986797,-169.420740,200.000000,32.101964757,126.000000000,300.0000,-180.0000,-62.473065,85.986797,-169.420740,200.000000,32.101964757,126.000000000,300.0000,-180.0000,-62.473065,85.986797,-169.420740,200.000000
101,10.1000,32.000000000,126.000000000,0.0000,32.101784407,125.999998961,300.0000,-179.4381,-60.883022,87.135054,-169.412928,200.000000,32.101784407,126.000000000,300.0981,-180.0000,-63.446309,87.326353,-168.370645,200.000000,32.101784405,126.000000000,300.0000,-180.0000,-62.472751,85.986365,-169.421074,200.000000
102,10.2000,32.000000000,126.000000000,0.0000,32.101604074,125.999995844,300.0000,-178.8762,-59.287120,88.274934,-169.388823,200.000000,32.101604074,126.000000000,300.3923,-180.0000,-64.413456,88.657516,-167.304368,200.000000,32.101604052,126.000000000,300.0000,-180.0000,-62.472438,85.985934,-169.421409,200.000000
103,10.3000,32.000000000,126.000000000,0.0000,32.101423775,125.999990650,300.0000,-178.3144,-57.685515,89.406326,-169.348428,200.000000,32.101423775,126.000000000,300.8826,-180.0000,-65.374412,89.980159,-166.222012,200.000000,32.101423699,126.000000000,300.0000,-180.0000,-62.472124,85.985502,-169.421743,200.000000
104,10.4000,32.000000000,126.000000000,0.0000,32.101243529,125.999983379,300.0000,-177.7525,-56.078358,90.529123,-169.291747,200.000000,32.101243529,126.000000000,301.5689,-180.0000,-66.329086,91.294154,-165.123680,200.000000,32.101243347,126.000000000,300.0000,-180.0000,-62.471811,85.985071,-169.422078,200.000000
105,10.5000,32.000000000,126.000000000,0.0000,32.101063352,125.999974032,300.0000,-177.1906,-54.465805,91.643216,-169.218785,200.000000,32.101063352,126.000000000,302.4512,-180.0000,-67.277385,92.599376,-164.009479,200.000000,32.101062994,126.000000000,300.0000,-180.0000,-62.471497,85.984639,-169.422412,200.000000
106,10.6000,32.000000000,126.000000000,0.0000,32.100883261,125.999962610,300.0000,-176.6287,-52.848010,92.748497,-169.129548,200.000000,32.100883261,126.000000000,303.5294,-180.0000,-68.219218,93.895698,-162.879515,200.000000,32.100882641,126.000000000,300.0000,-180.0000,-62.471184,85.984208,-169.422747,200.000000
107,10.7000,32.000000000,126.000000000,0.0000,32.100703275,125.999949113,300.0000,-176.0668,-51.225131,93.844860,-169.024046,200.000000,32.100703275,126.000000000,304.8034,-180.0000,-69.154494,95.182996,-161.733896,200.000000,32.100702289,126.000000000,300.0000,-180.0000,-62.470870,85.983776,-169.423082,200.000000
108,10.8000,32.000000000,126.000000000,0.0000,32.100523410,125.999933544,300.0000,-175.5050,-49.597321,94.932201,-168.902288,200.000000,32.100523410,126.000000000,306.2731,-180.0000,-70.083125,96.461146,-160.572734,200.000000,32.100521936,126.000000000,300.0000,-180.0000,-62.470557,85.983345,-169.423416,200.000000
109,10.9000,32.000000000,126.000000000,0.0000,32.100343683,125.999915903,300.0000,-174.9431,-47.964738,96.010414,-168.764286,200.000000,32.100343684,126.000000000,307.9383,-180.0000,-71.005020,97.730026,-159.396139,200.000000,32.100341583,126.000000000,300.0000,-180.0000,-62.470243,85.982913,-169.423751,200.000000
110,11.0000,32.000000000,126.000000000,0.0000,32.100164112,125.999896192,300.0000,-174.3812,-46.327540,97.079395,-168.610054,200.000000,32.100164113,126.000000000,309.7989,-180.0000,-71.920092,98.989514,-158.204224,200.000000,32.100161230,126.000000000,300.0000,-180.0000,-62.469930,85.982482,-169.424085,200.000000
111,11.1000,32.000000000,126.000000000,0.0000,32.099984715,125.999874414,300.0000,-173.8193,-44.685882,98.139042,-168.439605,200.000000,32.099984716,126.000000000,311.8546,-180.0000,-72.828252,100.239489,-156.997104,200.000000,32.099980878,126.000000000,300.0000,-180.0000,-62.469616,85.982051,-169.424420,200.000000
112,11.2000,32.000000000,126.000000000,0.0000,32.099805508,125.999850570,300.0000,-173.2574,-43.039924,99.189252,-168.252956,200.000000,32.099805510,126.000000000,314.1054,-180.0000,-73.729412,101.479830,-155.774895,200.000000,32.099800525,126.000000000,300.0000,-180.0000,-62.469303,85.981619,-169.424754,200.000000
113,11.3000,32.000000000,126.000000000,0.0000,32.099626509,125.999824663,300.0000,-172.6956,-41.389823,100.229925,-168.050125,200.000000,32.099626511,126.000000000,316.5509,-180.0000,-74.623487,102.710418,-154.537714,200.000000,32.099620172,126.000000000,300.0000,-180.0000,-62.468989,85.981188,-169.425089,200.000000
114,11.4000,32.000000000,126.000000000,0.0000,32.099447734,125.999796695,300.0000,-172.1337,-39.735738,101.260961,-167.831132,200.000000,32.099447737,126.000000000,319.1910,-180.0000,-75.510390,103.931136,-153.285681,200.000000,32.099439819,126.000000000,300.0000,-180.0000,-62.468676,85.980756,-169.425423,200.000000
115,11.5000,32.000000000,126.000000000,0.0000,32.099269202,125.999766668,300.0000,-171.5718,-38.077829,102.282260,-167.595997,200.000000,32.099269205,126.000000000,322.0253,-180.0000,-76.390037,105.141866,-152.018915,200.000000,32.099259467,126.000000000,300.0000,-180.0000,-62.468363,85.980325,-169.425758,200.000000
116,11.6000,32.000000000,126.000000000,0.0000,32.099090928,125.999734587,300.0000,-171.0099,-36.416254,103.293724,-167.344743,200.000000,32.099090932,126.000000000,325.0537,-180.0000,-77.262342,106.342491,-150.737538,200.000000,32.099079114,126.000000000,300.0000,-180.0000,-62.468049,85.979893,-169.426092,200.000000
117,11.7000,32.000000000,126.000000000,0.0000,32.098912931,125.999700453,300.0000,-170.4480,-34.751174,104.295255,-167.077394,200.000000,32.098912936,126.000000000,328.2758,-180.0000,-78.127222,107.532896,-149.441673,200.000000,32.098898761,126.000000000,300.0000,-180.0000,-62.467736,85.979462,-169.426427,200.000000
118,11.8000,32.000000000,126.000000000,0.0000,32.098735228,125.999664270,300.0000,-169.8862,-33.082748,105.286758,-166.793976,200.000000,32.098735233,126.000000000,331.6913,-180.0000,-78.984594,108.712967,-148.131444,200.000000,32.098718408,126.000000000,300.0000,-180.0000,-62.467422,85.979030,-169.426761,200.000000
119,11.9000,32.000000000,126.000000000,0.0000,32.098557835,125.999626042,300.0000,-169.3243,-31.411137,106.268136,-166.494516,200.000000,32.098557842,126.000000000,335.2999,-180.0000,-79.834375,109.882590,-146.806979,200.000000,32.098538056,126.000000000,300.0000,-180.0000,-62.467109,85.978599,-169.427096,200.000000
120,12.0000,32.000000000,126.000000000,0.0000,32.098380770,125.999585772,300.0000,-168.7624,-29.736502,107.239296,-166.179042,200.000000,32.098380777,126.000000000,339.1012,-180.0000,-80.676484,111.041653,-145.468403,200.000000,32.098357703,126.000000000,300.0000,-180.0000,-62.466795,85.978167,-169.427431,200.000000
121,12.1000,32.000000000,126.000000000,0.0000,32.098204050,125.999543465,300.0000,-168.2005,-28.059004,108.200144,-165.847584,200.000000,32.098204058,126.000000000,343.0949,-180.0000,-81.510839,112.190045,-144.115845,200.000000,32.098177350,126.000000000,300.0000,-180.0000,-62.466482,85.977736,-169.427765,200.000000
122,12.2000,32.000000000,126.000000000,0.0000,32.098027691,125.999499123,300.0000,-167.6386,-26.378804,109.150587,-165.500176,200.000000,32.098027700,126.000000000,347.2806,-180.0000,-82.337361,113.327655,-142.749436,200.000000,32.097996997,126.000000000,300.0000,-180.0000,-62.466168,85.977305,-169.428100,200.000000
123,12.3000,32.000000000,126.000000000,0.0000,32.097851710,125.999452752,300.0000,-167.0768,-24.696063,110.090534,-165.136849,200.000000,32.097851722,126.000000000,351.6579,-180.0000,-83.155971,114.454374,-141.369306,200.000000,32.097816644,126.000000000,300.0000,-180.0000,-62.465855,85.976873,-169.428434,200.000000
124,12.4000,32.000000000,126.000000000,0.0000,32.097676126,125.999404356,300.0000,-166.5149,-23.010944,111.019895,-164.757639,200.000000,32.097676138,126.000000000,356.2263,-180.0000,-83.966588,115.570094,-139.975588,200.000000,32.097636292,126.000000000,300.0000,-180.0000,-62.465541,85.976442,-169.428769,200.000000
125,12.5000,32.000000000,126.000000000,0.0000,32.097500954,125.999353940,300.0000,-165.9530,-21.323609,111.938579,-164.362581,200.000000,32.097500968,126.000000000,360.9854,-180.0000,-84.769137,116.674707,-138.568417,200.000000,32.097455939,126.000000000,300.0000,-180.0000,-62.465228,85.976010,-169.429103,200.000000
126,12.6000,32.000000000,126.000000000,0.0000,32.097326211,125.999301508,300.0000,-165.3911,-19.634220,112.846500,-163.951715,200.000000,32.097326227,126.000000000,365.9349,-180.0000,-85.563539,117.768108,-137.147926,200.000000,32.097275586,126.000000000,300.0000,-180.0000,-62.464914,85.975579,-169.429438,200.000000
127,12.7000,32.000000000,126.000000000,0.0000,32.097151914,125.999247066,300.0000,-164.8292,-17.942939,113.743568,-163.525080,200.000000,32.097151931,126.000000000,371.0741,-180.0000,-86.349718,118.850190,-135.714253,200.000000,32.097095233,126.000000000,300.0000,-180.0000,-62.464601,85.975147,-169.429772,200.000000
128,12.8000,32.000000000,126.000000000,0.0000,32.096978080,125.999190619,300.0000,-164.2674,-16.249929,114.629698,-163.082715,200.000000,32.096978099,126.000000000,376.4026,-180.0000,-87.127598,119.920851,-134.267536,200.000000,32.096914880,126.000000000,300.0000,-180.0000,-62.464287,85.974716,-169.430107,200.000000
129,12.9000,32.000000000,126.000000000,0.0000,32.096804725,125.999132172,300.0000,-163.7055,-14.555353,115.504805,-162.624665,200.000000,32.096804747,126.000000000,381.9199,-180.0000,-87.897106,120.979987,-132.807912,200.000000,32.096734527,126.000000000,300.0000,-180.0000,-62.463974,85.974284,-169.430441,200.000000
130,13.0000,32.000000000,126.000000000,0.0000,32.096631867,125.999071730,300.0000,-163.1436,-12.859374,116.368805,-162.150972,200.000000,32.096631891,126.000000000,387.6255,-180.0000,-88.658166,122.027497,-131.335523,200.000000,32.096554175,126.000000000,300.0000,-180.0000,-62.463660,85.973853,-169.430776,200.000000
131,13.1000,32.000000000,126.000000000,0.0000,32.096459521,125.999009301,300.0000,-162.5817,-11.162155,117.221613,-161.661683,200.000000,32.096459548,126.000000000,393.5187,-180.0000,-89.410706,123.063279,-129.850510,200.000000,32.096373822,126.000000000,300.0000,-180.0000,-62.463347,85.973421,-169.431110,200.000000
132,13.2000,32.000000000,126.000000000,0.0000,32.096287706,125.998944889,300.0000,-162.0199,-9.463859,118.063149,-161.156844,200.000000,32.096287735,126.000000000,399.5991,-180.0000,-90.154653,124.087235,-128.353016,200.000000,32.096193469,126.000000000,300.0000,-180.0000,-62.463033,85.972990,-169.431445,200.000000
133,13.3000,32.000000000,126.000000000,0.0000,32.096116436,125.998878501,300.0000,-161.4580,-7.764650,118.893331,-160.636503,200.000000,32.096116468,126.000000000,405.8661,-180.0000,-90.889936,125.099265,-126.843184,200.000000,32.096013116,126.000000000,300.0000,-180.0000,-62.462720,85.972558,-169.431779,200.000000
134,13.4000,32.000000000,126.000000000,0.0000,32.095945728,125.998810143,300.0000,-160.8961,-6.064691,119.712078,-160.100711,200.000000,32.095945763,126.000000000,412.3190,-180.0000,-91.616485,126.099273,-125.321159,200.000000,32.095832763,126.000000000,300.0000,-180.0000,-62.462406,85.972127,-169.432114,200.000000
135,13.5000,32.000000000,126.000000000,0.0000,32.095775599,125.998739822,300.0000,-160.3342,-4.364145,120.519314,-159.549520,200.000000,32.095775637,126.000000000,418.9572,-180.0000,-92.334229,127.087163,-123.787088,200.000000,32.095652410,126.000000000,300.0000,-180.0000,-62.462093,85.971695,-169.432448,200.000000
136,13.6000,32.000000000,126.000000000,0.0000,32.095606066,125.998667545,300.0000,-159.7723,-2.663176,121.314959,-158.982981,200.000000,32.095606107,126.000000000,425.7801,-180.0000,-93.043099,128.062839,-122.241118,200.000000,32.095472058,126.000000000,300.0000,-180.0000,-62.461779,85.971264,-169.432783,200.000000
137,13.7000,32.000000000,126.000000000,0.0000,32.095437144,125.998593318,300.0000,-159.2105,-0.961948,122.098936,-158.401150,200.000000,32.095437189,126.000000000,432.7871,-180.0000,-93.743027,129.026208,-120.683398,200.000000,32.095291705,126.000000000,300.0000,-180.0000,-62.461466,85.970833,-169.433117,200.000000
138,13.8000,32.000000000,126.000000000,0.0000,32.095268849,125.998517149,300.0000,-158.6486,0.739375,122.871172,-157.804082,200.000000,32.095268898,126.000000000,439.9774,-180.0000,-94.433947,129.977177,-119.114077,200.000000,32.095111352,126.000000000,300.0000,-180.0000,-62.461152,85.970401,-169.433452,200.000000
139,13.9000,32.000000000,126.000000000,0.0000,32.095101199,125.998439045,300.0000,-158.0867,2.440630,123.631591,-157.191835,200.000000,32.095101251,126.000000000,447.3504,-180.0000,-95.115790,130.915654,-117.533305,200.000000,32.094930999,126.000000000,300.0000,-180.0000,-62.460839,85.969970,-169.433786,200.000000
140,14.0000,32.000000000,126.000000000,0.0000,32.094934209,125.998359014,300.0000,-157.5248,4.141654,124.380119,-156.564468,200.000000,32.094934265,126.000000000,454.9054,-180.0000,-95.788493,131.841550,-115.941236,200.000000,32.094750646,126.000000000,300.0000,-180.0000,-62.460526,85.969538,-169.434121,200.000000
141,14.1000,32.000000000,126.000000000,0.0000,32.094767895,125.998277063,300.0000,-156.9629,5.842283,125.116686,-155.922040,200.000000,32.094767955,126.000000000,462.6416,-180.0000,-96.451990,132.754776,-114.338021,200.000000,32.094570293,126.000000000,300.0000,-180.0000,-62.460212,85.969107,-169.434455,200.000000
142,14.2000,32.000000000,126.000000000,0.0000,32.094602273,125.998193200,300.0000,-156.4011,7.542352,125.841220,-155.264614,200.000000,32.094602337,126.000000000,470.5582,-180.0000,-97.106218,133.655243,-112.723815,200.000000,32.094389940,126.000000000,300.0000,-180.0000,-62.459899,85.968675,-169.434790,200.000000
143,14.3000,32.000000000,126.000000000,0.0000,32.094437359,125.998107433,300.0000,-155.8392,9.241700,126.553651,-154.592252,200.000000,32.094437428,126.000000000,478.6547,-180.0000,-97.751114,134.542865,-111.098772,200.000000,32.094209587,126.000000000,300.0000,-180.0000,-62.459585,85.968244,-169.435124,200.000000
144,14.4000,32.000000000,126.000000000,0.0000,32.094273169,125.998019771,300.0000,-155.2773,10.940161,127.253910,-153.905020,200.000000,32.094273243,126.000000000,486.9300,-180.0000,-98.386615,135.417558,-109.463049,200.000000,32.094029234,126.000000000,300.0000,-180.0000,-62.459272,85.967812,-169.435459,200.000000
145,14.5000,32.000000000,126.000000000,0.0000,32.094109718,125.997930222,300.0000,-154.7154,12.637573,127.941931,-153.202983,200.000000,32.094109797,126.000000000,495.3835,-180.0000,-99.012660,136.279235,-107.816803,200.000000,32.093848881,126.000000000,300.0000,-180.0000,-62.458958,85.967381,-169.435793,200.000000
146,14.6000,32.000000000,126.000000000,0.0000,32.093947023,125.997838794,300.0000,-154.1535,14.333772,128.617647,-152.486209,200.000000,32.093947107,126.000000000,504.0144,-180.0000,-99.629190,137.127816,-106.160193,200.000000,32.093668529,126.000000000,300.0000,-180.0000,-62.458645,85.966949,-169.436128,200.000000
147,14.7000,32.000000000,126.000000000,0.0000,32.093785099,125.997745497,300.0000,-153.5917,16.028596,129.280993,-151.754766,200.000000,32.093785189,126.000000000,512.8218,-180.0000,-100.236145,137.963218,-104.493376,200.000000,32.093488176,126.000000000,300.0000,-180.0000,-62.458331,85.966518,-169.436462,200.000000
148,14.8000,32.000000000,126.000000000,0.0000,32.093623962,125.997650339,300.0000,-153.0298,17.721881,129.931905,-151.008725,200.000000,32.093624057,126.000000000,521.8048,-180.0000,-100.833467,138.785361,-102.816514,200.000000,32.093307823,126.000000000,300.0000,-180.0000,-62.458018,85.966086,-169.436797,200.000000
149,14.9000,32.000000000,126.000000000,0.0000,32.093463627,125.997553330,300.0000,-152.4679,19.413464,130.570320,-150.248158,200.000000,32.093463727,126.000000000,530.9627,-180.0000,-101.421098,139.594165,-101.129768,200.000000,32.093127470,126.000000000,300.0000,-180.0000,-62.457704,85.965655,-169.437131,200.000000
150,15.0000,32.000000000,126.000000000,0.0000,32.093304109,125.997454478,300.0000,-151.9060,21.103183,131.196177,-149.473137,200.000000,32.093304216,126.000000000,540.2944,-180.0000,-101.998982,140.389554,-99.433298,200.000000,32.092947117,126.000000000,300.0000,-180.0000,-62.457391,85.965223,-169.437466,200.000000
151,15.1000,32.000000000,126.000000000,0.0000,32.093145424,125.997353794,300.0000,-151.3441,22.790875,131.809416,-148.683737,200.000000,32.093145537,126.000000000,549.7992,-180.0000,-102.567063,141.171451,-97.727270,200.000000,32.092766764,126.000000000,300.0000,-180.0000,-62.457077,85.964792,-169.437800,200.000000
152,15.2000,32.000000000,126.000000000,0.0000,32.092987588,125.997251287,300.0000,-150.7823,24.476378,132.409978,-147.880035,200.000000,32.092987707,126.000000000,559.4761,-180.0000,-103.125286,141.939779,-96.011845,200.000000,32.092586411,126.000000000,300.0000,-180.0000,-62.456764,85.964360,-169.438135,200.000000
153,15.3000,32.000000000,126.000000000,0.0000,32.092830615,125.997146966,300.0000,-150.2204,26.159529,132.997804,-147.062107,200.000000,32.092830740,126.000000000,569.3242,-180.0000,-103.673599,142.694467,-94.287190,200.000000,32.092406058,126.000000000,300.0000,-180.0000,-62.456450,85.963929,-169.438469,200.000000
154,15.4000,32.000000000,126.000000000,0.0000,32.092674520,125.997040843,300.0000,-149.6585,27.840167,133.572838,-146.230031,200.000000,32.092674652,126.000000000,579.3425,-180.0000,-104.211947,143.435440,-92.553469,200.000000,32.092225705,126.000000000,300.0000,-180.0000,-62.456137,85.963497,-169.438803,200.000000
155,15.5000,32.000000000,126.000000000,0.0000,32.092519318,125.996932926,300.0000,-149.0966,29.518129,134.135025,-145.383889,200.000000,32.092519458,126.000000000,589.5300,-180.0000,-104.740280,144.162628,-90.810850,200.000000,32.092045352,126.000000000,300.0000,-180.0000,-62.455823,85.963066,-169.439138,200.000000
156,15.6000,32.000000000,126.000000000,0.0000,32.092365025,125.996823228,300.0000,-148.5347,31.193255,134.684311,-144.523760,200.000000,32.092365172,126.000000000,599.8859,-180.0000,-105.258547,144.875961,-89.059499,200.000000,32.091864999,126.000000000,300.0000,-180.0000,-62.455510,85.962634,-169.439472,200.000000
157,15.7000,32.000000000,126.000000000,0.0000,32.092211655,125.996711757,300.0000,-147.9729,32.865384,135.220642,-143.649729,200.000000,32.092211809,126.000000000,610.4090,-180.0000,-105.766697,145.575369,-87.299586,200.000000,32.091684646,126.000000000,300.0000,-180.0000,-62.455196,85.962203,-169.439807,200.000000
158,15.8000,32.000000000,126.000000000,0.0000,32.092059224,125.996598525,300.0000,-147.4110,34.534353,135.743967,-142.761878,200.000000,32.092059385,126.000000000,621.0985,-180.0000,-106.264682,146.260787,-85.531278,200.000000,32.091504293,126.000000000,300.0000,-180.0000,-62.454883,85.961771,-169.440141,200.000000
159,15.9000,32.000000000,126.000000000,0.0000,32.091907744,125.996483543,300.0000,-146.8491,36.200004,136.254236,-141.860293,200.000000,32.091907913,126.000000000,631.9532,-180.0000,-106.752454,146.932148,-83.754747,200.000000,32.091323940,126.000000000,300.0000,-180.0000,-62.454569,85.961340,-169.440476,200.000000
160,16.0000,32.000000000,126.000000000,0.0000,32.091757232,125.996366821,300.0000,-146.2872,37.862175,136.751400,-140.945062,200.000000,32.091757409,126.000000000,642.9720,-180.0000,-107.229966,147.589386,-81.970162,200.000000,32.091143587,126.000000000,300.0000,-180.0000,-62.454256,85.960908,-169.440810,200.000000
161,16.1000,32.000000000,126.000000000,0.0000,32.091607702,125.996248372,300.0000,-145.7253,39.520707,137.235410,-140.016271,200.000000,32.091607887,126.000000000,654.1541,-180.0000,-107.697172,148.232440,-80.177695,200.000000,32.090963234,126.000000000,300.0000,-180.0000,-62.453942,85.960477,-169.441145,200.000000
162,16.2000,32.000000000,126.000000000,0.0000,32.091459167,125.996128205,300.0000,-145.1635,41.175441,137.706220,-139.074010,200.000000,32.091459361,126.000000000,665.4982,-180.0000,-108.154027,148.861248,-78.377518,200.000000,32.090782881,126.000000000,300.0000,-180.0000,-62.453629,85.960045,-169.441479,200.000000
163,16.3000,32.000000000,126.000000000,0.0000,32.091311643,125.996006334,300.0000,-144.6016,42.826216,138.163784,-138.118370,200.000000,32.091311846,126.000000000,677.0033,-180.0000,-108.600487,149.475748,-76.569805,200.000000,32.090602528,126.000000000,300.0000,-180.0000,-62.453315,85.959614,-169.441814,200.000000
164,16.4000,32.000000000,126.000000000,0.0000,32.091165144,125.995882770,300.0000,-144.0397,44.472874,138.608059,-137.149442,200.000000,32.091165355,126.000000000,688.6683,-180.0000,-109.036510,150.075881,-74.754728,200.000000,32.090422175,126.000000000,300.0000,-180.0000,-62.453002,85.959182,-169.442148,200.000000
165,16.5000,32.000000000,126.000000000,0.0000,32.091019683,125.995757524,300.0000,-143.4778,46.115256,139.039002,-136.167320,200.000000,32.091019903,126.000000000,700.4920,-180.0000,-109.462053,150.661590,-72.932463,200.000000,32.090241822,126.000000000,300.0000,-180.0000,-62.452688,85.958751,-169.442483,200.000000
166,16.6000,32.000000000,126.000000000,0.0000,32.090875274,125.995630608,300.0000,-142.9159,47.753206,139.456571,-135.172099,200.000000,32.090875504,126.000000000,712.4733,-180.0000,-109.877075,151.232819,-71.103184,200.000000,32.090061469,126.000000000,300.0000,-180.0000,-62.452375,85.958319,-169.442817,200.000000
167,16.7000,32.000000000,126.000000000,0.0000,32.090731932,125.995502036,300.0000,-142.3541,49.386564,139.860726,-134.163873,200.000000,32.090732171,126.000000000,724.6111,-180.0000,-110.281536,151.789513,-69.267067,200.000000,32.089881116,126.000000000,300.0000,-180.0000,-62.452061,85.957888,-169.443151,200.000000
168,16.8000,32.000000000,126.000000000,0.0000,32.090589671,125.995371818,300.0000,-141.7922,51.015175,140.251427,-133.142739,200.000000,32.090589919,126.000000000,736.9042,-180.0000,-110.675398,152.331617,-67.424288,200.000000,32.089700763,126.000000000,300.0000,-180.0000,-62.451748,85.957456,-169.443486,200.000000
169,16.9000,32.000000000,126.000000000,0.0000,32.090448503,125.995239969,300.0000,-141.2303,52.638880,140.628639,-132.108797,200.000000,32.090448761,126.000000000,749.3515,-180.0000,-111.058623,152.859080,-65.575025,200.000000,32.089520410,126.000000000,300.0000,-180.0000,-62.451434,85.957025,-169.443820,200.000000
170,17.0000,32.000000000,126.000000000,0.0000,32.090308443,125.995106499,300.0000,-140.6684,54.257524,140.992323,-131.062145,200.000000,32.090308711,126.000000000,761.9516,-180.0000,-111.431173,153.371851,-63.719455,200.000000,32.089340057,126.000000000,300.0000,-180.0000,-62.451121,85.956593,-169.444155,200.000000
171,17.1000,32.000000000,126.000000000,0.0000,32.090169503,125.994971423,300.0000,-140.1065,55.870952,141.342445,-130.002885,200.000000,32.090169782,126.000000000,774.7035,-180.0000,-111.793012,153.869881,-61.857757,200.000000,32.089159704,126.000000000,300.0000,-180.0000,-62.450807,85.956162,-169.444489,200.000000
172,17.2000,32.000000000,126.000000000,0.0000,32.090031698,125.994834753,300.0000,-139.5447,57.479007,141.678971,-128.931116,200.000000,32.090031987,126.000000000,787.6058,-180.0000,-112.144107,154.353121,-59.990109,200.000000,32.088979351,126.000000000,300.0000,-180.0000,-62.450494,85.955730,-169.444824,200.000000
173,17.3000,32.000000000,126.000000000,0.0000,32.089895041,125.994696503,300.0000,-138.9828,59.081536,142.001870,-127.846944,200.000000,32.089895341,126.000000000,800.6573,-180.0000,-112.484423,154.821526,-58.116691,200.000000,32.088798998,126.000000000,300.0000,-180.0000,-62.450180,85.955299,-169.445158,200.000000
174,17.4000,32.000000000,126.000000000,0.0000,32.089759544,125.994556685,300.0000,-138.4209,60.678384,142.311108,-126.750472,200.000000,32.089759855,126.000000000,813.8569,-180.0000,-112.813927,155.275049,-56.237682,200.000000,32.088618645,126.000000000,300.0000,-180.0000,-62.449867,85.954867,-169.445493,200.000000
175,17.5000,32.000000000,126.000000000,0.0000,32.089625222,125.994415313,300.0000,-137.8590,62.269397,142.606658,-125.641806,200.000000,32.089625543,126.000000000,827.2032,-180.0000,-113.132588,155.713648,-54.353264,200.000000,32.088438292,126.000000000,300.0000,-180.0000,-62.449553,85.954436,-169.445827,200.000000
176,17.6000,32.000000000,126.000000000,0.0000,32.089492085,125.994272401,300.0000,-137.2971,63.854422,142.888490,-124.521051,200.000000,32.089492418,126.000000000,840.6949,-180.0000,-113.440374,156.137280,-52.463617,200.000000,32.088257939,126.000000000,300.0000,-180.0000,-62.449240,85.954004,-169.446161,200.000000
177,17.7000,32.000000000,126.000000000,0.0000,32.089360149,125.994127963,300.0000,-136.7353,65.433307,143.156577,-123.388317,200.000000,32.089360493,126.000000000,854.3307,-180.0000,-113.737257,156.545905,-50.568923,200.000000,32.088077586,126.000000000,300.0000,-180.0000,-62.448926,85.953573,-169.446496,200.000000
178,17.8000,32.000000000,126.000000000,0.0000,32.089229424,125.993982012,300.0000,-136.1734,67.005900,143.410893,-122.243712,200.000000,32.089229780,126.000000000,868.1093,-180.0000,-114.023208,156.939482,-48.669364,200.000000,32.087897233,126.000000000,300.0000,-180.0000,-62.448613,85.953141,-169.446830,200.000000
179,17.9000,32.000000000,126.000000000,0.0000,32.089099925,125.993834562,300.0000,-135.6115,68.572049,143.651415,-121.087345,200.000000,32.089100292,126.000000000,882.0295,-180.0000,-114.298199,157.317974,-46.765123,200.000000,32.087716879,126.000000000,300.0000,-180.0000,-62.448299,85.952710,-169.447165,200.000000
180,18.0000,32.000000000,126.000000000,0.0000,32.088971662,125.993685628,300.0000,-135.0496,70.131604,143.878117,-119.919329,200.000000,32.088972041,126.000000000,896.0898,-180.0000,-114.562203,157.681345,-44.856382,200.000000,32.087536526,126.000000000,300.0000,-180.0000,-62.447986,85.952278,-169.447499,200.000000
181,18.1000,32.000000000,126.000000000,0.0000,32.088844649,125.993535223,300.0000,-134.4877,71.684415,144.090980,-118.739775,200.000000,32.088845040,126.000000000,910.2889,-180.0000,-114.815196,158.029560,-42.943325,200.000000,32.087356173,126.000000000,300.0000,-180.0000,-62.447672,85.951847,-169.447834,200.000000
182,18.2000,32.000000000,126.000000000,0.0000,32.088718898,125.993383363,300.0000,-133.9259,73.230332,144.289982,-117.548797,200.000000,32.088719301,126.000000000,924.6255,-180.0000,-115.057152,158.362584,-41.026136,200.000000,32.087175820,126.000000000,300.0000,-180.0000,-62.447358,85.951415,-169.448168,200.000000
183,18.3000,32.000000000,126.000000000,0.0000,32.088594421,125.993230062,300.0000,-133.3640,74.769207,144.475103,-116.346510,200.000000,32.088594836,126.000000000,939.0981,-180.0000,-115.288049,158.680386,-39.104998,200.000000,32.086995467,126.000000000,300.0000,-180.0000,-62.447045,85.950984,-169.448502,200.000000
184,18.4000,32.000000000,126.000000000,0.0000,32.088471229,125.993075335,300.0000,-132.8021,76.300890,144.646327,-115.133028,200.000000,32.088471657,126.000000000,953.7054,-180.0000,-115.507864,158.982935,-37.180097,200.000000,32.086815114,126.000000000,300.0000,-180.0000,-62.446731,85.950552,-169.448837,200.000000
185,18.5000,32.000000000,126.000000000,0.0000,32.088349335,125.992919196,300.0000,-132.2402,77.825237,144.803636,-113.908470,200.000000,32.088349776,126.000000000,968.4459,-180.0000,-115.716576,159.270203,-35.251618,200.000000,32.086634761,126.000000000,300.0000,-180.0000,-62.446418,85.950121,-169.449171,200.000000
186,18.6000,32.000000000,126.000000000,0.0000,32.088228751,125.992761661,300.0000,-131.6783,79.342098,144.947016,-112.672952,200.000000,32.088229204,126.000000000,983.3183,-180.0000,-115.914165,159.542161,-33.319745,200.000000,32.086454408,126.000000000,300.0000,-180.0000,-62.446104,85.949689,-169.449506,200.000000
187,18.7000,32.000000000,126.000000000,0.0000,32.088109487,125.992602745,300.0000,-131.1165,80.851329,145.076452,-111.426593,200.000000,32.088109954,126.000000000,998.3211,-180.0000,-116.100611,159.798782,-31.384665,200.000000,32.086274055,126.000000000,300.0000,-180.0000,-62.445791,85.949258,-169.449840,200.000000
188,18.8000,32.000000000,126.000000000,0.0000,32.087991556,125.992442463,300.0000,-130.5546,82.352783,145.191933,-110.169514,200.000000,32.087992036,126.000000000,1013.4529,-180.0000,-116.275898,160.040043,-29.446564,200.000000,32.086093701,126.000000000,300.0000,-180.0000,-62.445477,85.948826,-169.450175,200.000000
189,18.9000,32.000000000,126.000000000,0.0000,32.087874969,125.992280830,300.0000,-129.9927,83.846318,145.293446,-108.901835,200.000000,32.087875462,126.000000000,1028.7122,-180.0000,-116.440007,160.265920,-27.505627,200.000000,32.085913348,126.000000000,300.0000,-180.0000,-62.445164,85.948395,-169.450509,200.000000
190,19.0000,32.000000000,126.000000000,0.0000,32.087759736,125.992117862,300.0000,-129.4308,85.331788,145.380982,-107.623677,200.000000,32.087760243,126.000000000,1044.0976,-180.0000,-116.592923,160.476392,-25.562041,200.000000,32.085732995,126.000000000,300.0000,-180.0000,-62.444850,85.947963,-169.450843,200.000000
191,19.1000,32.000000000,126.000000000,0.0000,32.087645870,125.991953575,300.0000,-128.8690,86.809052,145.454533,-106.335165,200.000000,32.087646390,126.000000000,1059.6076,-180.0000,-116.734632,160.671437,-23.615993,200.000000,32.085552642,126.000000000,300.0000,-180.0000,-62.444537,85.947532,-169.451178,200.000000
192,19.2000,32.000000000,126.000000000,0.0000,32.087533381,125.991787984,300.0000,-128.3071,88.277966,145.514091,-105.036422,200.000000,32.087533915,126.000000000,1075.2406,-180.0000,-116.865119,160.851037,-21.667670,200.000000,32.085372289,126.000000000,300.0000,-180.0000,-62.444223,85.947100,-169.451512,200.000000
193,19.3000,32.000000000,126.000000000,0.0000,32.087422280,125.991621106,300.0000,-127.7452,89.738390,145.559651,-103.727573,200.000000,32.087422827,126.000000000,1090.9952,-180.0000,-116.984372,161.015174,-19.717260,200.000000,32.085191936,126.000000000,300.0000,-180.0000,-62.443910,85.946669,-169.451847,200.000000
194,19.4000,32.000000000,126.000000000,0.0000,32.087312577,125.991452956,300.0000,-127.1833,91.190182,145.591208,-102.408744,200.000000,32.087313138,126.000000000,1106.8698,-180.0000,-117.092379,161.163834,-17.764949,200.000000,32.085011583,126.000000000,300.0000,-180.0000,-62.443596,85.946237,-169.452181,200.000000
195,19.5000,32.000000000,126.000000000,0.0000,32.087204284,125.991283551,300.0000,-126.6214,92.633204,145.608759,-101.080061,200.000000,32.087204859,126.000000000,1122.8630,-180.0000,-117.189130,161.297000,-15.810926,200.000000,32.084831229,126.000000000,300.0000,-180.0000,-62.443283,85.945805,-169.452515,200.000000
196,19.6000,32.000000000,126.000000000,0.0000,32.087097410,125.991112907,300.0000,-126.0596,94.067316,145.612303,-99.741653,200.000000,32.087097998,126.000000000,1138.9732,-180.0000,-117.274616,161.414661,-13.855377,200.000000,32.084650876,126.000000000,300.0000,-180.0000,-62.442969,85.945374,-169.452850,200.000000
197,19.7000,32.000000000,126.000000000,0.0000,32.086991965,125.990941040,300.0000,-125.4977,95.492380,145.601839,-98.393648,200.000000,32.086992568,126.000000000,1155.1989,-180.0000,-117.348828,161.516805,-11.898492,200.000000,32.084470523,126.000000000,300.0000,-180.0000,-62.442656,85.944942,-169.453184,200.000000
198,19.8000,32.000000000,126.000000000,0.0000,32.086887961,125.990767967,300.0000,-124.9358,96.908259,145.577367,-97.036176,200.000000,32.086888578,126.000000000,1171.5384,-180.0000,-117.411759,161.603422,-9.940458,200.000000,32.084290170,126.000000000,300.0000,-180.0000,-62.442342,85.944511,-169.453519,200.000000
199,19.9000,32.000000000,126.000000000,0.0000,32.086785406,125.990593705,300.0000,-124.3739,98.314817,145.538891,-95.669367,200.000000,32.086786038,126.000000000,1187.9902,-180.0000,-117.463403,161.674504,-7.981463,200.000000,32.084109817,126.000000000,300.0000,-180.0000,-62.442029,85.944079,-169.453853,200.000000
200,20.0000,32.000000000,126.000000000,0.0000,32.086684312,125.990418269,300.0000,-123.8120,99.711919,145.486414,-94.293353,200.000000,32.086684957,126.000000000,1204.5528,-180.0000,-117.503754,161.730043,-6.021695,200.000000,32.083929463,126.000000000,300.0000,-180.0000,-62.441715,85.943648,-169.454187,200.000000
201,20.1000,32.000000000,126.000000000,0.0000,32.086583951,125.990242254,300.0000,-123.8120,99.712463,145.485974,-94.293457,200.000000,32.086584610,126.000000000,1221.1702,-180.0000,-117.503748,161.730035,-6.022046,200.000000,32.083749110,126.000000000,300.0000,-180.0000,-62.441402,85.943216,-169.454522,200.000000
202,20.2000,32.000000000,126.000000000,0.0000,32.086483589,125.990066239,300.0000,-123.8120,99.713007,145.485534,-94.293561,200.000000,32.086484264,126.000000000,1237.7875,-180.0000,-117.503742,161.730026,-6.022396,200.000000,32.083568757,126.000000000,300.0000,-180.0000,-62.441088,85.942785,-169.454856,200.000000
203,20.3000,32.000000000,126.000000000,0.0000,32.086383228,125.989890224,300.0000,-123.8120,99.713551,145.485094,-94.293664,200.000000,32.086383918,126.000000000,1254.4049,-180.0000,-117.503736,161.730018,-6.022746,200.000000,32.083388404,126.000000000,300.0000,-180.0000,-62.440775,85.942353,-169.455191,200.000000
204,20.4000,32.000000000,126.000000000,0.0000,32.086282867,125.989714210,300.0000,-123.8120,99.714095,145.484654,-94.293768,200.000000,32.086283572,126.000000000,1271.0222,-180.0000,-117.503730,161.730009,-6.023096,200.000000,32.083208051,126.000000000,300.0000,-180.0000,-62.440461,85.941922,-169.455525,200.000000
205,20.5000,32.000000000,126.000000000,0.0000,32.086182506,125.989538195,300.0000,-123.8120,99.714639,145.484214,-94.293871,200.000000,32.086183226,126.000000000,1287.6396,-180.0000,-117.503723,161.730001,-6.023446,200.000000,32.083027697,126.000000000,300.0000,-180.0000,-62.440148,85.941490,-169.455859,200.000000
206,20.6000,32.000000000,126.000000000,0.0000,32.086082145,125.989362181,300.0000,-123.8120,99.715183,145.483774,-94.293975,200.000000,32.086082881,126.000000000,1304.2569,-180.0000,-117.503717,161.729992,-6.023796,200.000000,32.082847344,126.000000000,300.0000,-180.0000,-62.439834,85.941059,-169.456194,200.000000
207,20.7000,32.000000000,126.000000000,0.0000,32.085981784,125.989186167,300.0000,-123.8120,99.715727,145.483334,-94.294078,200.000000,32.085982536,126.000000000,1320.8743,-180.0000,-117.503711,161.729983,-6.024146,200.000000,32.082666991,126.000000000,300.0000,-180.0000,-62.439520,85.940627,-169.456528,200.000000
208,20.8000,32.000000000,126.000000000,0.0000,32.085881423,125.989010153,300.0000,-123.8120,99.716271,145.482894,-94.294182,200.000000,32.085882191,126.000000000,1337.4916,-180.0000,-117.503705,161.729975,-6.024496,200.000000,32.082486638,126.000000000,300.0000,-180.0000,-62.439207,85.940196,-169.456862,200.000000
209,20.9000,32.000000000,126.000000000,0.0000,32.085781061,125.988834140,300.0000,-123.8120,99.716815,145.482454,-94.294285,200.000000,32.085781846,126.000000000,1354.1090,-180.0000,-117.503699,161.729966,-6.024847,200.000000,32.082306284,126.000000000,300.0000,-180.0000,-62.438893,85.939764,-169.457197,200.000000
210,21.0000,32.000000000,126.000000000,0.0000,32.085680700,125.988658126,300.0000,-123.8120,99.717359,145.482014,-94.294389,200.000000,32.085681502,126.000000000,1370.7263,-180.0000,-117.503692,161.729958,-6.025197,200.000000,32.082125931,126.000000000,300.0000,-180.0000,-62.438580,85.939332,-169.457531,200.000000
211,21.1000,32.000000000,126.000000000,0.0000,32.085580339,125.988482113,300.0000,-123.8120,99.717903,145.481574,-94.294493,200.000000,32.085581158,126.000000000,1387.3437,-180.0000,-117.503686,161.729949,-6.025547,200.000000,32.081945578,126.000000000,300.0000,-180.0000,-62.438266,85.938901,-169.457866,200.000000
212,21.2000,32.000000000,126.000000000,0.0000,32.085479978,125.988306100,300.0000,-123.8120,99.718447,145.481134,-94.294596,200.000000,32.085480814,126.000000000,1403.9610,-180.0000,-117.503680,161.729941,-6.025897,200.000000,32.081765225,126.000000000,300.0000,-180.0000,-62.437953,85.938469,-169.458200,200.000000
213,21.3000,32.000000000,126.000000000,0.0000,32.085379617,125.988130087,300.0000,-123.8120,99.718991,145.480694,-94.294700,200.000000,32.085380470,126.000000000,1420.5784,-180.0000,-117.503674,161.729932,-6.026247,200.000000,32.081584871,126.000000000,300.0000,-180.0000,-62.437639,85.938038,-169.458534,200.000000
214,21.4000,32.000000000,126.000000000,0.0000,32.085279256,125.987954074,300.0000,-123.8120,99.719535,145.480254,-94.294803,200.000000,32.085280127,126.000000000,1437.1958,-180.0000,-117.503668,161.729924,-6.026597,200.000000,32.081404518,126.000000000,300.0000,-180.0000,-62.437326,85.937606,-169.458869,200.000000
215,21.5000,32.000000000,126.000000000,0.0000,32.085178895,125.987778062,300.0000,-123.8120,99.720079,145.479814,-94.294907,200.000000,32.085179784,126.000000000,1453.8131,-180.0000,-117.503661,161.729915,-6.026947,200.000000,32.081224165,126.000000000,300.0000,-180.0000,-62.437012,85.937175,-169.459203,200.000000
216,21.6000,32.000000000,126.000000000,0.0000,32.085078533,125.987602049,300.0000,-123.8120,99.720623,145.479374,-94.295010,200.000000,32.085079441,126.000000000,1470.4305,-180.0000,-117.503655,161.729907,-6.027297,200.000000,32.081043812,126.000000000,300.0000,-180.0000,-62.436699,85.936743,-169.459537,200.000000
217,21.7000,32.000000000,126.000000000,0.0000,32.084978172,125.987426037,300.0000,-123.8120,99.721167,145.478934,-94.295114,200.000000,32.084979099,126.000000000,1487.0478,-180.0000,-117.503649,161.729898,-6.027647,200.000000,32.080863458,126.000000000,300.0000,-180.0000,-62.436385,85.936312,-169.459872,200.000000
218,21.8000,32.000000000,126.000000000,0.0000,32.084877811,125.987250025,300.0000,-123.8120,99.721711,145.478494,-94.295217,200.000000,32.084878756,126.000000000,1503.6652,-180.0000,-117.503643,161.729890,-6.027997,200.000000,32.080683105,126.000000000,300.0000,-180.0000,-62.436072,85.935880,-169.460206,200.000000
219,21.9000,32.000000000,126.000000000,0.0000,32.084777450,125.987074014,300.0000,-123.8120,99.722255,145.478054,-94.295321,200.000000,32.084778414,126.000000000,1520.2825,-180.0000,-117.503637,161.729881,-6.028348,200.000000,32.080502752,126.000000000,300.0000,-180.0000,-62.435758,85.935449,-169.460541,200.000000
220,22.0000,32.000000000,126.000000000,0.0000,32.084677089,125.986898002,300.0000,-123.8120,99.722799,145.477614,-94.295424,200.000000,32.084678073,126.000000000,1536.8999,-180.0000,-117.503630,161.729872,-6.028698,200.000000,32.080322398,126.000000000,300.0000,-180.0000,-62.435445,85.935017,-169.460875,200.000000
221,22.1000,32.000000000,126.000000000,0.0000,32.084576728,125.986721991,300.0000,-123.8120,99.723343,145.477174,-94.295528,200.000000,32.084577731,126.000000000,1553.5172,-180.0000,-117.503624,161.729864,-6.029048,200.000000,32.080142045,126.000000000,300.0000,-180.0000,-62.435131,85.934585,-169.461209,200.000000
222,22.2000,32.000000000,126.000000000,0.0000,32.084476366,125.986545979,300.0000,-123.8120,99.723887,145.476734,-94.295632,200.000000,32.084477390,126.000000000,1570.1346,-180.0000,-117.503618,161.729855,-6.029398,200.000000,32.079961692,126.000000000,300.0000,-180.0000,-62.434817,85.934154,-169.461544,200.000000
223,22.3000,32.000000000,126.000000000,0.0000,32.084376005,125.986369968,300.0000,-123.8120,99.724431,145.476294,-94.295735,200.000000,32.084377049,126.000000000,1586.7519,-180.0000,-117.503612,161.729847,-6.029748,200.000000,32.079781339,126.000000000,300.0000,-180.0000,-62.434504,85.933722,-169.461878,200.000000
224,22.4000,32.000000000,126.000000000,0.0000,32.084275644,125.986193958,300.0000,-123.8120,99.724975,145.475854,-94.295839,200.000000,32.084276708,126.000000000,1603.3693,-180.0000,-117.503606,161.729838,-6.030098,200.000000,32.079600985,126.000000000,300.0000,-180.0000,-62.434190,85.933291,-169.462212,200.000000
225,22.5000,32.000000000,126.000000000,0.0000,32.084175283,125.986017947,300.0000,-123.8120,99.725519,145.475414,-94.295942,200.000000,32.084176368,126.000000000,1619.9866,-180.0000,-117.503599,161.729830,-6.030448,200.000000,32.079420632,126.000000000,300.0000,-180.0000,-62.433877,85.932859,-169.462547,200.000000
226,22.6000,32.000000000,126.000000000,0.0000,32.084074922,125.985841937,300.0000,-123.8120,99.726063,145.474974,-94.296046,200.000000,32.084076028,126.000000000,1636.6040,-180.0000,-117.503593,161.729821,-6.030798,200.000000,32.079240279,126.000000000,300.0000,-180.0000,-62.433563,85.932428,-169.462881,200.000000
227,22.7000,32.000000000,126.000000000,0.0000,32.083974561,125.985665927,300.0000,-123.8120,99.726606,145.474534,-94.296149,200.000000,32.083975688,126.000000000,1653.2213,-180.0000,-117.503587,161.729813,-6.031148,200.000000,32.079059925,126.000000000,300.0000,-180.0000,-62.433250,85.931996,-169.463215,200.000000
228,22.8000,32.000000000,126.000000000,0.0000,32.083874199,125.985489917,300.0000,-123.8120,99.727150,145.474094,-94.296253,200.000000,32.083875348,126.000000000,1669.8387,-180.0000,-117.503581,161.729804,-6.031498,200.000000,32.078879572,126.000000000,300.0000,-180.0000,-62.432936,85.931565,-169.463550,200.000000
229,22.9000,32.000000000,126.000000000,0.0000,32.083773838,125.985313907,300.0000,-123.8120,99.727694,145.473654,-94.296356,200.000000,32.083775008,126.000000000,1686.4560,-180.0000,-117.503575,161.729796,-6.031849,200.000000,32.078699219,126.000000000,300.0000,-180.0000,-62.432623,85.931133,-169.463884,200.000000
230,23.0000,32.000000000,126.000000000,0.0000,32.083673477,125.985137897,300.0000,-123.8120,99.728238,145.473214,-94.296460,200.000000,32.083674669,126.000000000,1703.0734,-180.0000,-117.503568,161.729787,-6.032199,200.000000,32.078518865,126.000000000,300.0000,-180.0000,-62.432309,85.930702,-169.464218,200.000000
231,23.1000,32.000000000,126.000000000,0.0000,32.083573116,125.984961888,300.0000,-123.8120,99.728782,145.472774,-94.296564,200.000000,32.083574330,126.000000000,1719.6907,-180.0000,-117.503562,161.729778,-6.032549,200.000000,32.078338512,126.000000000,300.0000,-180.0000,-62.431996,85.930270,-169.464553,200.000000
232,23.2000,32.000000000,126.000000000,0.0000,32.083472755,125.984785878,300.0000,-123.8120,99.729326,145.472334,-94.296667,200.000000,32.083473992,126.000000000,1736.3081,-180.0000,-117.503556,161.729770,-6.032899,200.000000,32.078158158,126.000000000,300.0000,-180.0000,-62.431682,85.929838,-169.464887,200.000000
233,23.3000,32.000000000,126.000000000,0.0000,32.083372394,125.984609869,300.0000,-123.8120,99.729870,145.471894,-94.296771,200.000000,32.083373653,126.000000000,1752.9254,-180.0000,-117.503550,161.729761,-6.033249,200.000000,32.077977805,126.000000000,300.0000,-180.0000,-62.431368,85.929407,-169.465221,200.000000
234,23.4000,32.000000000,126.000000000,0.0000,32.083272032,125.984433861,300.0000,-123.8120,99.730414,145.471454,-94.296874,200.000000,32.083273315,126.000000000,1769.5428,-180.0000,-117.503543,161.729753,-6.033599,200.000000,32.077797452,126.000000000,300.0000,-180.0000,-62.431055,85.928975,-169.465556,200.000000
235,23.5000,32.000000000,126.000000000,0.0000,32.083171671,125.984257852,300.0000,-123.8120,99.730958,145.471014,-94.296978,200.000000,32.083172978,126.000000000,1786.1601,-180.0000,-117.503537,161.729744,-6.033949,200.000000,32.077617098,126.000000000,300.0000,-180.0000,-62.430741,85.928544,-169.465890,200.000000
236,23.6000,32.000000000,126.000000000,0.0000,32.083071310,125.984081843,300.0000,-123.8120,99.731502,145.470574,-94.297081,200.000000,32.083072640,126.000000000,1802.7775,-180.0000,-117.503531,161.729736,-6.034299,200.000000,32.077436745,126.000000000,300.0000,-180.0000,-62.430428,85.928112,-169.466224,200.000000
237,23.7000,32.000000000,126.000000000,0.0000,32.082970949,125.983905835,300.0000,-123.8120,99.732046,145.470134,-94.297185,200.000000,32.082972303,126.000000000,1819.3949,-180.0000,-117.503525,161.729727,-6.034649,200.000000,32.077256392,126.000000000,300.0000,-180.0000,-62.430114,85.927681,-169.466559,200.000000
238,23.8000,32.000000000,126.000000000,0.0000,32.082870588,125.983729827,300.0000,-123.8120,99.732590,145.469694,-94.297288,200.000000,32.082871966,126.000000000,1836.0122,-180.0000,-117.503519,161.729719,-6.034999,200.000000,32.077076038,126.000000000,300.0000,-180.0000,-62.429801,85.927249,-169.466893,200.000000
239,23.9000,32.000000000,126.000000000,0.0000,32.082770227,125.983553819,300.0000,-123.8120,99.733134,145.469254,-94.297392,200.000000,32.082771629,126.000000000,1852.6296,-180.0000,-117.503512,161.729710,-6.035349,200.000000,32.076895685,126.000000000,300.0000,-180.0000,-62.429487,85.926817,-169.467227,200.000000
240,24.0000,32.000000000,126.000000000,0.0000,32.082669865,125.983377811,300.0000,-123.8120,99.733678,145.468814,-94.297495,200.000000,32.082671292,126.000000000,1869.2469,-180.0000,-117.503506,161.729702,-6.035699,200.000000,32.076715331,126.000000000,300.0000,-180.0000,-62.429174,85.926386,-169.467562,200.000000
241,24.1000,32.000000000,126.000000000,0.0000,32.082569504,125.983201804,300.0000,-123.8120,99.734221,145.468374,-94.297599,200.000000,32.082570956,126.000000000,1885.8643,-180.0000,-117.503500,161.729693,-6.036050,200.000000,32.076534978,126.000000000,300.0000,-180.0000,-62.428860,85.925954,-169.467896,200.000000
242,24.2000,32.000000000,126.000000000,0.0000,32.082469143,125.983025797,300.0000,-123.8120,99.734765,145.467934,-94.297703,200.000000,32.082470620,126.000000000,1902.4816,-180.0000,-117.503494,161.729684,-6.036400,200.000000,32.076354625,126.000000000,300.0000,-180.0000,-62.428547,85.925523,-169.468230,200.000000
243,24.3000,32.000000000,126.000000000,0.0000,32.082368782,125.982849790,300.0000,-123.8120,99.735309,145.467494,-94.297806,200.000000,32.082370284,126.000000000,1919.0990,-180.0000,-117.503488,161.729676,-6.036750,200.000000,32.076174271,126.000000000,300.0000,-180.0000,-62.428233,85.925091,-169.468565,200.000000
244,24.4000,32.000000000,126.000000000,0.0000,32.082268421,125.982673783,300.0000,-123.8120,99.735853,145.467054,-94.297910,200.000000,32.082269949,126.000000000,1935.7163,-180.0000,-117.503481,161.729667,-6.037100,200.000000,32.075993918,126.000000000,300.0000,-180.0000,-62.427919,85.924660,-169.468899,200.000000
245,24.5000,32.000000000,126.000000000,0.0000,32.082168059,125.982497776,300.0000,-123.8120,99.736397,145.466614,-94.298013,200.000000,32.082169613,126.000000000,1952.3337,-180.0000,-117.503475,161.729659,-6.037450,200.000000,32.075813564,126.000000000,300.0000,-180.0000,-62.427606,85.924228,-169.469233,200.000000
246,24.6000,32.000000000,126.000000000,0.0000,32.082067698,125.982321769,300.0000,-123.8120,99.736941,145.466174,-94.298117,200.000000,32.082069278,126.000000000,1968.9510,-180.0000,-117.503469,161.729650,-6.037800,200.000000,32.075633211,126.000000000,300.0000,-180.0000,-62.427292,85.923797,-169.469568,200.000000
247,24.7000,32.000000000,126.000000000,0.0000,32.081967337,125.982145763,300.0000,-123.8120,99.737485,145.465734,-94.298220,200.000000,32.081968944,126.000000000,1985.5684,-180.0000,-117.503463,161.729642,-6.038150,200.000000,32.075452857,126.000000000,300.0000,-180.0000,-62.426979,85.923365,-169.469902,200.000000
248,24.8000,32.000000000,126.000000000,0.0000,32.081866976,125.981969757,300.0000,-123.8120,99.738029,145.465294,-94.298324,200.000000,32.081868609,126.000000000,2002.1857,-180.0000,-117.503456,161.729633,-6.038500,200.000000,32.075272504,126.000000000,300.0000,-180.0000,-62.426665,85.922933,-169.470236,200.000000
249,24.9000,32.000000000,126.000000000,0.0000,32.081766615,125.981793751,300.0000,-123.8120,99.738573,145.464854,-94.298427,200.000000,32.081768275,126.000000000,2018.8031,-180.0000,-117.503450,161.729625,-6.038850,200.000000,32.075092151,126.000000000,300.0000,-180.0000,-62.426352,85.922502,-169.470571,200.000000
250,25.0000,32.000000000,126.000000000,0.0000,32.081666253,125.981617745,300.0000,-123.8120,99.739117,145.464414,-94.298531,200.000000,32.081667941,126.000000000,2035.4204,-180.0000,-117.503444,161.729616,-6.039200,200.000000,32.074911797,126.000000000,300.0000,-180.0000,-62.426038,85.922070,-169.470905,200.000000
251,25.1000,32.000000000,126.000000000,0.0000,32.081565892,125.981441739,300.0000,-123.8120,99.739661,145.463974,-94.298634,200.000000,32.081567608,126.000000000,2052.0378,-180.0000,-117.503438,161.729607,-6.039550,200.000000,32.074731444,126.000000000,300.0000,-180.0000,-62.425725,85.921639,-169.471239,200.000000
252,25.2000,32.000000000,126.000000000,0.0000,32.081465531,125.981265734,300.0000,-123.8120,99.740204,145.463534,-94.298738,200.000000,32.081467274,126.000000000,2068.6551,-180.0000,-117.503432,161.729599,-6.039900,200.000000,32.074551090,126.000000000,300.0000,-180.0000,-62.425411,85.921207,-169.471574,200.000000
253,25.3000,32.000000000,126.000000000,0.0000,32.081365170,125.981089729,300.0000,-123.8120,99.740748,145.463094,-94.298841,200.000000,32.081366941,126.000000000,2085.2725,-180.0000,-117.503425,161.729590,-6.040250,200.000000,32.074370737,126.000000000,300.0000,-180.0000,-62.425097,85.920776,-169.471908,200.000000
254,25.4000,32.000000000,126.000000000,0.0000,32.081264809,125.980913724,300.0000,-123.8120,99.741292,145.462654,-94.298945,200.000000,32.081266608,126.000000000,2101.8898,-180.0000,-117.503419,161.729582,-6.040600,200.000000,32.074190383,126.000000000,300.0000,-180.0000,-62.424784,85.920344,-169.472242,200.000000
255,25.5000,32.000000000,126.000000000,0.0000,32.081164447,125.980737719,300.0000,-123.8120,99.741836,145.462214,-94.299049,200.000000,32.081166275,126.000000000,2118.5072,-180.0000,-117.503413,161.729573,-6.040951,200.000000,32.074010030,126.000000000,300.0000,-180.0000,-62.424470,85.919912,-169.472576,200.000000
256,25.6000,32.000000000,126.000000000,0.0000,32.081064086,125.980561714,300.0000,-123.8120,99.742380,145.461774,-94.299152,200.000000,32.081065943,126.000000000,2135.1245,-180.0000,-117.503407,161.729565,-6.041301,200.000000,32.073829676,126.000000000,300.0000,-180.0000,-62.424157,85.919481,-169.472911,200.000000
257,25.7000,32.000000000,126.000000000,0.0000,32.080963725,125.980385710,300.0000,-123.8120,99.742924,145.461333,-94.299256,200.000000,32.080965611,126.000000000,2151.7419,-180.0000,-117.503401,161.729556,-6.041651,200.000000,32.073649323,126.000000000,300.0000,-180.0000,-62.423843,85.919049,-169.473245,200.000000
258,25.8000,32.000000000,126.000000000,0.0000,32.080863364,125.980209706,300.0000,-123.8120,99.743468,145.460893,-94.299359,200.000000,32.080865279,126.000000000,2168.3592,-180.0000,-117.503394,161.729548,-6.042001,200.000000,32.073468969,126.000000000,300.0000,-180.0000,-62.423530,85.918618,-169.473579,200.000000
259,25.9000,32.000000000,126.000000000,0.0000,32.080763002,125.980033702,300.0000,-123.8120,99.744012,145.460453,-94.299463,200.000000,32.080764948,126.000000000,2184.9766,-180.0000,-117.503388,161.729539,-6.042351,200.000000,32.073288616,126.000000000,300.0000,-180.0000,-62.423216,85.918186,-169.473914,200.000000
260,26.0000,32.000000000,126.000000000,0.0000,32.080662641,125.979857698,300.0000,-123.8120,99.744555,145.460013,-94.299566,200.000000,32.080664616,126.000000000,2201.5940,-180.0000,-117.503382,161.729530,-6.042701,200.000000,32.073108262,126.000000000,300.0000,-180.0000,-62.422903,85.917754,-169.474248,200.000000
261,26.1000,32.000000000,126.000000000,0.0000,32.080562280,125.979681694,300.0000,-123.8120,99.745099,145.459573,-94.299670,200.000000,32.080564285,126.000000000,2218.2113,-180.0000,-117.503376,161.729522,-6.043051,200.000000,32.072927909,126.000000000,300.0000,-180.0000,-62.422589,85.917323,-169.474582,200.000000
262,26.2000,32.000000000,126.000000000,0.0000,32.080461919,125.979505691,300.0000,-123.8120,99.745643,145.459133,-94.299773,200.000000,32.080463954,126.000000000,2234.8287,-180.0000,-117.503369,161.729513,-6.043401,200.000000,32.072747555,126.000000000,300.0000,-180.0000,-62.422275,85.916891,-169.474917,200.000000
263,26.3000,32.000000000,126.000000000,0.0000,32.080361558,125.979329688,300.0000,-123.8120,99.746187,145.458693,-94.299877,200.000000,32.080363624,126.000000000,2251.4460,-180.0000,-117.503363,161.729505,-6.043751,200.000000,32.072567202,126.000000000,300.0000,-180.0000,-62.421962,85.916460,-169.475251,200.000000
264,26.4000,32.000000000,126.000000000,0.0000,32.080261196,125.979153684,300.0000,-123.8120,99.746731,145.458253,-94.299980,200.000000,32.080263294,126.000000000,2268.0634,-180.0000,-117.503357,161.729496,-6.044101,200.000000,32.072386848,126.000000000,300.0000,-180.0000,-62.421648,85.916028,-169.475585,200.000000
265,26.5000,32.000000000,126.000000000,0.0000,32.080160835,125.978977682,300.0000,-123.8120,99.747275,145.457813,-94.300084,200.000000,32.080162964,126.000000000,2284.6807,-180.0000,-117.503351,161.729488,-6.044451,200.000000,32.072206495,126.000000000,300.0000,-180.0000,-62.421335,85.915597,-169.475919,200.000000
266,26.6000,32.000000000,126.000000000,0.0000,32.080060474,125.978801679,300.0000,-123.8120,99.747819,145.457373,-94.300187,200.000000,32.080062634,126.000000000,2301.2981,-180.0000,-117.503345,161.729479,-6.044801,200.000000,32.072026141,126.000000000,300.0000,-180.0000,-62.421021,85.915165,-169.476254,200.000000
267,26.7000,32.000000000,126.000000000,0.0000,32.079960113,125.978625676,300.0000,-123.8120,99.748363,145.456933,-94.300291,200.000000,32.079962304,126.000000000,2317.9154,-180.0000,-117.503338,161.729470,-6.045151,200.000000,32.071845788,126.000000000,300.0000,-180.0000,-62.420708,85.914733,-169.476588,200.000000
268,26.8000,32.000000000,126.000000000,0.0000,32.079859751,125.978449674,300.0000,-123.8120,99.748906,145.456493,-94.300395,200.000000,32.079861975,126.000000000,2334.5328,-180.0000,-117.503332,161.729462,-6.045501,200.000000,32.071665434,126.000000000,300.0000,-180.0000,-62.420394,85.914302,-169.476922,200.000000
269,26.9000,32.000000000,126.000000000,0.0000,32.079759390,125.978273672,300.0000,-123.8120,99.749450,145.456053,-94.300498,200.000000,32.079761646,126.000000000,2351.1501,-180.0000,-117.503326,161.729453,-6.045851,200.000000,32.071485081,126.000000000,300.0000,-180.0000,-62.420080,85.913870,-169.477256,200.000000
270,27.0000,32.000000000,126.000000000,0.0000,32.079659029,125.978097670,300.0000,-123.8120,99.749994,145.455613,-94.300602,200.000000,32.079661317,126.000000000,2367.7675,-180.0000,-117.503320,161.729445,-6.046201,200.000000,32.071304727,126.000000000,300.0000,-180.0000,-62.419767,85.913439,-169.477591,200.000000
271,27.1000,32.000000000,126.000000000,0.0000,32.079558668,125.977921668,300.0000,-123.8120,99.750538,145.455172,-94.300705,200.000000,32.079560989,126.000000000,2384.3848,-180.0000,-117.503313,161.729436,-6.046551,200.000000,32.071124373,126.000000000,300.0000,-180.0000,-62.419453,85.913007,-169.477925,200.000000
272,27.2000,32.000000000,126.000000000,0.0000,32.079458306,125.977745667,300.0000,-123.8120,99.751082,145.454732,-94.300809,200.000000,32.079460661,126.000000000,2401.0022,-180.0000,-117.503307,161.729428,-6.046902,200.000000,32.070944020,126.000000000,300.0000,-180.0000,-62.419140,85.912575,-169.478259,200.000000
273,27.3000,32.000000000,126.000000000,0.0000,32.079357945,125.977569665,300.0000,-123.8120,99.751626,145.454292,-94.300912,200.000000,32.079360333,126.000000000,2417.6195,-180.0000,-117.503301,161.729419,-6.047252,200.000000,32.070763666,126.000000000,300.0000,-180.0000,-62.418826,85.912144,-169.478594,200.000000
274,27.4000,32.000000000,126.000000000,0.0000,32.079257584,125.977393664,300.0000,-123.8120,99.752169,145.453852,-94.301016,200.000000,32.079260005,126.000000000,2434.2369,-180.0000,-117.503295,161.729411,-6.047602,200.000000,32.070583313,126.000000000,300.0000,-180.0000,-62.418513,85.911712,-169.478928,200.000000
275,27.5000,32.000000000,126.000000000,0.0000,32.079157223,125.977217663,300.0000,-123.8120,99.752713,145.453412,-94.301119,200.000000,32.079159678,126.000000000,2450.8542,-180.0000,-117.503289,161.729402,-6.047952,200.000000,32.070402959,126.000000000,300.0000,-180.0000,-62.418199,85.911281,-169.479262,200.000000
276,27.6000,32.000000000,126.000000000,0.0000,32.079056861,125.977041662,300.0000,-123.8120,99.753257,145.452972,-94.301223,200.000000,32.079059351,126.000000000,2467.4716,-180.0000,-117.503282,161.729393,-6.048302,200.000000,32.070222606,126.000000000,300.0000,-180.0000,-62.417885,85.910849,-169.479596,200.000000
277,27.7000,32.000000000,126.000000000,0.0000,32.078956500,125.976865662,300.0000,-123.8120,99.753801,145.452532,-94.301326,200.000000,32.078959024,126.000000000,2484.0889,-180.0000,-117.503276,161.729385,-6.048652,200.000000,32.070042252,126.000000000,300.0000,-180.0000,-62.417572,85.910417,-169.479931,200.000000
278,27.8000,32.000000000,126.000000000,0.0000,32.078856139,125.976689661,300.0000,-123.8120,99.754345,145.452092,-94.301430,200.000000,32.078858697,126.000000000,2500.7063,-180.0000,-117.503270,161.729376,-6.049002,200.000000,32.069861898,126.000000000,300.0000,-180.0000,-62.417258,85.909986,-169.480265,200.000000
279,27.9000,32.000000000,126.000000000,0.0000,32.078755778,125.976513661,300.0000,-123.8120,99.754889,145.451652,-94.301533,200.000000,32.078758371,126.000000000,2517.3236,-180.0000,-117.503264,161.729368,-6.049352,200.000000,32.069681545,126.000000000,300.0000,-180.0000,-62.416945,85.909554,-169.480599,200.000000
280,28.0000,32.000000000,126.000000000,0.0000,32.078655416,125.976337661,300.0000,-123.8120,99.755433,145.451212,-94.301637,200.000000,32.078658045,126.000000000,2533.9410,-180.0000,-117.503257,161.729359,-6.049702,200.000000,32.069501191,126.000000000,300.0000,-180.0000,-62.416631,85.909123,-169.480933,200.000000
281,28.1000,32.000000000,126.000000000,0.0000,32.078555055,125.976161661,300.0000,-123.8120,99.755976,145.450771,-94.301740,200.000000,32.078557719,126.000000000,2550.5583,-180.0000,-117.503251,161.729351,-6.050052,200.000000,32.069320838,126.000000000,300.0000,-180.0000,-62.416318,85.908691,-169.481268,200.000000
282,28.2000,32.000000000,126.000000000,0.0000,32.078454694,125.975985662,300.0000,-123.8120,99.756520,145.450331,-94.301844,200.000000,32.078457393,126.000000000,2567.1757,-180.0000,-117.503245,161.729342,-6.050402,200.000000,32.069140484,126.000000000,300.0000,-180.0000,-62.416004,85.908259,-169.481602,200.000000
283,28.3000,32.000000000,126.000000000,0.0000,32.078354333,125.975809662,300.0000,-123.8120,99.757064,145.449891,-94.301948,200.000000,32.078357068,126.000000000,2583.7930,-180.0000,-117.503239,161.729333,-6.050752,200.000000,32.068960130,126.000000000,300.0000,-180.0000,-62.415690,85.907828,-169.481936,200.000000
284,28.4000,32.000000000,126.000000000,0.0000,32.078253971,125.975633663,300.0000,-123.8120,99.757608,145.449451,-94.302051,200.000000,32.078256743,126.000000000,2600.4104,-180.0000,-117.503233,161.729325,-6.051102,200.000000,32.068779777,126.000000000,300.0000,-180.0000,-62.415377,85.907396,-169.482270,200.000000
285,28.5000,32.000000000,126.000000000,0.0000,32.078153610,125.975457664,300.0000,-123.8120,99.758152,145.449011,-94.302155,200.000000,32.078156418,126.000000000,2617.0278,-180.0000,-117.503226,161.729316,-6.051452,200.000000,32.068599423,126.000000000,300.0000,-180.0000,-62.415063,85.906965,-169.482605,200.000000
286,28.6000,32.000000000,126.000000000,0.0000,32.078053249,125.975281665,300.0000,-123.8120,99.758695,145.448571,-94.302258,200.000000,32.078056093,126.000000000,2633.6451,-180.0000,-117.503220,161.729308,-6.051802,200.000000,32.068419069,126.000000000,300.0000,-180.0000,-62.414750,85.906533,-169.482939,200.000000
287,28.7000,32.000000000,126.000000000,0.0000,32.077952888,125.975105667,300.0000,-123.8120,99.759239,145.448131,-94.302362,200.000000,32.077955769,126.000000000,2650.2625,-180.0000,-117.503214,161.729299,-6.052152,200.000000,32.068238716,126.000000000,300.0000,-180.0000,-62.414436,85.906101,-169.483273,200.000000
288,28.8000,32.000000000,126.000000000,0.0000,32.077852526,125.974929668,300.0000,-123.8120,99.759783,145.447691,-94.302465,200.000000,32.077855445,126.000000000,2666.8798,-180.0000,-117.503208,161.729291,-6.052502,200.000000,32.068058362,126.000000000,300.0000,-180.0000,-62.414123,85.905670,-169.483607,200.000000
289,28.9000,32.000000000,126.000000000,0.0000,32.077752165,125.974753670,300.0000,-123.8120,99.760327,145.447251,-94.302569,200.000000,32.077755121,126.000000000,2683.4972,-180.0000,-117.503201,161.729282,-6.052852,200.000000,32.067878009,126.000000000,300.0000,-180.0000,-62.413809,85.905238,-169.483942,200.000000
290,29.0000,32.000000000,126.000000000,0.0000,32.077651804,125.974577672,300.0000,-123.8120,99.760871,145.446810,-94.302672,200.000000,32.077654798,126.000000000,2700.1145,-180.0000,-117.503195,161.729273,-6.053202,200.000000,32.067697655,126.000000000,300.0000,-180.0000,-62.413495,85.904807,-169.484276,200.000000
291,29.1000,32.000000000,126.000000000,0.0000,32.077551443,125.974401674,300.0000,-123.8120,99.761415,145.446370,-94.302776,200.000000,32.077554475,126.000000000,2716.7319,-180.0000,-117.503189,161.729265,-6.053552,200.000000,32.067517301,126.000000000,300.0000,-180.0000,-62.413182,85.904375,-169.484610,200.000000
292,29.2000,32.000000000,126.000000000,0.0000,32.077451081,125.974225676,300.0000,-123.8120,99.761958,145.445930,-94.302879,200.000000,32.077454152,126.000000000,2733.3492,-180.0000,-117.503183,161.729256,-6.053902,200.000000,32.067336948,126.000000000,300.0000,-180.0000,-62.412868,85.903943,-169.484944,200.000000
293,29.3000,32.000000000,126.000000000,0.0000,32.077350720,125.974049679,300.0000,-123.8120,99.762502,145.445490,-94.302983,200.000000,32.077353829,126.000000000,2749.9666,-180.0000,-117.503176,161.729248,-6.054252,200.000000,32.067156594,126.000000000,300.0000,-180.0000,-62.412555,85.903512,-169.485279,200.000000
294,29.4000,32.000000000,126.000000000,0.0000,32.077250359,125.973873681,300.0000,-123.8120,99.763046,145.445050,-94.303086,200.000000,32.077253506,126.000000000,2766.5839,-180.0000,-117.503170,161.729239,-6.054602,200.000000,32.066976240,126.000000000,300.0000,-180.0000,-62.412241,85.903080,-169.485613,200.000000
295,29.5000,32.000000000,126.000000000,0.0000,32.077149998,125.973697684,300.0000,-123.8120,99.763590,145.444610,-94.303190,200.000000,32.077153184,126.000000000,2783.2013,-180.0000,-117.503164,161.729231,-6.054952,200.000000,32.066795887,126.000000000,300.0000,-180.0000,-62.411927,85.902649,-169.485947,200.000000
296,29.6000,32.000000000,126.000000000,0.0000,32.077049636,125.973521687,300.0000,-123.8120,99.764134,145.444170,-94.303293,200.000000,32.077052862,126.000000000,2799.8186,-180.0000,-117.503158,161.729222,-6.055303,200.000000,32.066615533,126.000000000,300.0000,-180.0000,-62.411614,85.902217,-169.486281,200.000000
297,29.7000,32.000000000,126.000000000,0.0000,32.076949275,125.973345691,300.0000,-123.8120,99.764677,145.443730,-94.303397,200.000000,32.076952541,126.000000000,2816.4360,-180.0000,-117.503152,161.729213,-6.055653,200.000000,32.066435179,126.000000000,300.0000,-180.0000,-62.411300,85.901785,-169.486616,200.000000
298,29.8000,32.000000000,126.000000000,0.0000,32.076848914,125.973169694,300.0000,-123.8120,99.765221,145.443289,-94.303500,200.000000,32.076852219,126.000000000,2833.0533,-180.0000,-117.503145,161.729205,-6.056003,200.000000,32.066254825,126.000000000,300.0000,-180.0000,-62.410987,85.901354,-169.486950,200.000000
299,29.9000,32.000000000,126.000000000,0.0000,32.076748552,125.972993698,300.0000,-123.8120,99.765765,145.442849,-94.303604,200.000000,32.076751898,126.000000000,2849.6707,-180.0000,-117.503139,161.729196,-6.056353,200.000000,32.066074472,126.000000000,300.0000,-180.0000,-62.410673,85.900922,-169.487284,200.000000
300,30.0000,32.000000000,126.000000000,0.0000,32.076648191,125.972817702,300.0000,-123.8120,99.766309,145.442409,-94.303708,200.000000,32.076651577,126.000000000,2866.2880,-180.0000,-117.503133,161.729188,-6.056703,200.000000,32.065894118,126.000000000,300.0000,-180.0000,-62.410360,85.900490,-169.487618,200.000000
301,30.1000,32.000000000,126.000000000,0.0000,32.076547830,125.972641706,300.0000,-123.8120,99.766852,145.441969,-94.303811,200.000000,32.076551256,126.000000000,2882.9054,-180.0000,-117.503127,161.729179,-6.057053,200.000000,32.065713764,126.000000000,300.0000,-180.0000,-62.410046,85.900059,-169.487953,200.000000
302,30.2000,32.000000000,126.000000000,0.0000,32.076447469,125.972465710,300.0000,-123.8120,99.767396,145.441529,-94.303915,200.000000,32.076450936,126.000000000,2899.5227,-180.0000,-117.503120,161.729170,-6.057403,200.000000,32.065533411,126.000000000,300.0000,-180.0000,-62.409732,85.899627,-169.488287,200.000000
303,30.3000,32.000000000,126.000000000,0.0000,32.076347107,125.972289714,300.0000,-123.8120,99.767940,145.441089,-94.304018,200.000000,32.076350616,126.000000000,2916.1401,-180.0000,-117.503114,161.729162,-6.057753,200.000000,32.065353057,126.000000000,300.0000,-180.0000,-62.409419,85.899196,-169.488621,200.000000
304,30.4000,32.000000000,126.000000000,0.0000,32.076246746,125.972113719,300.0000,-123.8120,99.768484,145.440649,-94.304122,200.000000,32.076250296,126.000000000,2932.7574,-180.0000,-117.503108,161.729153,-6.058103,200.000000,32.065172703,126.000000000,300.0000,-180.0000,-62.409105,85.898764,-169.488955,200.000000
305,30.5000,32.000000000,126.000000000,0.0000,32.076146385,125.971937724,300.0000,-123.8120,99.769028,145.440208,-94.304225,200.000000,32.076149977,126.000000000,2949.3748,-180.0000,-117.503102,161.729145,-6.058453,200.000000,32.064992349,126.000000000,300.0000,-180.0000,-62.408792,85.898332,-169.489289,200.000000
306,30.6000,32.000000000,126.000000000,0.0000,32.076046023,125.971761729,300.0000,-123.8120,99.769571,145.439768,-94.304329,200.000000,32.076049657,126.000000000,2965.9921,-180.0000,-117.503095,161.729136,-6.058803,200.000000,32.064811996,126.000000000,300.0000,-180.0000,-62.408478,85.897901,-169.489624,200.000000
307,30.7000,32.000000000,126.000000000,0.0000,32.075945662,125.971585734,300.0000,-123.8120,99.770115,145.439328,-94.304432,200.000000,32.075949338,126.000000000,2982.6095,-180.0000,-117.503089,161.729128,-6.059153,200.000000,32.064631642,126.000000000,300.0000,-180.0000,-62.408164,85.897469,-169.489958,200.000000
308,30.8000,32.000000000,126.000000000,0.0000,32.075845301,125.971409739,300.0000,-123.8120,99.770659,145.438888,-94.304536,200.000000,32.075849019,126.000000000,2999.2269,-180.0000,-117.503083,161.729119,-6.059503,200.000000,32.064451288,126.000000000,300.0000,-180.0000,-62.407851,85.897038,-169.490292,200.000000
309,30.9000,32.000000000,126.000000000,0.0000,32.075744939,125.971233745,300.0000,-123.8120,99.771203,145.438448,-94.304639,200.000000,32.075748701,126.000000000,3015.8442,-180.0000,-117.503077,161.729110,-6.059853,200.000000,32.064270934,126.000000000,300.0000,-180.0000,-62.407537,85.896606,-169.490626,200.000000
310,31.0000,32.000000000,126.000000000,0.0000,32.075644578,125.971057751,300.0000,-123.8120,99.771746,145.438008,-94.304743,200.000000,32.075648382,126.000000000,3032.4616,-180.0000,-117.503070,161.729102,-6.060203,200.000000,32.064090581,126.000000000,300.0000,-180.0000,-62.407224,85.896174,-169.490960,200.000000
311,31.1000,32.000000000,126.000000000,0.0000,32.075544217,125.970881756,300.0000,-123.8120,99.772290,145.437568,-94.304846,200.000000,32.075548064,126.000000000,3049.0789,-180.0000,-117.503064,161.729093,-6.060553,200.000000,32.063910227,126.000000000,300.0000,-180.0000,-62.406910,85.895743,-169.491295,200.000000
312,31.2000,32.000000000,126.000000000,0.0000,32.075443856,125.970705763,300.0000,-123.8120,99.772834,145.437127,-94.304950,200.000000,32.075447747,126.000000000,3065.6963,-180.0000,-117.503058,161.729085,-6.060903,200.000000,32.063729873,126.000000000,300.0000,-180.0000,-62.406596,85.895311,-169.491629,200.000000
313,31.3000,32.000000000,126.000000000,0.0000,32.075343494,125.970529769,300.0000,-123.8120,99.773378,145.436687,-94.305053,200.000000,32.075347429,126.000000000,3082.3136,-180.0000,-117.503052,161.729076,-6.061253,200.000000,32.063549519,126.000000000,300.0000,-180.0000,-62.406283,85.894879,-169.491963,200.000000
314,31.4000,32.000000000,126.000000000,0.0000,32.075243133,125.970353775,300.0000,-123.8120,99.773921,145.436247,-94.305157,200.000000,32.075247112,126.000000000,3098.9310,-180.0000,-117.503046,161.729067,-6.061603,200.000000,32.063369166,126.000000000,300.0000,-180.0000,-62.405969,85.894448,-169.492297,200.000000
315,31.5000,32.000000000,126.000000000,0.0000,32.075142772,125.970177782,300.0000,-123.8120,99.774465,145.435807,-94.305260,200.000000,32.075146795,126.000000000,3115.5483,-180.0000,-117.503039,161.729059,-6.061953,200.000000,32.063188812,126.000000000,300.0000,-180.0000,-62.405656,85.894016,-169.492632,200.000000
316,31.6000,32.000000000,126.000000000,0.0000,32.075042410,125.970001789,300.0000,-123.8120,99.775009,145.435367,-94.305364,200.000000,32.075046478,126.000000000,3132.1657,-180.0000,-117.503033,161.729050,-6.062303,200.000000,32.063008458,126.000000000,300.0000,-180.0000,-62.405342,85.893585,-169.492966,200.000000
317,31.7000,32.000000000,126.000000000,0.0000,32.074942049,125.969825796,300.0000,-123.8120,99.775553,145.434927,-94.305467,200.000000,32.074946162,126.000000000,3148.7830,-180.0000,-117.503027,161.729042,-6.062653,200.000000,32.062828104,126.000000000,300.0000,-180.0000,-62.405028,85.893153,-169.493300,200.000000
318,31.8000,32.000000000,126.000000000,0.0000,32.074841688,125.969649804,300.0000,-123.8120,99.776096,145.434486,-94.305571,200.000000,32.074845846,126.000000000,3165.4004,-180.0000,-117.503021,161.729033,-6.063003,200.000000,32.062647750,126.000000000,300.0000,-180.0000,-62.404715,85.892721,-169.493634,200.000000
319,31.9000,32.000000000,126.000000000,0.0000,32.074741326,125.969473811,300.0000,-123.8120,99.776640,145.434046,-94.305675,200.000000,32.074745530,126.000000000,3182.0177,-180.0000,-117.503014,161.729025,-6.063353,200.000000,32.062467397,126.000000000,300.0000,-180.0000,-62.404401,85.892290,-169.493968,200.000000
320,32.0000,32.000000000,126.000000000,0.0000,32.074640965,125.969297819,300.0000,-123.8120,99.777184,145.433606,-94.305778,200.000000,32.074645214,126.000000000,3198.6351,-180.0000,-117.503008,161.729016,-6.063703,200.000000,32.062287043,126.000000000,300.0000,-180.0000,-62.404088,85.891858,-169.494303,200.000000
321,32.1000,32.000000000,126.000000000,0.0000,32.074540604,125.969121827,300.0000,-123.8120,99.777728,145.433166,-94.305882,200.000000,32.074544898,126.000000000,3215.2524,-180.0000,-117.503002,161.729007,-6.064053,200.000000,32.062106689,126.000000000,300.0000,-180.0000,-62.403774,85.891426,-169.494637,200.000000
322,32.2000,32.000000000,126.000000000,0.0000,32.074440242,125.968945835,300.0000,-123.8120,99.778271,145.432726,-94.305985,200.000000,32.074444583,126.000000000,3231.8698,-180.0000,-117.502996,161.728999,-6.064403,200.000000,32.061926335,126.000000000,300.0000,-180.0000,-62.403460,85.890995,-169.494971,200.000000
323,32.3000,32.000000000,126.000000000,0.0000,32.074339881,125.968769843,300.0000,-123.8120,99.778815,145.432286,-94.306089,200.000000,32.074344268,126.000000000,3248.4871,-180.0000,-117.502989,161.728990,-6.064753,200.000000,32.061745981,126.000000000,300.0000,-180.0000,-62.403147,85.890563,-169.495305,200.000000
324,32.4000,32.000000000,126.000000000,0.0000,32.074239520,125.968593851,300.0000,-123.8120,99.779359,145.431845,-94.306192,200.000000,32.074243954,126.000000000,3265.1045,-180.0000,-117.502983,161.728982,-6.065103,200.000000,32.061565627,126.000000000,300.0000,-180.0000,-62.402833,85.890131,-169.495639,200.000000
325,32.5000,32.000000000,126.000000000,0.0000,32.074139158,125.968417860,300.0000,-123.8120,99.779903,145.431405,-94.306296,200.000000,32.074143639,126.000000000,3281.7218,-180.0000,-117.502977,161.728973,-6.065453,200.000000,32.061385274,126.000000000,300.0000,-180.0000,-62.402520,85.889700,-169.495973,200.000000
326,32.6000,32.000000000,126.000000000,0.0000,32.074038797,125.968241869,300.0000,-123.8120,99.780446,145.430965,-94.306399,200.000000,32.074043325,126.000000000,3298.3392,-180.0000,-117.502971,161.728964,-6.065803,200.000000,32.061204920,126.000000000,300.0000,-180.0000,-62.402206,85.889268,-169.496308,200.000000
327,32.7000,32.000000000,126.000000000,0.0000,32.073938436,125.968065878,300.0000,-123.8120,99.780990,145.430525,-94.306503,200.000000,32.073943011,126.000000000,3314.9565,-180.0000,-117.502964,161.728956,-6.066153,200.000000,32.061024566,126.000000000,300.0000,-180.0000,-62.401892,85.888837,-169.496642,200.000000
328,32.8000,32.000000000,126.000000000,0.0000,32.073838075,125.967889887,300.0000,-123.8120,99.781534,145.430085,-94.306606,200.000000,32.073842698,126.000000000,3331.5739,-180.0000,-117.502958,161.728947,-6.066503,200.000000,32.060844212,126.000000000,300.0000,-180.0000,-62.401579,85.888405,-169.496976,200.000000
329,32.9000,32.000000000,126.000000000,0.0000,32.073737713,125.967713897,300.0000,-123.8120,99.782078,145.429644,-94.306710,200.000000,32.073742384,126.000000000,3348.1912,-180.0000,-117.502952,161.728939,-6.066853,200.000000,32.060663858,126.000000000,300.0000,-180.0000,-62.401265,85.887973,-169.497310,200.000000
330,33.0000,32.000000000,126.000000000,0.0000,32.073637352,125.967537906,300.0000,-123.8120,99.782621,145.429204,-94.306813,200.000000,32.073642071,126.000000000,3364.8086,-180.0000,-117.502946,161.728930,-6.067203,200.000000,32.060483504,126.000000000,300.0000,-180.0000,-62.400952,85.887542,-169.497644,200.000000
331,33.1000,32.000000000,126.000000000,0.0000,32.073536991,125.967361916,300.0000,-123.8120,99.783165,145.428764,-94.306917,200.000000,32.073541759,126.000000000,3381.4260,-180.0000,-117.502939,161.728921,-6.067553,200.000000,32.060303151,126.000000000,300.0000,-180.0000,-62.400638,85.887110,-169.497979,200.000000
332,33.2000,32.000000000,126.000000000,0.0000,32.073436629,125.967185926,300.0000,-123.8120,99.783709,145.428324,-94.307020,200.000000,32.073441446,126.000000000,3398.0433,-180.0000,-117.502933,161.728913,-6.067903,200.000000,32.060122797,126.000000000,300.0000,-180.0000,-62.400324,85.886678,-169.498313,200.000000
333,33.3000,32.000000000,126.000000000,0.0000,32.073336268,125.967009936,300.0000,-123.8120,99.784252,145.427884,-94.307124,200.000000,32.073341134,126.000000000,3414.6607,-180.0000,-117.502927,161.728904,-6.068253,200.000000,32.059942443,126.000000000,300.0000,-180.0000,-62.400011,85.886247,-169.498647,200.000000
334,33.4000,32.000000000,126.000000000,0.0000,32.073235907,125.966833947,300.0000,-123.8120,99.784796,145.427444,-94.307227,200.000000,32.073240822,126.000000000,3431.2780,-180.0000,-117.502921,161.728896,-6.068603,200.000000,32.059762089,126.000000000,300.0000,-180.0000,-62.399697,85.885815,-169.498981,200.000000
335,33.5000,32.000000000,126.000000000,0.0000,32.073135545,125.966657957,300.0000,-123.8120,99.785340,145.427003,-94.307331,200.000000,32.073140510,126.000000000,3447.8954,-180.0000,-117.502914,161.728887,-6.068953,200.000000,32.059581735,126.000000000,300.0000,-180.0000,-62.399384,85.885383,-169.499315,200.000000
336,33.6000,32.000000000,126.000000000,0.0000,32.073035184,125.966481968,300.0000,-123.8120,99.785884,145.426563,-94.307434,200.000000,32.073040198,126.000000000,3464.5127,-180.0000,-117.502908,161.728878,-6.069303,200.000000,32.059401381,126.000000000,300.0000,-180.0000,-62.399070,85.884952,-169.499649,200.000000
337,33.7000,32.000000000,126.000000000,0.0000,32.072934822,125.966305979,300.0000,-123.8120,99.786427,145.426123,-94.307538,200.000000,32.072939887,126.000000000,3481.1301,-180.0000,-117.502902,161.728870,-6.069653,200.000000,32.059221027,126.000000000,300.0000,-180.0000,-62.398756,85.884520,-169.499984,200.000000
338,33.8000,32.000000000,126.000000000,0.0000,32.072834461,125.966129990,300.0000,-123.8120,99.786971,145.425683,-94.307641,200.000000,32.072839576,126.000000000,3497.7474,-180.0000,-117.502896,161.728861,-6.070003,200.000000,32.059040673,126.000000000,300.0000,-180.0000,-62.398443,85.884088,-169.500318,200.000000
339,33.9000,32.000000000,126.000000000,0.0000,32.072734100,125.965954001,300.0000,-123.8120,99.787515,145.425242,-94.307745,200.000000,32.072739265,126.000000000,3514.3648,-180.0000,-117.502889,161.728853,-6.070353,200.000000,32.058860319,126.000000000,300.0000,-180.0000,-62.398129,85.883657,-169.500652,200.000000
340,34.0000,32.000000000,126.000000000,0.0000,32.072633738,125.965778013,300.0000,-123.8120,99.788058,145.424802,-94.307848,200.000000,32.072638955,126.000000000,3530.9821,-180.0000,-117.502883,161.728844,-6.070703,200.000000,32.058679965,126.000000000,300.0000,-180.0000,-62.397815,85.883225,-169.500986,200.000000
341,34.1000,32.000000000,126.000000000,0.0000,32.072533377,125.965602025,300.0000,-123.8120,99.788602,145.424362,-94.307952,200.000000,32.072538645,126.000000000,3547.5995,-180.0000,-117.502877,161.728835,-6.071053,200.000000,32.058499612,126.000000000,300.0000,-180.0000,-62.397502,85.882793,-169.501320,200.000000
342,34.2000,32.000000000,126.000000000,0.0000,32.072433016,125.965426036,300.0000,-123.8120,99.789146,145.423922,-94.308055,200.000000,32.072438335,126.000000000,3564.2168,-180.0000,-117.502871,161.728827,-6.071403,200.000000,32.058319258,126.000000000,300.0000,-180.0000,-62.397188,85.882362,-169.501654,200.000000
343,34.3000,32.000000000,126.000000000,0.0000,32.072332654,125.965250049,300.0000,-123.8120,99.789690,145.423482,-94.308159,200.000000,32.072338025,126.000000000,3580.8342,-180.0000,-117.502864,161.728818,-6.071753,200.000000,32.058138904,126.000000000,300.0000,-180.0000,-62.396875,85.881930,-169.501988,200.000000
344,34.4000,32.000000000,126.000000000,0.0000,32.072232293,125.965074061,300.0000,-123.8120,99.790233,145.423041,-94.308262,200.000000,32.072237716,126.000000000,3597.4515,-180.0000,-117.502858,161.728810,-6.072103,200.000000,32.057958550,126.000000000,300.0000,-180.0000,-62.396561,85.881499,-169.502323,200.000000
345,34.5000,32.000000000,126.000000000,0.0000,32.072131932,125.964898073,300.0000,-123.8120,99.790777,145.422601,-94.308366,200.000000,32.072137407,126.000000000,3614.0689,-180.0000,-117.502852,161.728801,-6.072453,200.000000,32.057778196,126.000000000,300.0000,-180.0000,-62.396247,85.881067,-169.502657,200.000000
346,34.6000,32.000000000,126.000000000,0.0000,32.072031570,125.964722086,300.0000,-123.8120,99.791321,145.422161,-94.308469,200.000000,32.072037098,126.000000000,3630.6862,-180.0000,-117.502846,161.728792,-6.072803,200.000000,32.057597842,126.000000000,300.0000,-180.0000,-62.395934,85.880635,-169.502991,200.000000
347,34.7000,32.000000000,126.000000000,0.0000,32.071931209,125.964546099,300.0000,-123.8120,99.791864,145.421721,-94.308573,200.000000,32.071936789,126.000000000,3647.3036,-180.0000,-117.502839,161.728784,-6.073153,200.000000,32.057417488,126.000000000,300.0000,-180.0000,-62.395620,85.880204,-169.503325,200.000000
348,34.8000,32.000000000,126.000000000,0.0000,32.071830848,125.964370112,300.0000,-123.8120,99.792408,145.421281,-94.308677,200.000000,32.071836481,126.000000000,3663.9209,-180.0000,-117.502833,161.728775,-6.073503,200.000000,32.057237134,126.000000000,300.0000,-180.0000,-62.395307,85.879772,-169.503659,200.000000
349,34.9000,32.000000000,126.000000000,0.0000,32.071730486,125.964194125,300.0000,-123.8120,99.792952,145.420840,-94.308780,200.000000,32.071736173,126.000000000,3680.5383,-180.0000,-117.502827,161.728767,-6.073853,200.000000,32.057056780,126.000000000,300.0000,-180.0000,-62.394993,85.879340,-169.503993,200.000000
350,35.0000,32.000000000,126.000000000,0.0000,32.071630125,125.964018139,300.0000,-123.8120,99.793495,145.420400,-94.308884,200.000000,32.071635865,126.000000000,3697.1556,-180.0000,-117.502821,161.728758,-6.074203,200.000000,32.056876426,126.000000000,300.0000,-180.0000,-62.394679,85.878909,-169.504328,200.000000
351,35.1000,32.000000000,126.000000000,0.0000,32.071529764,125.963842152,300.0000,-123.8120,99.794039,145.419960,-94.308987,200.000000,32.071535557,126.000000000,3713.7730,-180.0000,-117.502814,161.728749,-6.074553,200.000000,32.056696072,126.000000000,300.0000,-180.0000,-62.394366,85.878477,-169.504662,200.000000
352,35.2000,32.000000000,126.000000000,0.0000,32.071429402,125.963666166,300.0000,-123.8120,99.794583,145.419520,-94.309091,200.000000,32.071435250,126.000000000,3730.3903,-180.0000,-117.502808,161.728741,-6.074903,200.000000,32.056515718,126.000000000,300.0000,-180.0000,-62.394052,85.878045,-169.504996,200.000000
353,35.3000,32.000000000,126.000000000,0.0000,32.071329041,125.963490180,300.0000,-123.8120,99.795126,145.419079,-94.309194,200.000000,32.071334943,126.000000000,3747.0077,-180.0000,-117.502802,161.728732,-6.075253,200.000000,32.056335364,126.000000000,300.0000,-180.0000,-62.393738,85.877614,-169.505330,200.000000
354,35.4000,32.000000000,126.000000000,0.0000,32.071228679,125.963314194,300.0000,-123.8120,99.795670,145.418639,-94.309298,200.000000,32.071234636,126.000000000,3763.6251,-180.0000,-117.502796,161.728724,-6.075603,200.000000,32.056155010,126.000000000,300.0000,-180.0000,-62.393425,85.877182,-169.505664,200.000000
355,35.5000,32.000000000,126.000000000,0.0000,32.071128318,125.963138209,300.0000,-123.8120,99.796214,145.418199,-94.309401,200.000000,32.071134329,126.000000000,3780.2424,-180.0000,-117.502789,161.728715,-6.075953,200.000000,32.055974656,126.000000000,300.0000,-180.0000,-62.393111,85.876750,-169.505998,200.000000
356,35.6000,32.000000000,126.000000000,0.0000,32.071027957,125.962962223,300.0000,-123.8120,99.796757,145.417759,-94.309505,200.000000,32.071034023,126.000000000,3796.8598,-180.0000,-117.502783,161.728706,-6.076303,200.000000,32.055794302,126.000000000,300.0000,-180.0000,-62.392798,85.876319,-169.506332,200.000000
357,35.7000,32.000000000,126.000000000,0.0000,32.070927595,125.962786238,300.0000,-123.8120,99.797301,145.417318,-94.309608,200.000000,32.070933717,126.000000000,3813.4771,-180.0000,-117.502777,161.728698,-6.076653,200.000000,32.055613948,126.000000000,300.0000,-180.0000,-62.392484,85.875887,-169.506666,200.000000
358,35.8000,32.000000000,126.000000000,0.0000,32.070827234,125.962610253,300.0000,-123.8120,99.797845,145.416878,-94.309712,200.000000,32.070833411,126.000000000,3830.0945,-180.0000,-117.502771,161.728689,-6.077002,200.000000,32.055433594,126.000000000,300.0000,-180.0000,-62.392170,85.875455,-169.507001,200.000000
359,35.9000,32.000000000,126.000000000,0.0000,32.070726873,125.962434268,300.0000,-123.8120,99.798388,145.416438,-94.309815,200.000000,32.070733106,126.000000000,3846.7118,-180.0000,-117.502764,161.728681,-6.077352,200.000000,32.055253240,126.000000000,300.0000,-180.0000,-62.391857,85.875024,-169.507335,200.000000
360,36.0000,32.000000000,126.000000000,0.0000,32.070626511,125.962258284,300.0000,-123.8120,99.798932,145.415998,-94.309919,200.000000,32.070632800,126.000000000,3863.3292,-180.0000,-117.502758,161.728672,-6.077702,200.000000,32.055072886,126.000000000,300.0000,-180.0000,-62.391543,85.874592,-169.507669,200.000000
361,36.1000,32.000000000,126.000000000,0.0000,32.070526150,125.962082299,300.0000,-123.8120,99.799476,145.415558,-94.310022,200.000000,32.070532495,126.000000000,3879.9465,-180.0000,-117.502752,161.728663,-6.078052,200.000000,32.054892532,126.000000000,300.0000,-180.0000,-62.391229,85.874160,-169.508003,200.000000
362,36.2000,32.000000000,126.000000000,0.0000,32.070425788,125.961906315,300.0000,-123.8120,99.800019,145.415117,-94.310126,200.000000,32.070432191,126.000000000,3896.5639,-180.0000,-117.502746,161.728655,-6.078402,200.000000,32.054712178,126.000000000,300.0000,-180.0000,-62.390916,85.873729,-169.508337,200.000000
363,36.3000,32.000000000,126.000000000,0.0000,32.070325427,125.961730331,300.0000,-123.8120,99.800563,145.414677,-94.310229,200.000000,32.070331886,126.000000000,3913.1812,-180.0000,-117.502739,161.728646,-6.078752,200.000000,32.054531824,126.000000000,300.0000,-180.0000,-62.390602,85.873297,-169.508671,200.000000
364,36.4000,32.000000000,126.000000000,0.0000,32.070225066,125.961554347,300.0000,-123.8120,99.801107,145.414237,-94.310333,200.000000,32.070231582,126.000000000,3929.7986,-180.0000,-117.502733,161.728638,-6.079102,200.000000,32.054351470,126.000000000,300.0000,-180.0000,-62.390289,85.872865,-169.509005,200.000000
365,36.5000,32.000000000,126.000000000,0.0000,32.070124704,125.961378364,300.0000,-123.8120,99.801650,145.413797,-94.310436,200.000000,32.070131278,126.000000000,3946.4159,-180.0000,-117.502727,161.728629,-6.079452,200.000000,32.054171116,126.000000000,300.0000,-180.0000,-62.389975,85.872434,-169.509339,200.000000
366,36.6000,32.000000000,126.000000000,0.0000,32.070024343,125.961202380,300.0000,-123.8120,99.802194,145.413356,-94.310540,200.000000,32.070030974,126.000000000,3963.0333,-180.0000,-117.502721,161.728620,-6.079802,200.000000,32.053990762,126.000000000,300.0000,-180.0000,-62.389661,85.872002,-169.509674,200.000000
367,36.7000,32.000000000,126.000000000,0.0000,32.069923981,125.961026397,300.0000,-123.8120,99.802738,145.412916,-94.310643,200.000000,32.069930671,126.000000000,3979.6506,-180.0000,-117.502714,161.728612,-6.080152,200.000000,32.053810408,126.000000000,300.0000,-180.0000,-62.389348,85.871570,-169.510008,200.000000
368,36.8000,32.000000000,126.000000000,0.0000,32.069823620,125.960850414,300.0000,-123.8120,99.803281,145.412476,-94.310747,200.000000,32.069830368,126.000000000,3996.2680,-180.0000,-117.502708,161.728603,-6.080502,200.000000,32.053630054,126.000000000,300.0000,-180.0000,-62.389034,85.871139,-169.510342,200.000000
369,36.9000,32.000000000,126.000000000,0.0000,32.069723259,125.960674431,300.0000,-123.8120,99.803825,145.412035,-94.310850,200.000000,32.069730065,126.000000000,4012.8853,-180.0000,-117.502702,161.728595,-6.080852,200.000000,32.053449700,126.000000000,300.0000,-180.0000,-62.388720,85.870707,-169.510676,200.000000
370,37.0000,32.000000000,126.000000000,0.0000,32.069622897,125.960498448,300.0000,-123.8120,99.804369,145.411595,-94.310954,200.000000,32.069629762,126.000000000,4029.5027,-180.0000,-117.502696,161.728586,-6.081202,200.000000,32.053269346,126.000000000,300.0000,-180.0000,-62.388407,85.870275,-169.511010,200.000000
371,37.1000,32.000000000,126.000000000,0.0000,32.069522536,125.960322466,300.0000,-123.8120,99.804912,145.411155,-94.311057,200.000000,32.069529460,126.000000000,4046.1200,-180.0000,-117.502689,161.728577,-6.081552,200.000000,32.053088992,126.000000000,300.0000,-180.0000,-62.388093,85.869844,-169.511344,200.000000
372,37.2000,32.000000000,126.000000000,0.0000,32.069422174,125.960146483,300.0000,-123.8120,99.805456,145.410715,-94.311161,200.000000,32.069429158,126.000000000,4062.7374,-180.0000,-117.502683,161.728569,-6.081902,200.000000,32.052908638,126.000000000,300.0000,-180.0000,-62.387780,85.869412,-169.511678,200.000000
373,37.3000,32.000000000,126.000000000,0.0000,32.069321813,125.959970501,300.0000,-123.8120,99.805999,145.410274,-94.311264,200.000000,32.069328856,126.000000000,4079.3547,-180.0000,-117.502677,161.728560,-6.082252,200.000000,32.052728283,126.000000000,300.0000,-180.0000,-62.387466,85.868980,-169.512012,200.000000
374,37.4000,32.000000000,126.000000000,0.0000,32.069221452,125.959794519,300.0000,-123.8120,99.806543,145.409834,-94.311368,200.000000,32.069228554,126.000000000,4095.9721,-180.0000,-117.502671,161.728551,-6.082602,200.000000,32.052547929,126.000000000,300.0000,-180.0000,-62.387152,85.868548,-169.512346,200.000000
375,37.5000,32.000000000,126.000000000,0.0000,32.069121090,125.959618538,300.0000,-123.8120,99.807087,145.409394,-94.311471,200.000000,32.069128253,126.000000000,4112.5894,-180.0000,-117.502664,161.728543,-6.082952,200.000000,32.052367575,126.000000000,300.0000,-180.0000,-62.386839,85.868117,-169.512681,200.000000
376,37.6000,32.000000000,126.000000000,0.0000,32.069020729,125.959442556,300.0000,-123.8120,99.807630,145.408954,-94.311575,200.000000,32.069027952,126.000000000,4129.2068,-180.0000,-117.502658,161.728534,-6.083302,200.000000,32.052187221,126.000000000,300.0000,-180.0000,-62.386525,85.867685,-169.513015,200.000000
377,37.7000,32.000000000,126.000000000,0.0000,32.068920367,125.959266575,300.0000,-123.8120,99.808174,145.408513,-94.311678,200.000000,32.068927651,126.000000000,4145.8242,-180.0000,-117.502652,161.728526,-6.083652,200.000000,32.052006867,126.000000000,300.0000,-180.0000,-62.386211,85.867253,-169.513349,200.000000
378,37.8000,32.000000000,126.000000000,0.0000,32.068820006,125.959090593,300.0000,-123.8120,99.808718,145.408073,-94.311782,200.000000,32.068827350,126.000000000,4162.4415,-180.0000,-117.502646,161.728517,-6.084002,200.000000,32.051826513,126.000000000,300.0000,-180.0000,-62.385898,85.866822,-169.513683,200.000000
379,37.9000,32.000000000,126.000000000,0.0000,32.068719645,125.958914612,300.0000,-123.8120,99.809261,145.407633,-94.311885,200.000000,32.068727050,126.000000000,4179.0589,-180.0000,-117.502639,161.728508,-6.084352,200.000000,32.051646159,126.000000000,300.0000,-180.0000,-62.385584,85.866390,-169.514017,200.000000
380,38.0000,32.000000000,126.000000000,0.0000,32.068619283,125.958738632,300.0000,-123.8120,99.809805,145.407193,-94.311989,200.000000,32.068626750,126.000000000,4195.6762,-180.0000,-117.502633,161.728500,-6.084702,200.000000,32.051465805,126.000000000,300.0000,-180.0000,-62.385270,85.865958,-169.514351,200.000000
381,38.1000,32.000000000,126.000000000,0.0000,32.068518922,125.958562651,300.0000,-123.8120,99.810348,145.406752,-94.312092,200.000000,32.068526450,126.000000000,4212.2936,-180.0000,-117.502627,161.728491,-6.085052,200.000000,32.051285451,126.000000000,300.0000,-180.0000,-62.384957,85.865527,-169.514685,200.000000
382,38.2000,32.000000000,126.000000000,0.0000,32.068418560,125.958386671,300.0000,-123.8120,99.810892,145.406312,-94.312196,200.000000,32.068426151,126.000000000,4228.9109,-180.0000,-117.502621,161.728483,-6.085402,200.000000,32.051105096,126.000000000,300.0000,-180.0000,-62.384643,85.865095,-169.515019,200.000000
383,38.3000,32.000000000,126.000000000,0.0000,32.068318199,125.958210691,300.0000,-123.8120,99.811436,145.405872,-94.312299,200.000000,32.068325851,126.000000000,4245.5283,-180.0000,-117.502614,161.728474,-6.085751,200.000000,32.050924742,126.000000000,300.0000,-180.0000,-62.384330,85.864663,-169.515353,200.000000
384,38.4000,32.000000000,126.000000000,0.0000,32.068217838,125.958034710,300.0000,-123.8120,99.811979,145.405431,-94.312403,200.000000,32.068225552,126.000000000,4262.1456,-180.0000,-117.502608,161.728465,-6.086101,200.000000,32.050744388,126.000000000,300.0000,-180.0000,-62.384016,85.864232,-169.515687,200.000000
385,38.5000,32.000000000,126.000000000,0.0000,32.068117476,125.957858731,300.0000,-123.8120,99.812523,145.404991,-94.312506,200.000000,32.068125254,126.000000000,4278.7630,-180.0000,-117.502602,161.728457,-6.086451,200.000000,32.050564034,126.000000000,300.0000,-180.0000,-62.383702,85.863800,-169.516022,200.000000
386,38.6000,32.000000000,126.000000000,0.0000,32.068017115,125.957682751,300.0000,-123.8120,99.813066,145.404551,-94.312610,200.000000,32.068024955,126.000000000,4295.3803,-180.0000,-117.502595,161.728448,-6.086801,200.000000,32.050383680,126.000000000,300.0000,-180.0000,-62.383389,85.863368,-169.516356,200.000000
387,38.7000,32.000000000,126.000000000,0.0000,32.067916753,125.957506772,300.0000,-123.8120,99.813610,145.404111,-94.312713,200.000000,32.067924657,126.000000000,4311.9977,-180.0000,-117.502589,161.728439,-6.087151,200.000000,32.050203326,126.000000000,300.0000,-180.0000,-62.383075,85.862937,-169.516690,200.000000
388,38.8000,32.000000000,126.000000000,0.0000,32.067816392,125.957330792,300.0000,-123.8120,99.814154,145.403670,-94.312817,200.000000,32.067824359,126.000000000,4328.6150,-180.0000,-117.502583,161.728431,-6.087501,200.000000,32.050022972,126.000000000,300.0000,-180.0000,-62.382761,85.862505,-169.517024,200.000000
389,38.9000,32.000000000,126.000000000,0.0000,32.067716030,125.957154813,300.0000,-123.8120,99.814697,145.403230,-94.312920,200.000000,32.067724061,126.000000000,4345.2324,-180.0000,-117.502577,161.728422,-6.087851,200.000000,32.049842617,126.000000000,300.0000,-180.0000,-62.382448,85.862073,-169.517358,200.000000
390,39.0000,32.000000000,126.000000000,0.0000,32.067615669,125.956978834,300.0000,-123.8120,99.815241,145.402790,-94.313024,200.000000,32.067623764,126.000000000,4361.8497,-180.0000,-117.502570,161.728414,-6.088201,200.000000,32.049662263,126.000000000,300.0000,-180.0000,-62.382134,85.861641,-169.517692,200.000000
391,39.1000,32.000000000,126.000000000,0.0000,32.067515308,125.956802856,300.0000,-123.8120,99.815784,145.402349,-94.313127,200.000000,32.067523467,126.000000000,4378.4671,-180.0000,-117.502564,161.728405,-6.088551,200.000000,32.049481909,126.000000000,300.0000,-180.0000,-62.381820,85.861210,-169.518026,200.000000
392,39.2000,32.000000000,126.000000000,0.0000,32.067414946,125.956626877,300.0000,-123.8120,99.816328,145.401909,-94.313231,200.000000,32.067423170,126.000000000,4395.0844,-180.0000,-117.502558,161.728396,-6.088901,200.000000,32.049301555,126.000000000,300.0000,-180.0000,-62.381507,85.860778,-169.518360,200.000000
393,39.3000,32.000000000,126.000000000,0.0000,32.067314585,125.956450899,300.0000,-123.8120,99.816872,145.401469,-94.313334,200.000000,32.067322873,126.000000000,4411.7018,-180.0000,-117.502552,161.728388,-6.089251,200.000000,32.049121201,126.000000000,300.0000,-180.0000,-62.381193,85.860346,-169.518694,200.000000
394,39.4000,32.000000000,126.000000000,0.0000,32.067214223,125.956274921,300.0000,-123.8120,99.817415,145.401028,-94.313438,200.000000,32.067222577,126.000000000,4428.3191,-180.0000,-117.502545,161.728379,-6.089601,200.000000,32.048940846,126.000000000,300.0000,-180.0000,-62.380879,85.859915,-169.519028,200.000000
395,39.5000,32.000000000,126.000000000,0.0000,32.067113862,125.956098943,300.0000,-123.8120,99.817959,145.400588,-94.313541,200.000000,32.067122281,126.000000000,4444.9365,-180.0000,-117.502539,161.728370,-6.089951,200.000000,32.048760492,126.000000000,300.0000,-180.0000,-62.380566,85.859483,-169.519362,200.000000
396,39.6000,32.000000000,126.000000000,0.0000,32.067013500,125.955922965,300.0000,-123.8120,99.818502,145.400148,-94.313645,200.000000,32.067021985,126.000000000,4461.5538,-180.0000,-117.502533,161.728362,-6.090301,200.000000,32.048580138,126.000000000,300.0000,-180.0000,-62.380252,85.859051,-169.519696,200.000000
397,39.7000,32.000000000,126.000000000,0.0000,32.066913139,125.955746988,300.0000,-123.8120,99.819046,145.399708,-94.313748,200.000000,32.066921689,126.000000000,4478.1712,-180.0000,-117.502527,161.728353,-6.090651,200.000000,32.048399784,126.000000000,300.0000,-180.0000,-62.379939,85.858620,-169.520030,200.000000
398,39.8000,32.000000000,126.000000000,0.0000,32.066812778,125.955571011,300.0000,-123.8120,99.819590,145.399267,-94.313852,200.000000,32.066821394,126.000000000,4494.7885,-180.0000,-117.502520,161.728345,-6.091001,200.000000,32.048219430,126.000000000,300.0000,-180.0000,-62.379625,85.858188,-169.520364,200.000000
399,39.9000,32.000000000,126.000000000,0.0000,32.066712416,125.955395033,300.0000,-123.8120,99.820133,145.398827,-94.313955,200.000000,32.066721099,126.000000000,4511.4059,-180.0000,-117.502514,161.728336,-6.091351,200.000000,32.048039075,126.000000000,300.0000,-180.0000,-62.379311,85.857756,-169.520699,200.000000
400,40.0000,32.000000000,126.000000000,0.0000,32.066612055,125.955219056,300.0000,-123.8120,99.820677,145.398387,-94.314059,200.000000,32.066620804,126.000000000,4528.0232,-180.0000,-117.502508,161.728327,-6.091700,200.000000,32.047858721,126.000000000,300.0000,-180.0000,-62.378998,85.857325,-169.521033,200.000000
401,40.1000,32.000000000,126.000000000,0.0000,32.066511693,125.955043080,300.0000,-123.8120,99.821220,145.397946,-94.314162,200.000000,32.066520509,126.000000000,4544.6406,-180.0000,-117.502502,161.728319,-6.092050,200.000000,32.047678367,126.000000000,300.0000,-180.0000,-62.378684,85.856893,-169.521367,200.000000
402,40.2000,32.000000000,126.000000000,0.0000,32.066411332,125.954867103,300.0000,-123.8120,99.821764,145.397506,-94.314266,200.000000,32.066420215,126.000000000,4561.2580,-180.0000,-117.502495,161.728310,-6.092400,200.000000,32.047498013,126.000000000,300.0000,-180.0000,-62.378370,85.856461,-169.521701,200.000000
403,40.3000,32.000000000,126.000000000,0.0000,32.066310970,125.954691127,300.0000,-123.8120,99.822307,145.397066,-94.314369,200.000000,32.066319921,126.000000000,4577.8753,-180.0000,-117.502489,161.728301,-6.092750,200.000000,32.047317659,126.000000000,300.0000,-180.0000,-62.378057,85.856029,-169.522035,200.000000
404,40.4000,32.000000000,126.000000000,0.0000,32.066210609,125.954515151,300.0000,-123.8120,99.822851,145.396625,-94.314473,200.000000,32.066219627,126.000000000,4594.4927,-180.0000,-117.502483,161.728293,-6.093100,200.000000,32.047137304,126.000000000,300.0000,-180.0000,-62.377743,85.855598,-169.522369,200.000000
405,40.5000,32.000000000,126.000000000,0.0000,32.066110247,125.954339175,300.0000,-123.8120,99.823395,145.396185,-94.314576,200.000000,32.066119333,126.000000000,4611.1100,-180.0000,-117.502476,161.728284,-6.093450,200.000000,32.046956950,126.000000000,300.0000,-180.0000,-62.377429,85.855166,-169.522703,200.000000
406,40.6000,32.000000000,126.000000000,0.0000,32.066009886,125.954163199,300.0000,-123.8120,99.823938,145.395745,-94.314680,200.000000,32.066019040,126.000000000,4627.7274,-180.0000,-117.502470,161.728276,-6.093800,200.000000,32.046776596,126.000000000,300.0000,-180.0000,-62.377116,85.854734,-169.523037,200.000000
407,40.7000,32.000000000,126.000000000,0.0000,32.065909525,125.953987223,300.0000,-123.8120,99.824482,145.395304,-94.314783,200.000000,32.065918747,126.000000000,4644.3447,-180.0000,-117.502464,161.728267,-6.094150,200.000000,32.046596242,126.000000000,300.0000,-180.0000,-62.376802,85.854303,-169.523371,200.000000
408,40.8000,32.000000000,126.000000000,0.0000,32.065809163,125.953811248,300.0000,-123.8120,99.825025,145.394864,-94.314887,200.000000,32.065818454,126.000000000,4660.9621,-180.0000,-117.502458,161.728258,-6.094500,200.000000,32.046415887,126.000000000,300.0000,-180.0000,-62.376488,85.853871,-169.523705,200.000000
409,40.9000,32.000000000,126.000000000,0.0000,32.065708802,125.953635273,300.0000,-123.8120,99.825569,145.394424,-94.314990,200.000000,32.065718162,126.000000000,4677.5794,-180.0000,-117.502451,161.728250,-6.094850,200.000000,32.046235533,126.000000000,300.0000,-180.0000,-62.376175,85.853439,-169.524039,200.000000
410,41.0000,32.000000000,126.000000000,0.0000,32.065608440,125.953459298,300.0000,-123.8120,99.826112,145.393983,-94.315094,200.000000,32.065617870,126.000000000,4694.1968,-180.0000,-117.502445,161.728241,-6.095200,200.000000,32.046055179,126.000000000,300.0000,-180.0000,-62.375861,85.853007,-169.524373,200.000000
411,41.1000,32.000000000,126.000000000,0.0000,32.065508079,125.953283323,300.0000,-123.8120,99.826656,145.393543,-94.315197,200.000000,32.065517578,126.000000000,4710.8141,-180.0000,-117.502439,161.728232,-6.095550,200.000000,32.045874824,126.000000000,300.0000,-180.0000,-62.375547,85.852576,-169.524707,200.000000
412,41.2000,32.000000000,126.000000000,0.0000,32.065407717,125.953107348,300.0000,-123.8120,99.827199,145.393103,-94.315301,200.000000,32.065417286,126.000000000,4727.4315,-180.0000,-117.502433,161.728224,-6.095900,200.000000,32.045694470,126.000000000,300.0000,-180.0000,-62.375234,85.852144,-169.525041,200.000000
413,41.3000,32.000000000,126.000000000,0.0000,32.065307356,125.952931374,300.0000,-123.8120,99.827743,145.392662,-94.315404,200.000000,32.065316995,126.000000000,4744.0488,-180.0000,-117.502426,161.728215,-6.096250,200.000000,32.045514116,126.000000000,300.0000,-180.0000,-62.374920,85.851712,-169.525375,200.000000
414,41.4000,32.000000000,126.000000000,0.0000,32.065206994,125.952755400,300.0000,-123.8120,99.828287,145.392222,-94.315508,200.000000,32.065216703,126.000000000,4760.6662,-180.0000,-117.502420,161.728206,-6.096599,200.000000,32.045333762,126.000000000,300.0000,-180.0000,-62.374606,85.851281,-169.525709,200.000000
415,41.5000,32.000000000,126.000000000,0.0000,32.065106633,125.952579425,300.0000,-123.8120,99.828830,145.391782,-94.315611,200.000000,32.065116413,126.000000000,4777.2835,-180.0000,-117.502414,161.728198,-6.096949,200.000000,32.045153407,126.000000000,300.0000,-180.0000,-62.374293,85.850849,-169.526043,200.000000
416,41.6000,32.000000000,126.000000000,0.0000,32.065006271,125.952403452,300.0000,-123.8120,99.829374,145.391341,-94.315715,200.000000,32.065016122,126.000000000,4793.9009,-180.0000,-117.502407,161.728189,-6.097299,200.000000,32.044973053,126.000000000,300.0000,-180.0000,-62.373979,85.850417,-169.526377,200.000000
417,41.7000,32.000000000,126.000000000,0.0000,32.064905910,125.952227478,300.0000,-123.8120,99.829917,145.390901,-94.315818,200.000000,32.064915831,126.000000000,4810.5182,-180.0000,-117.502401,161.728181,-6.097649,200.000000,32.044792699,126.000000000,300.0000,-180.0000,-62.373665,85.849985,-169.526711,200.000000
418,41.8000,32.000000000,126.000000000,0.0000,32.064805548,125.952051504,300.0000,-123.8120,99.830461,145.390461,-94.315922,200.000000,32.064815541,126.000000000,4827.1356,-180.0000,-117.502395,161.728172,-6.097999,200.000000,32.044612344,126.000000000,300.0000,-180.0000,-62.373352,85.849554,-169.527045,200.000000
419,41.9000,32.000000000,126.000000000,0.0000,32.064705187,125.951875531,300.0000,-123.8120,99.831004,145.390020,-94.316025,200.000000,32.064715251,126.000000000,4843.7529,-180.0000,-117.502389,161.728163,-6.098349,200.000000,32.044431990,126.000000000,300.0000,-180.0000,-62.373038,85.849122,-169.527379,200.000000
420,42.0000,32.000000000,126.000000000,0.0000,32.064604825,125.951699558,300.0000,-123.8120,99.831548,145.389580,-94.316129,200.000000,32.064614962,126.000000000,4860.3703,-180.0000,-117.502382,161.728155,-6.098699,200.000000,32.044251636,126.000000000,300.0000,-180.0000,-62.372724,85.848690,-169.527713,200.000000
421,42.1000,32.000000000,126.000000000,0.0000,32.064504464,125.951523585,300.0000,-123.8120,99.832091,145.389140,-94.316232,200.000000,32.064514672,126.000000000,4876.9876,-180.0000,-117.502376,161.728146,-6.099049,200.000000,32.044071281,126.000000000,300.0000,-180.0000,-62.372411,85.848259,-169.528047,200.000000
422,42.2000,32.000000000,126.000000000,0.0000,32.064404103,125.951347612,300.0000,-123.8120,99.832635,145.388699,-94.316336,200.000000,32.064414383,126.000000000,4893.6050,-180.0000,-117.502370,161.728137,-6.099399,200.000000,32.043890927,126.000000000,300.0000,-180.0000,-62.372097,85.847827,-169.528381,200.000000
423,42.3000,32.000000000,126.000000000,0.0000,32.064303741,125.951171640,300.0000,-123.8120,99.833178,145.388259,-94.316439,200.000000,32.064314094,126.000000000,4910.2223,-180.0000,-117.502364,161.728129,-6.099749,200.000000,32.043710573,126.000000000,300.0000,-180.0000,-62.371783,85.847395,-169.528715,200.000000
424,42.4000,32.000000000,126.000000000,0.0000,32.064203380,125.950995668,300.0000,-123.8120,99.833722,145.387818,-94.316543,200.000000,32.064213806,126.000000000,4926.8397,-180.0000,-117.502357,161.728120,-6.100099,200.000000,32.043530218,126.000000000,300.0000,-180.0000,-62.371470,85.846963,-169.529050,200.000000
425,42.5000,32.000000000,126.000000000,0.0000,32.064103018,125.950819696,300.0000,-123.8120,99.834265,145.387378,-94.316646,200.000000,32.064113518,126.000000000,4943.4571,-180.0000,-117.502351,161.728111,-6.100448,200.000000,32.043349864,126.000000000,300.0000,-180.0000,-62.371156,85.846532,-169.529384,200.000000
426,42.6000,32.000000000,126.000000000,0.0000,32.064002657,125.950643724,300.0000,-123.8120,99.834809,145.386938,-94.316750,200.000000,32.064013230,126.000000000,4960.0744,-180.0000,-117.502345,161.728103,-6.100798,200.000000,32.043169510,126.000000000,300.0000,-180.0000,-62.370842,85.846100,-169.529718,200.000000
427,42.7000,32.000000000,126.000000000,0.0000,32.063902295,125.950467752,300.0000,-123.8120,99.835352,145.386497,-94.316853,200.000000,32.063912942,126.000000000,4976.6918,-180.0000,-117.502338,161.728094,-6.101148,200.000000,32.042989155,126.000000000,300.0000,-180.0000,-62.370529,85.845668,-169.530052,200.000000
428,42.8000,32.000000000,126.000000000,0.0000,32.063801934,125.950291780,300.0000,-123.8120,99.835896,145.386057,-94.316957,200.000000,32.063812654,126.000000000,4993.3091,-180.0000,-117.502332,161.728086,-6.101498,200.000000,32.042808801,126.000000000,300.0000,-180.0000,-62.370215,85.845236,-169.530386,200.000000
429,42.9000,32.000000000,126.000000000,0.0000,32.063701572,125.950115809,300.0000,-123.8120,99.836439,145.385617,-94.317060,200.000000,32.063712367,126.000000000,5009.9265,-180.0000,-117.502326,161.728077,-6.101848,200.000000,32.042628447,126.000000000,300.0000,-180.0000,-62.369901,85.844805,-169.530720,200.000000
430,43.0000,32.000000000,126.000000000,0.0000,32.063601211,125.949939838,300.0000,-123.8120,99.836983,145.385176,-94.317164,200.000000,32.063612080,126.000000000,5026.5438,-180.0000,-117.502320,161.728068,-6.102198,200.000000,32.042448092,126.000000000,300.0000,-180.0000,-62.369588,85.844373,-169.531054,200.000000
431,43.1000,32.000000000,126.000000000,0.0000,32.063500849,125.949763867,300.0000,-123.8120,99.837526,145.384736,-94.317267,200.000000,32.063511793,126.000000000,5043.1612,-180.0000,-117.502313,161.728060,-6.102548,200.000000,32.042267738,126.000000000,300.0000,-180.0000,-62.369274,85.843941,-169.531388,200.000000
432,43.2000,32.000000000,126.000000000,0.0000,32.063400488,125.949587896,300.0000,-123.8120,99.838070,145.384296,-94.317371,200.000000,32.063411507,126.000000000,5059.7785,-180.0000,-117.502307,161.728051,-6.102898,200.000000,32.042087383,126.000000000,300.0000,-180.0000,-62.368960,85.843510,-169.531722,200.000000
433,43.3000,32.000000000,126.000000000,0.0000,32.063300126,125.949411925,300.0000,-123.8120,99.838613,145.383855,-94.317474,200.000000,32.063311220,126.000000000,5076.3959,-180.0000,-117.502301,161.728042,-6.103248,200.000000,32.041907029,126.000000000,300.0000,-180.0000,-62.368647,85.843078,-169.532056,200.000000
434,43.4000,32.000000000,126.000000000,0.0000,32.063199765,125.949235955,300.0000,-123.8120,99.839157,145.383415,-94.317578,200.000000,32.063210934,126.000000000,5093.0132,-180.0000,-117.502294,161.728034,-6.103598,200.000000,32.041726675,126.000000000,300.0000,-180.0000,-62.368333,85.842646,-169.532390,200.000000
435,43.5000,32.000000000,126.000000000,0.0000,32.063099403,125.949059985,300.0000,-123.8120,99.839700,145.382974,-94.317681,200.000000,32.063110649,126.000000000,5109.6306,-180.0000,-117.502288,161.728025,-6.103948,200.000000,32.041546320,126.000000000,300.0000,-180.0000,-62.368019,85.842214,-169.532724,200.000000
436,43.6000,32.000000000,126.000000000,0.0000,32.062999042,125.948884015,300.0000,-123.8120,99.840244,145.382534,-94.317785,200.000000,32.063010363,126.000000000,5126.2479,-180.0000,-117.502282,161.728016,-6.104297,200.000000,32.041365966,126.000000000,300.0000,-180.0000,-62.367706,85.841783,-169.533058,200.000000
437,43.7000,32.000000000,126.000000000,0.0000,32.062898680,125.948708045,300.0000,-123.8120,99.840787,145.382094,-94.317888,200.000000,32.062910078,126.000000000,5142.8653,-180.0000,-117.502276,161.728008,-6.104647,200.000000,32.041185611,126.000000000,300.0000,-180.0000,-62.367392,85.841351,-169.533392,200.000000
438,43.8000,32.000000000,126.000000000,0.0000,32.062798319,125.948532075,300.0000,-123.8120,99.841331,145.381653,-94.317992,200.000000,32.062809793,126.000000000,5159.4826,-180.0000,-117.502269,161.727999,-6.104997,200.000000,32.041005257,126.000000000,300.0000,-180.0000,-62.367078,85.840919,-169.533726,200.000000
439,43.9000,32.000000000,126.000000000,0.0000,32.062697957,125.948356106,300.0000,-123.8120,99.841874,145.381213,-94.318095,200.000000,32.062709508,126.000000000,5176.1000,-180.0000,-117.502263,161.727990,-6.105347,200.000000,32.040824903,126.000000000,300.0000,-180.0000,-62.366765,85.840487,-169.534060,200.000000
440,44.0000,32.000000000,126.000000000,0.0000,32.062597596,125.948180137,300.0000,-123.8120,99.842418,145.380773,-94.318199,200.000000,32.062609224,126.000000000,5192.7173,-180.0000,-117.502257,161.727982,-6.105697,200.000000,32.040644548,126.000000000,300.0000,-180.0000,-62.366451,85.840056,-169.534394,200.000000
441,44.1000,32.000000000,126.000000000,0.0000,32.062497234,125.948004168,300.0000,-123.8120,99.842961,145.380332,-94.318302,200.000000,32.062508940,126.000000000,5209.3347,-180.0000,-117.502251,161.727973,-6.106047,200.000000,32.040464194,126.000000000,300.0000,-180.0000,-62.366137,85.839624,-169.534728,200.000000
442,44.2000,32.000000000,126.000000000,0.0000,32.062396873,125.947828199,300.0000,-123.8120,99.843505,145.379892,-94.318405,200.000000,32.062408656,126.000000000,5225.9520,-180.0000,-117.502244,161.727965,-6.106397,200.000000,32.040283839,126.000000000,300.0000,-180.0000,-62.365824,85.839192,-169.535062,200.000000
443,44.3000,32.000000000,126.000000000,0.0000,32.062296511,125.947652230,300.0000,-123.8120,99.844048,145.379451,-94.318509,200.000000,32.062308372,126.000000000,5242.5694,-180.0000,-117.502238,161.727956,-6.106747,200.000000,32.040103485,126.000000000,300.0000,-180.0000,-62.365510,85.838760,-169.535396,200.000000
444,44.4000,32.000000000,126.000000000,0.0000,32.062196150,125.947476262,300.0000,-123.8120,99.844592,145.379011,-94.318612,200.000000,32.062208089,126.000000000,5259.1867,-180.0000,-117.502232,161.727947,-6.107097,200.000000,32.039923130,126.000000000,300.0000,-180.0000,-62.365196,85.838329,-169.535730,200.000000
445,44.5000,32.000000000,126.000000000,0.0000,32.062095788,125.947300293,300.0000,-123.8120,99.845135,145.378571,-94.318716,200.000000,32.062107806,126.000000000,5275.8041,-180.0000,-117.502225,161.727939,-6.107446,200.000000,32.039742776,126.000000000,300.0000,-180.0000,-62.364883,85.837897,-169.536064,200.000000
446,44.6000,32.000000000,126.000000000,0.0000,32.061995427,125.947124325,300.0000,-123.8120,99.845679,145.378130,-94.318819,200.000000,32.062007523,126.000000000,5292.4214,-180.0000,-117.502219,161.727930,-6.107796,200.000000,32.039562421,126.000000000,300.0000,-180.0000,-62.364569,85.837465,-169.536398,200.000000
447,44.7000,32.000000000,126.000000000,0.0000,32.061895065,125.946948357,300.0000,-123.8120,99.846222,145.377690,-94.318923,200.000000,32.061907240,126.000000000,5309.0388,-180.0000,-117.502213,161.727921,-6.108146,200.000000,32.039382067,126.000000000,300.0000,-180.0000,-62.364255,85.837034,-169.536732,200.000000
448,44.8000,32.000000000,126.000000000,0.0000,32.061794704,125.946772390,300.0000,-123.8120,99.846766,145.377249,-94.319026,200.000000,32.061806958,126.000000000,5325.6562,-180.0000,-117.502207,161.727913,-6.108496,200.000000,32.039201713,126.000000000,300.0000,-180.0000,-62.363942,85.836602,-169.537065,200.000000
449,44.9000,32.000000000,126.000000000,0.0000,32.061694342,125.946596422,300.0000,-123.8120,99.847309,145.376809,-94.319130,200.000000,32.061706676,126.000000000,5342.2735,-180.0000,-117.502200,161.727904,-6.108846,200.000000,32.039021358,126.000000000,300.0000,-180.0000,-62.363628,85.836170,-169.537399,200.000000
450,45.0000,32.000000000,126.000000000,0.0000,32.061593980,125.946420455,300.0000,-123.8120,99.847853,145.376369,-94.319233,200.000000,32.061606394,126.000000000,5358.8909,-180.0000,-117.502194,161.727895,-6.109196,200.000000,32.038841004,126.000000000,300.0000,-180.0000,-62.363314,85.835738,-169.537733,200.000000
451,45.1000,32.000000000,126.000000000,0.0000,32.061493619,125.946244488,300.0000,-123.8120,99.848396,145.375928,-94.319337,200.000000,32.061506113,126.000000000,5375.5082,-180.0000,-117.502188,161.727887,-6.109546,200.000000,32.038660649,126.000000000,300.0000,-180.0000,-62.363001,85.835307,-169.538067,200.000000
452,45.2000,32.000000000,126.000000000,0.0000,32.061393257,125.946068521,300.0000,-123.8120,99.848940,145.375488,-94.319440,200.000000,32.061405831,126.000000000,5392.1256,-180.0000,-117.502181,161.727878,-6.109896,200.000000,32.038480295,126.000000000,300.0000,-180.0000,-62.362687,85.834875,-169.538401,200.000000
453,45.3000,32.000000000,126.000000000,0.0000,32.061292896,125.945892554,300.0000,-123.8120,99.849483,145.375047,-94.319544,200.000000,32.061305550,126.000000000,5408.7429,-180.0000,-117.502175,161.727869,-6.110246,200.000000,32.038299940,126.000000000,300.0000,-180.0000,-62.362373,85.834443,-169.538735,200.000000
454,45.4000,32.000000000,126.000000000,0.0000,32.061192534,125.945716587,300.0000,-123.8120,99.850027,145.374607,-94.319647,200.000000,32.061205270,126.000000000,5425.3603,-180.0000,-117.502169,161.727861,-6.110595,200.000000,32.038119586,126.000000000,300.0000,-180.0000,-62.362060,85.834011,-169.539069,200.000000
455,45.5000,32.000000000,126.000000000,0.0000,32.061092173,125.945540621,300.0000,-123.8120,99.850570,145.374167,-94.319751,200.000000,32.061104989,126.000000000,5441.9776,-180.0000,-117.502163,161.727852,-6.110945,200.000000,32.037939231,126.000000000,300.0000,-180.0000,-62.361746,85.833580,-169.539403,200.000000
456,45.6000,32.000000000,126.000000000,0.0000,32.060991811,125.945364655,300.0000,-123.8120,99.851113,145.373726,-94.319854,200.000000,32.061004709,126.000000000,5458.5950,-180.0000,-117.502156,161.727843,-6.111295,200.000000,32.037758877,126.000000000,300.0000,-180.0000,-62.361432,85.833148,-169.539737,200.000000
457,45.7000,32.000000000,126.000000000,0.0000,32.060891450,125.945188689,300.0000,-123.8120,99.851657,145.373286,-94.319958,200.000000,32.060904429,126.000000000,5475.2123,-180.0000,-117.502150,161.727835,-6.111645,200.000000,32.037578522,126.000000000,300.0000,-180.0000,-62.361119,85.832716,-169.540071,200.000000
458,45.8000,32.000000000,126.000000000,0.0000,32.060791088,125.945012723,300.0000,-123.8120,99.852200,145.372845,-94.320061,200.000000,32.060804149,126.000000000,5491.8297,-180.0000,-117.502144,161.727826,-6.111995,200.000000,32.037398168,126.000000000,300.0000,-180.0000,-62.360805,85.832284,-169.540405,200.000000
459,45.9000,32.000000000,126.000000000,0.0000,32.060690727,125.944836757,300.0000,-123.8120,99.852744,145.372405,-94.320165,200.000000,32.060703870,126.000000000,5508.4470,-180.0000,-117.502137,161.727817,-6.112345,200.000000,32.037217813,126.000000000,300.0000,-180.0000,-62.360491,85.831853,-169.540739,200.000000
460,46.0000,32.000000000,126.000000000,0.0000,32.060590365,125.944660792,300.0000,-123.8120,99.853287,145.371964,-94.320268,200.000000,32.060603590,126.000000000,5525.0644,-180.0000,-117.502131,161.727809,-6.112695,200.000000,32.037037459,126.000000000,300.0000,-180.0000,-62.360177,85.831421,-169.541073,200.000000
461,46.1000,32.000000000,126.000000000,0.0000,32.060490004,125.944484827,300.0000,-123.8120,99.853831,145.371524,-94.320372,200.000000,32.060503312,126.000000000,5541.6817,-180.0000,-117.502125,161.727800,-6.113045,200.000000,32.036857104,126.000000000,300.0000,-180.0000,-62.359864,85.830989,-169.541407,200.000000
462,46.2000,32.000000000,126.000000000,0.0000,32.060389642,125.944308862,300.0000,-123.8120,99.854374,145.371084,-94.320475,200.000000,32.060403033,126.000000000,5558.2991,-180.0000,-117.502119,161.727792,-6.113394,200.000000,32.036676749,126.000000000,300.0000,-180.0000,-62.359550,85.830557,-169.541741,200.000000
463,46.3000,32.000000000,126.000000000,0.0000,32.060289281,125.944132897,300.0000,-123.8120,99.854918,145.370643,-94.320579,200.000000,32.060302754,126.000000000,5574.9164,-180.0000,-117.502112,161.727783,-6.113744,200.000000,32.036496395,126.000000000,300.0000,-180.0000,-62.359236,85.830126,-169.542075,200.000000
464,46.4000,32.000000000,126.000000000,0.0000,32.060188919,125.943956932,300.0000,-123.8120,99.855461,145.370203,-94.320682,200.000000,32.060202476,126.000000000,5591.5338,-180.0000,-117.502106,161.727774,-6.114094,200.000000,32.036316040,126.000000000,300.0000,-180.0000,-62.358923,85.829694,-169.542409,200.000000
465,46.5000,32.000000000,126.000000000,0.0000,32.060088557,125.943780968,300.0000,-123.8120,99.856004,145.369762,-94.320786,200.000000,32.060102198,126.000000000,5608.1511,-180.0000,-117.502100,161.727766,-6.114444,200.000000,32.036135686,126.000000000,300.0000,-180.0000,-62.358609,85.829262,-169.542743,200.000000
466,46.6000,32.000000000,126.000000000,0.0000,32.059988196,125.943605004,300.0000,-123.8120,99.856548,145.369322,-94.320889,200.000000,32.060001921,126.000000000,5624.7685,-180.0000,-117.502093,161.727757,-6.114794,200.000000,32.035955331,126.000000000,300.0000,-180.0000,-62.358295,85.828830,-169.543077,200.000000
467,46.7000,32.000000000,126.000000000,0.0000,32.059887834,125.943429039,300.0000,-123.8120,99.857091,145.368881,-94.320993,200.000000,32.059901643,126.000000000,5641.3858,-180.0000,-117.502087,161.727748,-6.115144,200.000000,32.035774977,126.000000000,300.0000,-180.0000,-62.357982,85.828398,-169.543411,200.000000
468,46.8000,32.000000000,126.000000000,0.0000,32.059787473,125.943253076,300.0000,-123.8120,99.857635,145.368441,-94.321096,200.000000,32.059801366,126.000000000,5658.0032,-180.0000,-117.502081,161.727740,-6.115494,200.000000,32.035594622,126.000000000,300.0000,-180.0000,-62.357668,85.827967,-169.543745,200.000000
469,46.9000,32.000000000,126.000000000,0.0000,32.059687111,125.943077112,300.0000,-123.8120,99.858178,145.368001,-94.321200,200.000000,32.059701089,126.000000000,5674.6205,-180.0000,-117.502074,161.727731,-6.115844,200.000000,32.035414267,126.000000000,300.0000,-180.0000,-62.357354,85.827535,-169.544079,200.000000
470,47.0000,32.000000000,126.000000000,0.0000,32.059586750,125.942901148,300.0000,-123.8120,99.858722,145.367560,-94.321303,200.000000,32.059600813,126.000000000,5691.2379,-180.0000,-117.502068,161.727722,-6.116193,200.000000,32.035233913,126.000000000,300.0000,-180.0000,-62.357041,85.827103,-169.544413,200.000000
471,47.1000,32.000000000,126.000000000,0.0000,32.059486388,125.942725185,300.0000,-123.8120,99.859265,145.367120,-94.321406,200.000000,32.059500536,126.000000000,5707.8553,-180.0000,-117.502062,161.727714,-6.116543,200.000000,32.035053558,126.000000000,300.0000,-180.0000,-62.356727,85.826671,-169.544747,200.000000
472,47.2000,32.000000000,126.000000000,0.0000,32.059386027,125.942549222,300.0000,-123.8120,99.859808,145.366679,-94.321510,200.000000,32.059400260,126.000000000,5724.4726,-180.0000,-117.502056,161.727705,-6.116893,200.000000,32.034873204,126.000000000,300.0000,-180.0000,-62.356413,85.826240,-169.545081,200.000000
473,47.3000,32.000000000,126.000000000,0.0000,32.059285665,125.942373259,300.0000,-123.8120,99.860352,145.366239,-94.321613,200.000000,32.059299985,126.000000000,5741.0900,-180.0000,-117.502049,161.727696,-6.117243,200.000000,32.034692849,126.000000000,300.0000,-180.0000,-62.356099,85.825808,-169.545414,200.000000
474,47.4000,32.000000000,126.000000000,0.0000,32.059185303,125.942197296,300.0000,-123.8120,99.860895,145.365798,-94.321717,200.000000,32.059199709,126.000000000,5757.7073,-180.0000,-117.502043,161.727688,-6.117593,200.000000,32.034512495,126.000000000,300.0000,-180.0000,-62.355786,85.825376,-169.545748,200.000000
475,47.5000,32.000000000,126.000000000,0.0000,32.059084942,125.942021334,300.0000,-123.8120,99.861439,145.365358,-94.321820,200.000000,32.059099434,126.000000000,5774.3247,-180.0000,-117.502037,161.727679,-6.117943,200.000000,32.034332140,126.000000000,300.0000,-180.0000,-62.355472,85.824944,-169.546082,200.000000
476,47.6000,32.000000000,126.000000000,0.0000,32.058984580,125.941845372,300.0000,-123.8120,99.861982,145.364917,-94.321924,200.000000,32.058999159,126.000000000,5790.9420,-180.0000,-117.502030,161.727670,-6.118293,200.000000,32.034151785,126.000000000,300.0000,-180.0000,-62.355158,85.824513,-169.546416,200.000000
477,47.7000,32.000000000,126.000000000,0.0000,32.058884219,125.941669409,300.0000,-123.8120,99.862525,145.364477,-94.322027,200.000000,32.058898884,126.000000000,5807.5594,-180.0000,-117.502024,161.727662,-6.118642,200.000000,32.033971431,126.000000000,300.0000,-180.0000,-62.354845,85.824081,-169.546750,200.000000
478,47.8000,32.000000000,126.000000000,0.0000,32.058783857,125.941493447,300.0000,-123.8120,99.863069,145.364037,-94.322131,200.000000,32.058798609,126.000000000,5824.1767,-180.0000,-117.502018,161.727653,-6.118992,200.000000,32.033791076,126.000000000,300.0000,-180.0000,-62.354531,85.823649,-169.547084,200.000000
479,47.9000,32.000000000,126.000000000,0.0000,32.058683496,125.941317486,300.0000,-123.8120,99.863612,145.363596,-94.322234,200.000000,32.058698335,126.000000000,5840.7941,-180.0000,-117.502012,161.727644,-6.119342,200.000000,32.033610721,126.000000000,300.0000,-180.0000,-62.354217,85.823217,-169.547418,200.000000
480,48.0000,32.000000000,126.000000000,0.0000,32.058583134,125.941141524,300.0000,-123.8120,99.864156,145.363156,-94.322338,200.000000,32.058598061,126.000000000,5857.4114,-180.0000,-117.502005,161.727636,-6.119692,200.000000,32.033430367,126.000000000,300.0000,-180.0000,-62.353904,85.822786,-169.547752,200.000000
481,48.1000,32.000000000,126.000000000,0.0000,32.058482772,125.940965563,300.0000,-123.8120,99.864699,145.362715,-94.322441,200.000000,32.058497787,126.000000000,5874.0288,-180.0000,-117.501999,161.727627,-6.120042,200.000000,32.033250012,126.000000000,300.0000,-180.0000,-62.353590,85.822354,-169.548086,200.000000
482,48.2000,32.000000000,126.000000000,0.0000,32.058382411,125.940789602,300.0000,-123.8120,99.865242,145.362275,-94.322545,200.000000,32.058397514,126.000000000,5890.6461,-180.0000,-117.501993,161.727618,-6.120392,200.000000,32.033069658,126.000000000,300.0000,-180.0000,-62.353276,85.821922,-169.548420,200.000000
483,48.3000,32.000000000,126.000000000,0.0000,32.058282049,125.940613641,300.0000,-123.8120,99.865786,145.361834,-94.322648,200.000000,32.058297241,126.000000000,5907.2635,-180.0000,-117.501986,161.727610,-6.120742,200.000000,32.032889303,126.000000000,300.0000,-180.0000,-62.352962,85.821490,-169.548754,200.000000
484,48.4000,32.000000000,126.000000000,0.0000,32.058181688,125.940437680,300.0000,-123.8120,99.866329,145.361394,-94.322752,200.000000,32.058196968,126.000000000,5923.8808,-180.0000,-117.501980,161.727601,-6.121091,200.000000,32.032708948,126.000000000,300.0000,-180.0000,-62.352649,85.821058,-169.549088,200.000000
485,48.5000,32.000000000,126.000000000,0.0000,32.058081326,125.940261719,300.0000,-123.8120,99.866873,145.360953,-94.322855,200.000000,32.058096695,126.000000000,5940.4982,-180.0000,-117.501974,161.727592,-6.121441,200.000000,32.032528594,126.000000000,300.0000,-180.0000,-62.352335,85.820627,-169.549422,200.000000
486,48.6000,32.000000000,126.000000000,0.0000,32.057980965,125.940085759,300.0000,-123.8120,99.867416,145.360513,-94.322959,200.000000,32.057996423,126.000000000,5957.1155,-180.0000,-117.501967,161.727584,-6.121791,200.000000,32.032348239,126.000000000,300.0000,-180.0000,-62.352021,85.820195,-169.549755,200.000000
487,48.7000,32.000000000,126.000000000,0.0000,32.057880603,125.939909799,300.0000,-123.8120,99.867959,145.360072,-94.323062,200.000000,32.057896150,126.000000000,5973.7329,-180.0000,-117.501961,161.727575,-6.122141,200.000000,32.032167884,126.000000000,300.0000,-180.0000,-62.351708,85.819763,-169.550089,200.000000
488,48.8000,32.000000000,126.000000000,0.0000,32.057780241,125.939733839,300.0000,-123.8120,99.868503,145.359632,-94.323166,200.000000,32.057795879,126.000000000,5990.3502,-180.0000,-117.501955,161.727566,-6.122491,200.000000,32.031987530,126.000000000,300.0000,-180.0000,-62.351394,85.819331,-169.550423,200.000000
489,48.9000,32.000000000,126.000000000,0.0000,32.057679880,125.939557879,300.0000,-123.8120,99.869046,145.359191,-94.323269,200.000000,32.057695607,126.000000000,6006.9676,-180.0000,-117.501949,161.727558,-6.122841,200.000000,32.031807175,126.000000000,300.0000,-180.0000,-62.351080,85.818900,-169.550757,200.000000
490,49.0000,32.000000000,126.000000000,0.0000,32.057579518,125.939381919,300.0000,-123.8120,99.869590,145.358751,-94.323372,200.000000,32.057595335,126.000000000,6023.5849,-180.0000,-117.501942,161.727549,-6.123191,200.000000,32.031626820,126.000000000,300.0000,-180.0000,-62.350767,85.818468,-169.551091,200.000000
491,49.1000,32.000000000,126.000000000,0.0000,32.057479157,125.939205960,300.0000,-123.8120,99.870133,145.358310,-94.323476,200.000000,32.057495064,126.000000000,6040.2023,-180.0000,-117.501936,161.727540,-6.123540,200.000000,32.031446466,126.000000000,300.0000,-180.0000,-62.350453,85.818036,-169.551425,200.000000
492,49.2000,32.000000000,126.000000000,0.0000,32.057378795,125.939030000,300.0000,-123.8120,99.870676,145.357870,-94.323579,200.000000,32.057394793,126.000000000,6056.8196,-180.0000,-117.501930,161.727532,-6.123890,200.000000,32.031266111,126.000000000,300.0000,-180.0000,-62.350139,85.817604,-169.551759,200.000000
493,49.3000,32.000000000,126.000000000,0.0000,32.057278434,125.938854041,300.0000,-123.8120,99.871220,145.357430,-94.323683,200.000000,32.057294523,126.000000000,6073.4370,-180.0000,-117.501923,161.727523,-6.124240,200.000000,32.031085756,126.000000000,300.0000,-180.0000,-62.349825,85.817172,-169.552093,200.000000
494,49.4000,32.000000000,126.000000000,0.0000,32.057178072,125.938678082,300.0000,-123.8120,99.871763,145.356989,-94.323786,200.000000,32.057194253,126.000000000,6090.0544,-180.0000,-117.501917,161.727514,-6.124590,200.000000,32.030905401,126.000000000,300.0000,-180.0000,-62.349512,85.816741,-169.552427,200.000000
495,49.5000,32.000000000,126.000000000,0.0000,32.057077710,125.938502124,300.0000,-123.8120,99.872306,145.356549,-94.323890,200.000000,32.057093982,126.000000000,6106.6717,-180.0000,-117.501911,161.727506,-6.124940,200.000000,32.030725047,126.000000000,300.0000,-180.0000,-62.349198,85.816309,-169.552761,200.000000
496,49.6000,32.000000000,126.000000000,0.0000,32.056977349,125.938326165,300.0000,-123.8120,99.872850,145.356108,-94.323993,200.000000,32.056993713,126.000000000,6123.2891,-180.0000,-117.501904,161.727497,-6.125290,200.000000,32.030544692,126.000000000,300.0000,-180.0000,-62.348884,85.815877,-169.553095,200.000000
497,49.7000,32.000000000,126.000000000,0.0000,32.056876987,125.938150207,300.0000,-123.8120,99.873393,145.355668,-94.324097,200.000000,32.056893443,126.000000000,6139.9064,-180.0000,-117.501898,161.727488,-6.125640,200.000000,32.030364337,126.000000000,300.0000,-180.0000,-62.348571,85.815445,-169.553428,200.000000
498,49.8000,32.000000000,126.000000000,0.0000,32.056776626,125.937974249,300.0000,-123.8120,99.873937,145.355227,-94.324200,200.000000,32.056793174,126.000000000,6156.5238,-180.0000,-117.501892,161.727480,-6.125989,200.000000,32.030183983,126.000000000,300.0000,-180.0000,-62.348257,85.815013,-169.553762,200.000000
499,49.9000,32.000000000,126.000000000,0.0000,32.056676264,125.937798291,300.0000,-123.8120,99.874480,145.354787,-94.324304,200.000000,32.056692905,126.000000000,6173.1411,-180.0000,-117.501886,161.727471,-6.126339,200.000000,32.030003628,126.000000000,300.0000,-180.0000,-62.347943,85.814582,-169.554096,200.000000
500,50.0000,32.000000000,126.000000000,0.0000,32.056575902,125.937622333,300.0000,-123.8120,99.875023,145.354346,-94.324407,200.000000,32.056592636,126.000000000,6189.7585,-180.0000,-117.501879,161.727462,-6.126689,200.000000,32.029823273,126.000000000,300.0000,-180.0000,-62.347629,85.814150,-169.554430,200.000000
501,50.1000,32.000000000,126.000000000,0.0000,32.056475541,125.937446376,300.0000,-123.8120,99.875567,145.353906,-94.324511,200.000000,32.056492367,126.000000000,6206.3758,-180.0000,-117.501873,161.727454,-6.127039,200.000000,32.029642918,126.000000000,300.0000,-180.0000,-62.347316,85.813718,-169.554764,200.000000
502,50.2000,32.000000000,126.000000000,0.0000,32.056375179,125.937270418,300.0000,-123.8120,99.876110,145.353465,-94.324614,200.000000,32.056392099,126.000000000,6222.9932,-180.0000,-117.501867,161.727445,-6.127389,200.000000,32.029462564,126.000000000,300.0000,-180.0000,-62.347002,85.813286,-169.555098,200.000000
503,50.3000,32.000000000,126.000000000,0.0000,32.056274818,125.937094461,300.0000,-123.8120,99.876653,145.353025,-94.324718,200.000000,32.056291831,126.000000000,6239.6105,-180.0000,-117.501860,161.727436,-6.127739,200.000000,32.029282209,126.000000000,300.0000,-180.0000,-62.346688,85.812855,-169.555432,200.000000
504,50.4000,32.000000000,126.000000000,0.0000,32.056174456,125.936918504,300.0000,-123.8120,99.877197,145.352584,-94.324821,200.000000,32.056191563,126.000000000,6256.2279,-180.0000,-117.501854,161.727428,-6.128088,200.000000,32.029101854,126.000000000,300.0000,-180.0000,-62.346375,85.812423,-169.555766,200.000000
505,50.5000,32.000000000,126.000000000,0.0000,32.056074094,125.936742547,300.0000,-123.8120,99.877740,145.352144,-94.324925,200.000000,32.056091296,126.000000000,6272.8452,-180.0000,-117.501848,161.727419,-6.128438,200.000000,32.028921499,126.000000000,300.0000,-180.0000,-62.346061,85.811991,-169.556100,200.000000
506,50.6000,32.000000000,126.000000000,0.0000,32.055973733,125.936566591,300.0000,-123.8120,99.878283,145.351703,-94.325028,200.000000,32.055991029,126.000000000,6289.4626,-180.0000,-117.501841,161.727410,-6.128788,200.000000,32.028741145,126.000000000,300.0000,-180.0000,-62.345747,85.811559,-169.556433,200.000000
507,50.7000,32.000000000,126.000000000,0.0000,32.055873371,125.936390635,300.0000,-123.8120,99.878827,145.351263,-94.325131,200.000000,32.055890762,126.000000000,6306.0799,-180.0000,-117.501835,161.727402,-6.129138,200.000000,32.028560790,126.000000000,300.0000,-180.0000,-62.345433,85.811127,-169.556767,200.000000
508,50.8000,32.000000000,126.000000000,0.0000,32.055773009,125.936214678,300.0000,-123.8120,99.879370,145.350822,-94.325235,200.000000,32.055790495,126.000000000,6322.6973,-180.0000,-117.501829,161.727393,-6.129488,200.000000,32.028380435,126.000000000,300.0000,-180.0000,-62.345120,85.810696,-169.557101,200.000000
509,50.9000,32.000000000,126.000000000,0.0000,32.055672648,125.936038722,300.0000,-123.8120,99.879913,145.350382,-94.325338,200.000000,32.055690229,126.000000000,6339.3146,-180.0000,-117.501823,161.727384,-6.129838,200.000000,32.028200080,126.000000000,300.0000,-180.0000,-62.344806,85.810264,-169.557435,200.000000
510,51.0000,32.000000000,126.000000000,0.0000,32.055572286,125.935862767,300.0000,-123.8120,99.880457,145.349941,-94.325442,200.000000,32.055589962,126.000000000,6355.9320,-180.0000,-117.501816,161.727375,-6.130187,200.000000,32.028019725,126.000000000,300.0000,-180.0000,-62.344492,85.809832,-169.557769,200.000000
511,51.1000,32.000000000,126.000000000,0.0000,32.055471925,125.935686811,300.0000,-123.8120,99.881000,145.349501,-94.325545,200.000000,32.055489696,126.000000000,6372.5493,-180.0000,-117.501810,161.727367,-6.130537,200.000000,32.027839371,126.000000000,300.0000,-180.0000,-62.344179,85.809400,-169.558103,200.000000
512,51.2000,32.000000000,126.000000000,0.0000,32.055371563,125.935510856,300.0000,-123.8120,99.881543,145.349060,-94.325649,200.000000,32.055389431,126.000000000,6389.1667,-180.0000,-117.501804,161.727358,-6.130887,200.000000,32.027659016,126.000000000,300.0000,-180.0000,-62.343865,85.808968,-169.558437,200.000000
513,51.3000,32.000000000,126.000000000,0.0000,32.055271201,125.935334900,300.0000,-123.8120,99.882087,145.348620,-94.325752,200.000000,32.055289165,126.000000000,6405.7840,-180.0000,-117.501797,161.727349,-6.131237,200.000000,32.027478661,126.000000000,300.0000,-180.0000,-62.343551,85.808537,-169.558771,200.000000
514,51.4000,32.000000000,126.000000000,0.0000,32.055170840,125.935158945,300.0000,-123.8120,99.882630,145.348179,-94.325856,200.000000,32.055188900,126.000000000,6422.4014,-180.0000,-117.501791,161.727341,-6.131587,200.000000,32.027298306,126.000000000,300.0000,-180.0000,-62.343237,85.808105,-169.559104,200.000000
515,51.5000,32.000000000,126.000000000,0.0000,32.055070478,125.934982990,300.0000,-123.8120,99.883173,145.347739,-94.325959,200.000000,32.055088635,126.000000000,6439.0187,-180.0000,-117.501785,161.727332,-6.131937,200.000000,32.027117951,126.000000000,300.0000,-180.0000,-62.342924,85.807673,-169.559438,200.000000
516,51.6000,32.000000000,126.000000000,0.0000,32.054970116,125.934807036,300.0000,-123.8120,99.883717,145.347298,-94.326063,200.000000,32.054988371,126.000000000,6455.6361,-180.0000,-117.501778,161.727323,-6.132286,200.000000,32.026937597,126.000000000,300.0000,-180.0000,-62.342610,85.807241,-169.559772,200.000000
517,51.7000,32.000000000,126.000000000,0.0000,32.054869755,125.934631081,300.0000,-123.8120,99.884260,145.346857,-94.326166,200.000000,32.054888106,126.000000000,6472.2534,-180.0000,-117.501772,161.727315,-6.132636,200.000000,32.026757242,126.000000000,300.0000,-180.0000,-62.342296,85.806809,-169.560106,200.000000
518,51.8000,32.000000000,126.000000000,0.0000,32.054769393,125.934455127,300.0000,-123.8120,99.884803,145.346417,-94.326270,200.000000,32.054787842,126.000000000,6488.8708,-180.0000,-117.501766,161.727306,-6.132986,200.000000,32.026576887,126.000000000,300.0000,-180.0000,-62.341982,85.806378,-169.560440,200.000000
519,51.9000,32.000000000,126.000000000,0.0000,32.054669032,125.934279173,300.0000,-123.8120,99.885347,145.345976,-94.326373,200.000000,32.054687578,126.000000000,6505.4882,-180.0000,-117.501759,161.727297,-6.133336,200.000000,32.026396532,126.000000000,300.0000,-180.0000,-62.341669,85.805946,-169.560774,200.000000
520,52.0000,32.000000000,126.000000000,0.0000,32.054568670,125.934103219,300.0000,-123.8120,99.885890,145.345536,-94.326477,200.000000,32.054587315,126.000000000,6522.1055,-180.0000,-117.501753,161.727289,-6.133686,200.000000,32.026216177,126.000000000,300.0000,-180.0000,-62.341355,85.805514,-169.561108,200.000000
521,52.1000,32.000000000,126.000000000,0.0000,32.054468308,125.933927265,300.0000,-123.8120,99.886433,145.345095,-94.326580,200.000000,32.054487052,126.000000000,6538.7229,-180.0000,-117.501747,161.727280,-6.134035,200.000000,32.026035822,126.000000000,300.0000,-180.0000,-62.341041,85.805082,-169.561442,200.000000
522,52.2000,32.000000000,126.000000000,0.0000,32.054367947,125.933751312,300.0000,-123.8120,99.886977,145.344655,-94.326683,200.000000,32.054386788,126.000000000,6555.3402,-180.0000,-117.501741,161.727271,-6.134385,200.000000,32.025855468,126.000000000,300.0000,-180.0000,-62.340728,85.804650,-169.561775,200.000000
523,52.3000,32.000000000,126.000000000,0.0000,32.054267585,125.933575359,300.0000,-123.8120,99.887520,145.344214,-94.326787,200.000000,32.054286526,126.000000000,6571.9576,-180.0000,-117.501734,161.727263,-6.134735,200.000000,32.025675113,126.000000000,300.0000,-180.0000,-62.340414,85.804219,-169.562109,200.000000
524,52.4000,32.000000000,126.000000000,0.0000,32.054167223,125.933399405,300.0000,-123.8120,99.888063,145.343774,-94.326890,200.000000,32.054186263,126.000000000,6588.5749,-180.0000,-117.501728,161.727254,-6.135085,200.000000,32.025494758,126.000000000,300.0000,-180.0000,-62.340100,85.803787,-169.562443,200.000000
525,52.5000,32.000000000,126.000000000,0.0000,32.054066862,125.933223453,300.0000,-123.8120,99.888607,145.343333,-94.326994,200.000000,32.054086001,126.000000000,6605.1923,-180.0000,-117.501722,161.727245,-6.135435,200.000000,32.025314403,126.000000000,300.0000,-180.0000,-62.339786,85.803355,-169.562777,200.000000
526,52.6000,32.000000000,126.000000000,0.0000,32.053966500,125.933047500,300.0000,-123.8120,99.889150,145.342893,-94.327097,200.000000,32.053985739,126.000000000,6621.8096,-180.0000,-117.501715,161.727237,-6.135785,200.000000,32.025134048,126.000000000,300.0000,-180.0000,-62.339473,85.802923,-169.563111,200.000000
527,52.7000,32.000000000,126.000000000,0.0000,32.053866138,125.932871547,300.0000,-123.8120,99.889693,145.342452,-94.327201,200.000000,32.053885477,126.000000000,6638.4270,-180.0000,-117.501709,161.727228,-6.136134,200.000000,32.024953693,126.000000000,300.0000,-180.0000,-62.339159,85.802491,-169.563445,200.000000
528,52.8000,32.000000000,126.000000000,0.0000,32.053765777,125.932695595,300.0000,-123.8120,99.890236,145.342012,-94.327304,200.000000,32.053785216,126.000000000,6655.0443,-180.0000,-117.501703,161.727219,-6.136484,200.000000,32.024773338,126.000000000,300.0000,-180.0000,-62.338845,85.802059,-169.563778,200.000000
529,52.9000,32.000000000,126.000000000,0.0000,32.053665415,125.932519643,300.0000,-123.8120,99.890780,145.341571,-94.327408,200.000000,32.053684954,126.000000000,6671.6617,-180.0000,-117.501696,161.727211,-6.136834,200.000000,32.024592983,126.000000000,300.0000,-180.0000,-62.338531,85.801628,-169.564112,200.000000
530,53.0000,32.000000000,126.000000000,0.0000,32.053565054,125.932343691,300.0000,-123.8120,99.891323,145.341130,-94.327511,200.000000,32.053584693,126.000000000,6688.2790,-180.0000,-117.501690,161.727202,-6.137184,200.000000,32.024412629,126.000000000,300.0000,-180.0000,-62.338218,85.801196,-169.564446,200.000000
531,53.1000,32.000000000,126.000000000,0.0000,32.053464692,125.932167739,300.0000,-123.8120,99.891866,145.340690,-94.327615,200.000000,32.053484433,126.000000000,6704.8964,-180.0000,-117.501684,161.727193,-6.137534,200.000000,32.024232274,126.000000000,300.0000,-180.0000,-62.337904,85.800764,-169.564780,200.000000
532,53.2000,32.000000000,126.000000000,0.0000,32.053364330,125.931991787,300.0000,-123.8120,99.892410,145.340249,-94.327718,200.000000,32.053384172,126.000000000,6721.5137,-180.0000,-117.501677,161.727184,-6.137883,200.000000,32.024051919,126.000000000,300.0000,-180.0000,-62.337590,85.800332,-169.565114,200.000000
533,53.3000,32.000000000,126.000000000,0.0000,32.053263969,125.931815836,300.0000,-123.8120,99.892953,145.339809,-94.327822,200.000000,32.053283912,126.000000000,6738.1311,-180.0000,-117.501671,161.727176,-6.138233,200.000000,32.023871564,126.000000000,300.0000,-180.0000,-62.337277,85.799900,-169.565448,200.000000
534,53.4000,32.000000000,126.000000000,0.0000,32.053163607,125.931639885,300.0000,-123.8120,99.893496,145.339368,-94.327925,200.000000,32.053183652,126.000000000,6754.7484,-180.0000,-117.501665,161.727167,-6.138583,200.000000,32.023691209,126.000000000,300.0000,-180.0000,-62.336963,85.799469,-169.565782,200.000000
535,53.5000,32.000000000,126.000000000,0.0000,32.053063245,125.931463934,300.0000,-123.8120,99.894040,145.338928,-94.328028,200.000000,32.053083392,126.000000000,6771.3658,-180.0000,-117.501658,161.727158,-6.138933,200.000000,32.023510854,126.000000000,300.0000,-180.0000,-62.336649,85.799037,-169.566115,200.000000
536,53.6000,32.000000000,126.000000000,0.0000,32.052962884,125.931287983,300.0000,-123.8120,99.894583,145.338487,-94.328132,200.000000,32.052983133,126.000000000,6787.9831,-180.0000,-117.501652,161.727150,-6.139283,200.000000,32.023330499,126.000000000,300.0000,-180.0000,-62.336335,85.798605,-169.566449,200.000000
537,53.7000,32.000000000,126.000000000,0.0000,32.052862522,125.931112032,300.0000,-123.8120,99.895126,145.338047,-94.328235,200.000000,32.052882874,126.000000000,6804.6005,-180.0000,-117.501646,161.727141,-6.139632,200.000000,32.023150144,126.000000000,300.0000,-180.0000,-62.336022,85.798173,-169.566783,200.000000
538,53.8000,32.000000000,126.000000000,0.0000,32.052762160,125.930936082,300.0000,-123.8120,99.895669,145.337606,-94.328339,200.000000,32.052782615,126.000000000,6821.2178,-180.0000,-117.501640,161.727132,-6.139982,200.000000,32.022969789,126.000000000,300.0000,-180.0000,-62.335708,85.797741,-169.567117,200.000000
539,53.9000,32.000000000,126.000000000,0.0000,32.052661799,125.930760132,300.0000,-123.8120,99.896213,145.337166,-94.328442,200.000000,32.052682356,126.000000000,6837.8352,-180.0000,-117.501633,161.727124,-6.140332,200.000000,32.022789434,126.000000000,300.0000,-180.0000,-62.335394,85.797309,-169.567451,200.000000
540,54.0000,32.000000000,126.000000000,0.0000,32.052561437,125.930584182,300.0000,-123.8120,99.896756,145.336725,-94.328546,200.000000,32.052582098,126.000000000,6854.4525,-180.0000,-117.501627,161.727115,-6.140682,200.000000,32.022609079,126.000000000,300.0000,-180.0000,-62.335080,85.796878,-169.567784,200.000000
541,54.1000,32.000000000,126.000000000,0.0000,32.052461075,125.930408232,300.0000,-123.8120,99.897299,145.336284,-94.328649,200.000000,32.052481840,126.000000000,6871.0699,-180.0000,-117.501621,161.727106,-6.141032,200.000000,32.022428724,126.000000000,300.0000,-180.0000,-62.334767,85.796446,-169.568118,200.000000
542,54.2000,32.000000000,126.000000000,0.0000,32.052360714,125.930232282,300.0000,-123.8120,99.897842,145.335844,-94.328753,200.000000,32.052381582,126.000000000,6887.6873,-180.0000,-117.501614,161.727098,-6.141381,200.000000,32.022248370,126.000000000,300.0000,-180.0000,-62.334453,85.796014,-169.568452,200.000000
543,54.3000,32.000000000,126.000000000,0.0000,32.052260352,125.930056333,300.0000,-123.8120,99.898386,145.335403,-94.328856,200.000000,32.052281324,126.000000000,6904.3046,-180.0000,-117.501608,161.727089,-6.141731,200.000000,32.022068015,126.000000000,300.0000,-180.0000,-62.334139,85.795582,-169.568786,200.000000
544,54.4000,32.000000000,126.000000000,0.0000,32.052159990,125.929880384,300.0000,-123.8120,99.898929,145.334963,-94.328960,200.000000,32.052181067,126.000000000,6920.9220,-180.0000,-117.501602,161.727080,-6.142081,200.000000,32.021887660,126.000000000,300.0000,-180.0000,-62.333825,85.795150,-169.569120,200.000000
545,54.5000,32.000000000,126.000000000,0.0000,32.052059629,125.929704434,300.0000,-123.8120,99.899472,145.334522,-94.329063,200.000000,32.052080810,126.000000000,6937.5393,-180.0000,-117.501595,161.727071,-6.142431,200.000000,32.021707305,126.000000000,300.0000,-180.0000,-62.333512,85.794719,-169.569454,200.000000
546,54.6000,32.000000000,126.000000000,0.0000,32.051959267,125.929528486,300.0000,-123.8120,99.900016,145.334082,-94.329166,200.000000,32.051980553,126.000000000,6954.1567,-180.0000,-117.501589,161.727063,-6.142781,200.000000,32.021526950,126.000000000,300.0000,-180.0000,-62.333198,85.794287,-169.569787,200.000000
547,54.7000,32.000000000,126.000000000,0.0000,32.051858905,125.929352537,300.0000,-123.8120,99.900559,145.333641,-94.329270,200.000000,32.051880297,126.000000000,6970.7740,-180.0000,-117.501583,161.727054,-6.143130,200.000000,32.021346595,126.000000000,300.0000,-180.0000,-62.332884,85.793855,-169.570121,200.000000
548,54.8000,32.000000000,126.000000000,0.0000,32.051758544,125.929176588,300.0000,-123.8120,99.901102,145.333200,-94.329373,200.000000,32.051780040,126.000000000,6987.3914,-180.0000,-117.501576,161.727045,-6.143480,200.000000,32.021166240,126.000000000,300.0000,-180.0000,-62.332570,85.793423,-169.570455,200.000000
549,54.9000,32.000000000,126.000000000,0.0000,32.051658182,125.929000640,300.0000,-123.8120,99.901645,145.332760,-94.329477,200.000000,32.051679784,126.000000000,7004.0087,-180.0000,-117.501570,161.727037,-6.143830,200.000000,32.020985885,126.000000000,300.0000,-180.0000,-62.332257,85.792991,-169.570789,200.000000
550,55.0000,32.000000000,126.000000000,0.0000,32.051557820,125.928824692,300.0000,-123.8120,99.902189,145.332319,-94.329580,200.000000,32.051579529,126.000000000,7020.6261,-180.0000,-117.501564,161.727028,-6.144180,200.000000,32.020805530,126.000000000,300.0000,-180.0000,-62.331943,85.792559,-169.571123,200.000000
551,55.1000,32.000000000,126.000000000,0.0000,32.051457458,125.928648744,300.0000,-123.8120,99.902732,145.331879,-94.329684,200.000000,32.051479273,126.000000000,7037.2434,-180.0000,-117.501557,161.727019,-6.144530,200.000000,32.020625175,126.000000000,300.0000,-180.0000,-62.331629,85.792128,-169.571456,200.000000
552,55.2000,32.000000000,126.000000000,0.0000,32.051357097,125.928472796,300.0000,-123.8120,99.903275,145.331438,-94.329787,200.000000,32.051379018,126.000000000,7053.8608,-180.0000,-117.501551,161.727011,-6.144879,200.000000,32.020444820,126.000000000,300.0000,-180.0000,-62.331315,85.791696,-169.571790,200.000000
553,55.3000,32.000000000,126.000000000,0.0000,32.051256735,125.928296849,300.0000,-123.8120,99.903818,145.330997,-94.329891,200.000000,32.051278763,126.000000000,7070.4781,-180.0000,-117.501545,161.727002,-6.145229,200.000000,32.020264465,126.000000000,300.0000,-180.0000,-62.331002,85.791264,-169.572124,200.000000
554,55.4000,32.000000000,126.000000000,0.0000,32.051156373,125.928120901,300.0000,-123.8120,99.904362,145.330557,-94.329994,200.000000,32.051178508,126.000000000,7087.0955,-180.0000,-117.501538,161.726993,-6.145579,200.000000,32.020084110,126.000000000,300.0000,-180.0000,-62.330688,85.790832,-169.572458,200.000000
555,55.5000,32.000000000,126.000000000,0.0000,32.051056012,125.927944954,300.0000,-123.8120,99.904905,145.330116,-94.330098,200.000000,32.051078254,126.000000000,7103.7128,-180.0000,-117.501532,161.726984,-6.145929,200.000000,32.019903755,126.000000000,300.0000,-180.0000,-62.330374,85.790400,-169.572792,200.000000
556,55.6000,32.000000000,126.000000000,0.0000,32.050955650,125.927769007,300.0000,-123.8120,99.905448,145.329676,-94.330201,200.000000,32.050977999,126.000000000,7120.3302,-180.0000,-117.501526,161.726976,-6.146279,200.000000,32.019723400,126.000000000,300.0000,-180.0000,-62.330060,85.789968,-169.573125,200.000000
557,55.7000,32.000000000,126.000000000,0.0000,32.050855288,125.927593061,300.0000,-123.8120,99.905991,145.329235,-94.330304,200.000000,32.050877746,126.000000000,7136.9475,-180.0000,-117.501519,161.726967,-6.146628,200.000000,32.019543045,126.000000000,300.0000,-180.0000,-62.329747,85.789537,-169.573459,200.000000
558,55.8000,32.000000000,126.000000000,0.0000,32.050754927,125.927417114,300.0000,-123.8120,99.906534,145.328794,-94.330408,200.000000,32.050777492,126.000000000,7153.5649,-180.0000,-117.501513,161.726958,-6.146978,200.000000,32.019362690,126.000000000,300.0000,-180.0000,-62.329433,85.789105,-169.573793,200.000000
559,55.9000,32.000000000,126.000000000,0.0000,32.050654565,125.927241168,300.0000,-123.8120,99.907078,145.328354,-94.330511,200.000000,32.050677238,126.000000000,7170.1822,-180.0000,-117.501507,161.726950,-6.147328,200.000000,32.019182335,126.000000000,300.0000,-180.0000,-62.329119,85.788673,-169.574127,200.000000
560,56.0000,32.000000000,126.000000000,0.0000,32.050554203,125.927065221,300.0000,-123.8120,99.907621,145.327913,-94.330615,200.000000,32.050576985,126.000000000,7186.7996,-180.0000,-117.501501,161.726941,-6.147678,200.000000,32.019001980,126.000000000,300.0000,-180.0000,-62.328805,85.788241,-169.574461,200.000000
561,56.1000,32.000000000,126.000000000,0.0000,32.050453842,125.926889275,300.0000,-123.8120,99.908164,145.327473,-94.330718,200.000000,32.050476732,126.000000000,7203.4169,-180.0000,-117.501494,161.726932,-6.148028,200.000000,32.018821624,126.000000000,300.0000,-180.0000,-62.328492,85.787809,-169.574794,200.000000
562,56.2000,32.000000000,126.000000000,0.0000,32.050353480,125.926713330,300.0000,-123.8120,99.908707,145.327032,-94.330822,200.000000,32.050376480,126.000000000,7220.0343,-180.0000,-117.501488,161.726924,-6.148377,200.000000,32.018641269,126.000000000,300.0000,-180.0000,-62.328178,85.787377,-169.575128,200.000000
563,56.3000,32.000000000,126.000000000,0.0000,32.050253118,125.926537384,300.0000,-123.8120,99.909251,145.326591,-94.330925,200.000000,32.050276227,126.000000000,7236.6516,-180.0000,-117.501482,161.726915,-6.148727,200.000000,32.018460914,126.000000000,300.0000,-180.0000,-62.327864,85.786945,-169.575462,200.000000
564,56.4000,32.000000000,126.000000000,0.0000,32.050152756,125.926361438,300.0000,-123.8120,99.909794,145.326151,-94.331029,200.000000,32.050175975,126.000000000,7253.2690,-180.0000,-117.501475,161.726906,-6.149077,200.000000,32.018280559,126.000000000,300.0000,-180.0000,-62.327550,85.786514,-169.575796,200.000000
565,56.5000,32.000000000,126.000000000,0.0000,32.050052395,125.926185493,300.0000,-123.8120,99.910337,145.325710,-94.331132,200.000000,32.050075723,126.000000000,7269.8864,-180.0000,-117.501469,161.726897,-6.149427,200.000000,32.018100204,126.000000000,300.0000,-180.0000,-62.327237,85.786082,-169.576130,200.000000
566,56.6000,32.000000000,126.000000000,0.0000,32.049952033,125.926009548,300.0000,-123.8120,99.910880,145.325270,-94.331236,200.000000,32.049975472,126.000000000,7286.5037,-180.0000,-117.501463,161.726889,-6.149776,200.000000,32.017919849,126.000000000,300.0000,-180.0000,-62.326923,85.785650,-169.576463,200.000000
567,56.7000,32.000000000,126.000000000,0.0000,32.049851671,125.925833603,300.0000,-123.8120,99.911424,145.324829,-94.331339,200.000000,32.049875220,126.000000000,7303.1211,-180.0000,-117.501456,161.726880,-6.150126,200.000000,32.017739494,126.000000000,300.0000,-180.0000,-62.326609,85.785218,-169.576797,200.000000
568,56.8000,32.000000000,126.000000000,0.0000,32.049751310,125.925657659,300.0000,-123.8120,99.911967,145.324388,-94.331442,200.000000,32.049774969,126.000000000,7319.7384,-180.0000,-117.501450,161.726871,-6.150476,200.000000,32.017559139,126.000000000,300.0000,-180.0000,-62.326295,85.784786,-169.577131,200.000000
569,56.9000,32.000000000,126.000000000,0.0000,32.049650948,125.925481714,300.0000,-123.8120,99.912510,145.323948,-94.331546,200.000000,32.049674718,126.000000000,7336.3558,-180.0000,-117.501444,161.726863,-6.150826,200.000000,32.017378784,126.000000000,300.0000,-180.0000,-62.325982,85.784354,-169.577465,200.000000
570,57.0000,32.000000000,126.000000000,0.0000,32.049550586,125.925305770,300.0000,-123.8120,99.913053,145.323507,-94.331649,200.000000,32.049574468,126.000000000,7352.9731,-180.0000,-117.501437,161.726854,-6.151176,200.000000,32.017198429,126.000000000,300.0000,-180.0000,-62.325668,85.783923,-169.577799,200.000000
571,57.1000,32.000000000,126.000000000,0.0000,32.049450224,125.925129826,300.0000,-123.8120,99.913596,145.323067,-94.331753,200.000000,32.049474218,126.000000000,7369.5905,-180.0000,-117.501431,161.726845,-6.151525,200.000000,32.017018074,126.000000000,300.0000,-180.0000,-62.325354,85.783491,-169.578132,200.000000
572,57.2000,32.000000000,126.000000000,0.0000,32.049349863,125.924953882,300.0000,-123.8120,99.914140,145.322626,-94.331856,200.000000,32.049373968,126.000000000,7386.2078,-180.0000,-117.501425,161.726836,-6.151875,200.000000,32.016837719,126.000000000,300.0000,-180.0000,-62.325040,85.783059,-169.578466,200.000000
573,57.3000,32.000000000,126.000000000,0.0000,32.049249501,125.924777938,300.0000,-123.8120,99.914683,145.322185,-94.331960,200.000000,32.049273718,126.000000000,7402.8252,-180.0000,-117.501418,161.726828,-6.152225,200.000000,32.016657363,126.000000000,300.0000,-180.0000,-62.324727,85.782627,-169.578800,200.000000
574,57.4000,32.000000000,126.000000000,0.0000,32.049149139,125.924601995,300.0000,-123.8120,99.915226,145.321745,-94.332063,200.000000,32.049173468,126.000000000,7419.4425,-180.0000,-117.501412,161.726819,-6.152575,200.000000,32.016477008,126.000000000,300.0000,-180.0000,-62.324413,85.782195,-169.579134,200.000000
575,57.5000,32.000000000,126.000000000,0.0000,32.049048778,125.924426051,300.0000,-123.8120,99.915769,145.321304,-94.332167,200.000000,32.049073219,126.000000000,7436.0599,-180.0000,-117.501406,161.726810,-6.152924,200.000000,32.016296653,126.000000000,300.0000,-180.0000,-62.324099,85.781763,-169.579467,200.000000
576,57.6000,32.000000000,126.000000000,0.0000,32.048948416,125.924250108,300.0000,-123.8120,99.916312,145.320863,-94.332270,200.000000,32.048972970,126.000000000,7452.6772,-180.0000,-117.501399,161.726802,-6.153274,200.000000,32.016116298,126.000000000,300.0000,-180.0000,-62.323785,85.781331,-169.579801,200.000000
577,57.7000,32.000000000,126.000000000,0.0000,32.048848054,125.924074165,300.0000,-123.8120,99.916856,145.320423,-94.332373,200.000000,32.048872721,126.000000000,7469.2946,-180.0000,-117.501393,161.726793,-6.153624,200.000000,32.015935943,126.000000000,300.0000,-180.0000,-62.323472,85.780900,-169.580135,200.000000
578,57.8000,32.000000000,126.000000000,0.0000,32.048747692,125.923898223,300.0000,-123.8120,99.917399,145.319982,-94.332477,200.000000,32.048772473,126.000000000,7485.9119,-180.0000,-117.501387,161.726784,-6.153974,200.000000,32.015755588,126.000000000,300.0000,-180.0000,-62.323158,85.780468,-169.580469,200.000000
579,57.9000,32.000000000,126.000000000,0.0000,32.048647331,125.923722280,300.0000,-123.8120,99.917942,145.319542,-94.332580,200.000000,32.048672225,126.000000000,7502.5293,-180.0000,-117.501380,161.726776,-6.154323,200.000000,32.015575233,126.000000000,300.0000,-180.0000,-62.322844,85.780036,-169.580802,200.000000
580,58.0000,32.000000000,126.000000000,0.0000,32.048546969,125.923546338,300.0000,-123.8120,99.918485,145.319101,-94.332684,200.000000,32.048571977,126.000000000,7519.1466,-180.0000,-117.501374,161.726767,-6.154673,200.000000,32.015394878,126.000000000,300.0000,-180.0000,-62.322530,85.779604,-169.581136,200.000000
581,58.1000,32.000000000,126.000000000,0.0000,32.048446607,125.923370396,300.0000,-123.8120,99.919028,145.318660,-94.332787,200.000000,32.048471729,126.000000000,7535.7640,-180.0000,-117.501368,161.726758,-6.155023,200.000000,32.015214522,126.000000000,300.0000,-180.0000,-62.322217,85.779172,-169.581470,200.000000
582,58.2000,32.000000000,126.000000000,0.0000,32.048346246,125.923194454,300.0000,-123.8120,99.919571,145.318220,-94.332891,200.000000,32.048371482,126.000000000,7552.3813,-180.0000,-117.501361,161.726749,-6.155373,200.000000,32.015034167,126.000000000,300.0000,-180.0000,-62.321903,85.778740,-169.581804,200.000000
583,58.3000,32.000000000,126.000000000,0.0000,32.048245884,125.923018512,300.0000,-123.8120,99.920115,145.317779,-94.332994,200.000000,32.048271234,126.000000000,7568.9987,-180.0000,-117.501355,161.726741,-6.155723,200.000000,32.014853812,126.000000000,300.0000,-180.0000,-62.321589,85.778308,-169.582137,200.000000
584,58.4000,32.000000000,126.000000000,0.0000,32.048145522,125.922842570,300.0000,-123.8120,99.920658,145.317338,-94.333098,200.000000,32.048170987,126.000000000,7585.6160,-180.0000,-117.501349,161.726732,-6.156072,200.000000,32.014673457,126.000000000,300.0000,-180.0000,-62.321275,85.777877,-169.582471,200.000000
585,58.5000,32.000000000,126.000000000,0.0000,32.048045160,125.922666629,300.0000,-123.8120,99.921201,145.316898,-94.333201,200.000000,32.048070741,126.000000000,7602.2334,-180.0000,-117.501342,161.726723,-6.156422,200.000000,32.014493102,126.000000000,300.0000,-180.0000,-62.320962,85.777445,-169.582805,200.000000
586,58.6000,32.000000000,126.000000000,0.0000,32.047944799,125.922490688,300.0000,-123.8120,99.921744,145.316457,-94.333305,200.000000,32.047970494,126.000000000,7618.8507,-180.0000,-117.501336,161.726715,-6.156772,200.000000,32.014312747,126.000000000,300.0000,-180.0000,-62.320648,85.777013,-169.583139,200.000000
587,58.7000,32.000000000,126.000000000,0.0000,32.047844437,125.922314747,300.0000,-123.8120,99.922287,145.316016,-94.333408,200.000000,32.047870248,126.000000000,7635.4681,-180.0000,-117.501330,161.726706,-6.157122,200.000000,32.014132391,126.000000000,300.0000,-180.0000,-62.320334,85.776581,-169.583472,200.000000
588,58.8000,32.000000000,126.000000000,0.0000,32.047744075,125.922138806,300.0000,-123.8120,99.922831,145.315576,-94.333511,200.000000,32.047770002,126.000000000,7652.0855,-180.0000,-117.501323,161.726697,-6.157471,200.000000,32.013952036,126.000000000,300.0000,-180.0000,-62.320020,85.776149,-169.583806,200.000000
589,58.9000,32.000000000,126.000000000,0.0000,32.047643713,125.921962865,300.0000,-123.8120,99.923374,145.315135,-94.333615,200.000000,32.047669757,126.000000000,7668.7028,-180.0000,-117.501317,161.726688,-6.157821,200.000000,32.013771681,126.000000000,300.0000,-180.0000,-62.319706,85.775717,-169.584140,200.000000
590,59.0000,32.000000000,126.000000000,0.0000,32.047543352,125.921786925,300.0000,-123.8120,99.923917,145.314694,-94.333718,200.000000,32.047569511,126.000000000,7685.3202,-180.0000,-117.501311,161.726680,-6.158171,200.000000,32.013591326,126.000000000,300.0000,-180.0000,-62.319393,85.775285,-169.584474,200.000000
591,59.1000,32.000000000,126.000000000,0.0000,32.047442990,125.921610984,300.0000,-123.8120,99.924460,145.314254,-94.333822,200.000000,32.047469266,126.000000000,7701.9375,-180.0000,-117.501304,161.726671,-6.158521,200.000000,32.013410971,126.000000000,300.0000,-180.0000,-62.319079,85.774854,-169.584807,200.000000
592,59.2000,32.000000000,126.000000000,0.0000,32.047342628,125.921435044,300.0000,-123.8120,99.925003,145.313813,-94.333925,200.000000,32.047369021,126.000000000,7718.5549,-180.0000,-117.501298,161.726662,-6.158870,200.000000,32.013230615,126.000000000,300.0000,-180.0000,-62.318765,85.774422,-169.585141,200.000000
593,59.3000,32.000000000,126.000000000,0.0000,32.047242266,125.921259104,300.0000,-123.8120,99.925546,145.313373,-94.334029,200.000000,32.047268777,126.000000000,7735.1722,-180.0000,-117.501292,161.726654,-6.159220,200.000000,32.013050260,126.000000000,300.0000,-180.0000,-62.318451,85.773990,-169.585475,200.000000
594,59.4000,32.000000000,126.000000000,0.0000,32.047141905,125.921083165,300.0000,-123.8120,99.926090,145.312932,-94.334132,200.000000,32.047168533,126.000000000,7751.7896,-180.0000,-117.501285,161.726645,-6.159570,200.000000,32.012869905,126.000000000,300.0000,-180.0000,-62.318138,85.773558,-169.585809,200.000000
595,59.5000,32.000000000,126.000000000,0.0000,32.047041543,125.920907225,300.0000,-123.8120,99.926633,145.312491,-94.334235,200.000000,32.047068289,126.000000000,7768.4069,-180.0000,-117.501279,161.726636,-6.159920,200.000000,32.012689550,126.000000000,300.0000,-180.0000,-62.317824,85.773126,-169.586142,200.000000
596,59.6000,32.000000000,126.000000000,0.0000,32.046941181,125.920731286,300.0000,-123.8120,99.927176,145.312051,-94.334339,200.000000,32.046968045,126.000000000,7785.0243,-180.0000,-117.501273,161.726627,-6.160269,200.000000,32.012509195,126.000000000,300.0000,-180.0000,-62.317510,85.772694,-169.586476,200.000000
597,59.7000,32.000000000,126.000000000,0.0000,32.046840819,125.920555347,300.0000,-123.8120,99.927719,145.311610,-94.334442,200.000000,32.046867801,126.000000000,7801.6416,-180.0000,-117.501266,161.726619,-6.160619,200.000000,32.012328839,126.000000000,300.0000,-180.0000,-62.317196,85.772262,-169.586810,200.000000
598,59.8000,32.000000000,126.000000000,0.0000,32.046740458,125.920379408,300.0000,-123.8120,99.928262,145.311169,-94.334546,200.000000,32.046767558,126.000000000,7818.2590,-180.0000,-117.501260,161.726610,-6.160969,200.000000,32.012148484,126.000000000,300.0000,-180.0000,-62.316883,85.771830,-169.587144,200.000000
599,59.9000,32.000000000,126.000000000,0.0000,32.046640096,125.920203469,300.0000,-123.8120,99.928805,145.310729,-94.334649,200.000000,32.046667315,126.000000000,7834.8763,-180.0000,-117.501254,161.726601,-6.161319,200.000000,32.011968129,126.000000000,300.0000,-180.0000,-62.316569,85.771399,-169.587477,200.000000
600,60.0000,32.000000000,126.000000000,0.0000,32.046539734,125.920027531,300.0000,-123.8120,99.929348,145.310288,-94.334753,200.000000,32.046567072,126.000000000,7851.4937,-180.0000,-117.501247,161.726592,-6.161668,200.000000,32.011787774,126.000000000,300.0000,-180.0000,-62.316255,85.770967,-169.587811,200.000000
